著者名,所属1,所属2,所属3,所属4,タイトル,年度,学会名
Adimy Mostafa,University of Lyon,,,,免疫保持期間と拡散を考慮したある感染症モデルにおける進行波,2022,日本応用数理学会
Adimy Mostafa,University of Lyon,,,,免疫保持期間と拡散を考慮したある感染症モデルにおける進行波,2022,日本応用数理学会
Affeldt Reynald,產業技術綜合研究所,,,,An Approach to Formalize Information-theoretic Security of Multiparty Computation Protocols,2025,日本応用数理学会
Affeldt Reynald,產業技術綜合研究所,,,,An Approach to Formalize Information-theoretic Security of Multiparty Computation Protocols,2025,日本応用数理学会
Aida Safary,筑波大学,,,,David Huffman の楕円のパラメータ化された折り畳み状態形状モデリング,2024,日本応用数理学会
Aida Safary,筑波大学,,,,David Huffman の楕円のパラメータ化された折り畳み状態形状モデリング,2024,日本応用数理学会
Alexandersen Joe,University of Southern Denmark,,,,Large-scale level set-based topology optimization lattice structure using a PDE-filter,2022,日本応用数理学会
Alexandersen Joe,University of Southern Denmark,,,,Large-scale level set-based topology optimization lattice structure using a PDE-filter,2022,日本応用数理学会
Alexandru Tamasan,University of Central Florida,,,,境界積分によるドップラートモグラフィの数値計算,2024,日本応用数理学会
Alexandru Tamasan,University of Central Florida,,,,境界積分によるドップラートモグラフィの数値計算,2024,日本応用数理学会
Andi Han,理研革新知能統合研究センター,,,,Stiefel多様体上のランダム部分空間法,2024,日本応用数理学会
Andi Han,理研革新知能統合研究センター,,,,Stiefel多様体上のランダム部分空間法,2024,日本応用数理学会
Andres Mauricio Molina Barreto,慶応大学,,,,COVID-19の感染症流行に対する保険の設計について－Cramér-Lundbergモデルの適用,2024,日本応用数理学会
Andres Mauricio Molina Barreto,慶応大学,,,,COVID-19の感染症流行に対する保険の設計について－Cramér-Lundbergモデルの適用,2024,日本応用数理学会
Andres Mauricio Molina Barreto,慶応義塾大学経済学部,,,,アルキメデス・コピュラに基づく多変量CVaRについて,2024,日本応用数理学会
Andres Mauricio Molina Barreto,慶応義塾大学経済学部,,,,アルキメデス・コピュラに基づく多変量CVaRについて,2024,日本応用数理学会
Anh Khoa Augustin Lu,東京大学工学系,,,,モジュラリティ行列の固有値計算に基づいた次元削減手法とそのマテリアルズインフォマティクスへの応用,2024,日本応用数理学会
Anh Khoa Augustin Lu,東京大学工学系,,,,モジュラリティ行列の固有値計算に基づいた次元削減手法とそのマテリアルズインフォマティクスへの応用,2024,日本応用数理学会
Ayoub Hafid,東京大学,,,,関数値カーネルのToeplitz行列積による近似,2024,日本応用数理学会
Ayoub Hafid,東京大学,,,,関数値カーネルのToeplitz行列積による近似,2024,日本応用数理学会
Bao-Feng Feng,テキサス大学リオグランデバリー校,,,,多成分短パルス型方程式の可積分性を保つ離散化と数値計算,2024,日本応用数理学会
Bao-Feng Feng,テキサス大学リオグランデバリー校,,,,多成分短パルス型方程式の可積分性を保つ離散化と数値計算,2024,日本応用数理学会
Benlarbi-Delai Aziz,ソルボンヌ大学,,,,ベイズ推定を用いたHodgkin-Huxleyモデルによる高周波パワーアンプの非線形特性解析,2025,日本応用数理学会
Benlarbi-Delai Aziz,ソルボンヌ大学,,,,ベイズ推定を用いたHodgkin-Huxleyモデルによる高周波パワーアンプの非線形特性解析,2025,日本応用数理学会
Benlarbi-Delai Aziz,ソルボンヌ大学,,,,確率的Hodgkin–Huxleyモデルを用いたパワーアンプのメモリ効果の解析,2025,日本応用数理学会
Benlarbi-Delai Aziz,ソルボンヌ大学,,,,確率的Hodgkin–Huxleyモデルを用いたパワーアンプのメモリ効果の解析,2025,日本応用数理学会
Cai Shuting,Fujian Jiangxia University,,,,平行円板間の層流に対する精度保証付き数値計算,2025,日本応用数理学会
Cai Shuting,Fujian Jiangxia University,,,,平行円板間の層流に対する精度保証付き数値計算,2025,日本応用数理学会
Cakmakyapan Semih,UCLA,,,,カオス超越性を用いたレーザーカオスによるTHｚ波の出力,2025,日本応用数理学会
Cakmakyapan Semih,UCLA,,,,カオス超越性を用いたレーザーカオスによるTHｚ波の出力,2025,日本応用数理学会
Cakmakyapan Semih,UCLA,,,,レーザーカオスにおけるのモードの同時性,2021,日本応用数理学会
Cakmakyapan Semih,UCLA,,,,レーザーカオスにおけるのモードの同時性,2021,日本応用数理学会
Cakmakyapan Semih,UCLA,,,,光ビートの効率解析によるレーザーカオスにおけるモードの同時性の証明,2022,日本応用数理学会
Cakmakyapan Semih,UCLA,,,,光ビートの効率解析によるレーザーカオスにおけるモードの同時性の証明,2022,日本応用数理学会
Cantarella Jason,ジョージア大学,,,,高分子のファントムネットワークにおける架橋鎖揺らぎの普遍性と弾性率の微視的厳密解,2022,日本応用数理学会
Cantarella Jason,ジョージア大学,,,,高分子のファントムネットワークにおける架橋鎖揺らぎの普遍性と弾性率の微視的厳密解,2022,日本応用数理学会
Cesana Pierluigi,Kyushu University,,,,Mesoscale models for planar disclinations,2022,日本応用数理学会
Cesana Pierluigi,Kyushu University,,,,Mesoscale models for planar disclinations,2022,日本応用数理学会
Chak Wai Ho,Dept.of Mathematics,Univ.of California,Davis,,Monogenic Wavelet Scattering Network for Texture Image Classification,2022,日本応用数理学会
Chak Wai Ho,Dept.of Mathematics,Univ.of California,Davis,,Monogenic Wavelet Scattering Network for Texture Image Classification,2022,日本応用数理学会
Chang-Hong Wu,National Yang Ming Chiao Tung University,,,,Free boundary problems related to controlling invasive aline species,2022,日本応用数理学会
Chang-Hong Wu,National Yang Ming Chiao Tung University,,,,Free boundary problems related to controlling invasive aline species,2022,日本応用数理学会
Chang-Hong Wu,National Yang Ming Chiao Tung University,,,,遅延を含むFisher-KPP方程式のsemi-waveについて -数値計算の視点から-,2024,日本応用数理学会
Chang-Hong Wu,National Yang Ming Chiao Tung University,,,,遅延を含むFisher-KPP方程式のsemi-waveについて -数値計算の視点から-,2024,日本応用数理学会
Chekroun Abdennasser,University of Tlemcen,,,,免疫保持期間と拡散を考慮したある感染症モデルにおける進行波,2022,日本応用数理学会
Chekroun Abdennasser,University of Tlemcen,,,,免疫保持期間と拡散を考慮したある感染症モデルにおける進行波,2022,日本応用数理学会
Chen Muyan,筑波大学,,,,From 3D Model to 2D Manufacturable Design,2025,日本応用数理学会
Chen Muyan,筑波大学,,,,From 3D Model to 2D Manufacturable Design,2025,日本応用数理学会
Cho Joseph,Vienna Institute of Technology,,,,Darboux transformations and discretization of the mKdV equation,2021,日本応用数理学会
Cho Joseph,Vienna Institute of Technology,,,,Darboux transformations and discretization of the mKdV equation,2021,日本応用数理学会
Chutimantanon Prapapit,明治大学大学院 理工学研究科,,,,Using Coulomb energy to make uniform distribution points in the region enclosed by a Jordan curve.,2025,日本応用数理学会
Chutimantanon Prapapit,明治大学大学院 理工学研究科,,,,Using Coulomb energy to make uniform distribution points in the region enclosed by a Jordan curve.,2025,日本応用数理学会
Colm-cille Caulfield,University of Cambridge,,,,Navier–Stokes乱流の同期現象に対する力学系解析と機械学習応用,2025,日本応用数理学会
Colm-cille Caulfield,University of Cambridge,,,,Navier–Stokes乱流の同期現象に対する力学系解析と機械学習応用,2025,日本応用数理学会
Da-jun Zhang,上海大学,,,,Calogero-Bogoyavlenskii-Schiff方程式の楕円ソリトン解,2025,日本応用数理学会
Da-jun Zhang,上海大学,,,,Calogero-Bogoyavlenskii-Schiff方程式の楕円ソリトン解,2025,日本応用数理学会
Daniel Packwood,京都大学物質-細胞統合システム拠点,,,,データ科学・数理科学を活用する機能性分子の設計　再生医療への応用,2024,日本応用数理学会
Daniel Packwood,京都大学物質-細胞統合システム拠点,,,,データ科学・数理科学を活用する機能性分子の設計　再生医療への応用,2024,日本応用数理学会
David Omogbhe,University of Vienna,,,,境界積分によるドップラートモグラフィの数値計算,2024,日本応用数理学会
David Omogbhe,University of Vienna,,,,境界積分によるドップラートモグラフィの数値計算,2024,日本応用数理学会
Degond Pierre,Institut de Mathématiques de Toulouse,,,,Topological states and continuum model for swarmalators without force reciprocity,2022,日本応用数理学会
Degond Pierre,Institut de Mathématiques de Toulouse,,,,Topological states and continuum model for swarmalators without force reciprocity,2022,日本応用数理学会
Diago Luis,（株）インターローカス,明治大学,,,3次元細胞培養のためのタチ-三浦および野島多面体によるハニカム構造の構築,2025,日本応用数理学会
Diago Luis,（株）インターローカス,明治大学,,,3次元細胞培養のためのタチ-三浦および野島多面体によるハニカム構造の構築,2025,日本応用数理学会
Diago Luis,Meiji University,,,,切紙ロボット開発の一考察 (A consideration on development of Kirigami robot),2022,日本応用数理学会
Diago Luis,Meiji University,,,,切紙ロボット開発の一考察 (A consideration on development of Kirigami robot),2022,日本応用数理学会
Dieter Bothe,ダルムシュタット工科大学,,,,非線形修正された等高面方程式の数学解析,2024,日本応用数理学会
Dieter Bothe,ダルムシュタット工科大学,,,,非線形修正された等高面方程式の数学解析,2024,日本応用数理学会
Diez Antoine,Kyoto University,,,,Topological states and continuum model for swarmalators without force reciprocity,2022,日本応用数理学会
Diez Antoine,Kyoto University,,,,Topological states and continuum model for swarmalators without force reciprocity,2022,日本応用数理学会
Ding Xiaohua,ハルビン工業大学,,,,Stability analysis and optimal error estimation of local discontinuous Galerkin method for stochastic two-dimensional KdV equation,2025,日本応用数理学会
Ding Xiaohua,ハルビン工業大学,,,,Stability analysis and optimal error estimation of local discontinuous Galerkin method for stochastic two-dimensional KdV equation,2025,日本応用数理学会
Donggeon Kim,京都大学,,,,グラフ上で定義された蔵本モデルに対するフィードバック制御,2024,日本応用数理学会
Donggeon Kim,京都大学,,,,グラフ上で定義された蔵本モデルに対するフィードバック制御,2024,日本応用数理学会
Duligengaowa Wuergezhen,理化学研究所,,,,細胞周期と細胞外環境を制御する数値シミュレーションに基づく毛包形態形成の再現,2024,日本応用数理学会
Duligengaowa Wuergezhen,理化学研究所,,,,細胞周期と細胞外環境を制御する数値シミュレーションに基づく毛包形態形成の再現,2024,日本応用数理学会
EGIDE NTAKIRUTIMANA,Ehime University,,,,Kalman Filter Algorithm's role in SARIMAX model's MLE Optimization,2025,日本応用数理学会
EGIDE NTAKIRUTIMANA,Ehime University,,,,Kalman Filter Algorithm's role in SARIMAX model's MLE Optimization,2025,日本応用数理学会
Etienne Gauthier,パリ工科大学,,,,パーシステンス加群の区間代替,2024,日本応用数理学会
Etienne Gauthier,パリ工科大学,,,,パーシステンス加群の区間代替,2024,日本応用数理学会
Feifei Jing,西北工業大学,,,,2次元の拡散型Peterlin粘弾性問題に対する線形HDGスキーム,2024,日本応用数理学会
Feifei Jing,西北工業大学,,,,2次元の拡散型Peterlin粘弾性問題に対する線形HDGスキーム,2024,日本応用数理学会
FELICIANI CLAUDIO,東京大学,,,,重力モデルによる歩行者のOD交通量予測と測定誤差の影響,2022,日本応用数理学会
FELICIANI CLAUDIO,東京大学,,,,重力モデルによる歩行者のOD交通量予測と測定誤差の影響,2022,日本応用数理学会
Feng Bao-Feng,テキサス大学リオグランデバリー校,,,,多成分短パルス型方程式の可積分性を保つ全離散化,2025,日本応用数理学会
Feng Bao-Feng,テキサス大学リオグランデバリー校,,,,多成分短パルス型方程式の可積分性を保つ全離散化,2025,日本応用数理学会
Feng-Nan Hwang,National Central University,,,,[Keynote speaker] Understanding Nonlinear Preconditioning Techniques for Newton's Method from a Dynamical Systems Perspective,2025,日本応用数理学会
Feng-Nan Hwang,National Central University,,,,[Keynote speaker] Understanding Nonlinear Preconditioning Techniques for Newton's Method from a Dynamical Systems Perspective,2025,日本応用数理学会
Francesco Zanlungo,大阪国際工科専門職大学,,,,群集を表現する数理モデルとしての5近傍セルオートマトンについて,2024,日本応用数理学会
Francesco Zanlungo,大阪国際工科専門職大学,,,,群集を表現する数理モデルとしての5近傍セルオートマトンについて,2024,日本応用数理学会
Furuta Kozo,Kyoto University,,,,Body-fitted topology optimization: a novel framework for optimal design and thermal modelling of full-scale 3D natural convection problems,2021,日本応用数理学会
Furuta Kozo,Kyoto University,,,,Body-fitted topology optimization: a novel framework for optimal design and thermal modelling of full-scale 3D natural convection problems,2021,日本応用数理学会
Furuta Kozo,Kyoto University,,,,Large-scale level set-based topology optimization lattice structure using a PDE-filter,2022,日本応用数理学会
Furuta Kozo,Kyoto University,,,,Large-scale level set-based topology optimization lattice structure using a PDE-filter,2022,日本応用数理学会
Gaboriaud Julien,京都大学大学院情報学研究科,,,,-1 integrable systems and orthogonal polynomials,2022,日本応用数理学会
Gaboriaud Julien,京都大学大学院情報学研究科,,,,-1 integrable systems and orthogonal polynomials,2022,日本応用数理学会
GAO YUEYUAN,島根大学,,,,ベイズ推定を用いたHodgkin-Huxleyモデルによる高周波パワーアンプの非線形特性解析,2025,日本応用数理学会
GAO YUEYUAN,島根大学,,,,ベイズ推定を用いたHodgkin-Huxleyモデルによる高周波パワーアンプの非線形特性解析,2025,日本応用数理学会
GAO YUEYUAN,島根大学,,,,確率的Hodgkin–Huxleyモデルを用いたパワーアンプのメモリ効果の解析,2025,日本応用数理学会
GAO YUEYUAN,島根大学,,,,確率的Hodgkin–Huxleyモデルを用いたパワーアンプのメモリ効果の解析,2025,日本応用数理学会
Garrigue Jacques,名古屋大学,,,,An Approach to Formalize Information-theoretic Security of Multiparty Computation Protocols,2025,日本応用数理学会
Garrigue Jacques,名古屋大学,,,,An Approach to Formalize Information-theoretic Security of Multiparty Computation Protocols,2025,日本応用数理学会
ＧＥＲＲＡＲＤ ＡＬＬＡＮ ＪＯＨＮ,お茶の水女子大学理学部,,,,Nested Bethe ansatz for twisted Yangian open spin chains,2022,日本応用数理学会
ＧＥＲＲＡＲＤ ＡＬＬＡＮ ＪＯＨＮ,お茶の水女子大学理学部,,,,Nested Bethe ansatz for twisted Yangian open spin chains,2022,日本応用数理学会
GINDER Elliot,明治大学　総合数理学部　現象数理学科,,,,Surface PDE: mathematical modeling and numerical approximation,2021,日本応用数理学会
GINDER Elliot,明治大学　総合数理学部　現象数理学科,,,,Surface PDE: mathematical modeling and numerical approximation,2021,日本応用数理学会
GINDER Elliot,明治大学,,,,The multiphase surface-constrained level set method,2025,日本応用数理学会
GINDER Elliot,明治大学,,,,The multiphase surface-constrained level set method,2025,日本応用数理学会
Gobithaasan R.U.,マレーシア大学トレンガヌ校,,,,球面2次Bezier曲線のG2接続とその有理化,2021,日本応用数理学会
Gobithaasan R.U.,マレーシア大学トレンガヌ校,,,,球面2次Bezier曲線のG2接続とその有理化,2021,日本応用数理学会
Gobithaasan R.U.,University Malaysia Terengganu,,,,球面κ-曲線の初期値推定のための地図投影法の利用,2022,日本応用数理学会
Gobithaasan R.U.,University Malaysia Terengganu,,,,球面κ-曲線の初期値推定のための地図投影法の利用,2022,日本応用数理学会
Guanyu Zhou,電子科技大学,,,,2次元の拡散型Peterlin粘弾性問題に対する線形HDGスキーム,2024,日本応用数理学会
Guanyu Zhou,電子科技大学,,,,2次元の拡散型Peterlin粘弾性問題に対する線形HDGスキーム,2024,日本応用数理学会
Hachem Kadri,Aix-Marseille University,,,,関数値カーネルのToeplitz行列積による近似,2024,日本応用数理学会
Hachem Kadri,Aix-Marseille University,,,,関数値カーネルのToeplitz行列積による近似,2024,日本応用数理学会
Hamid Shafieasl,アザーバイジャン・シャヒッド・マダニ大学,,,,David Huffman の楕円のパラメータ化された折り畳み状態形状モデリング,2024,日本応用数理学会
Hamid Shafieasl,アザーバイジャン・シャヒッド・マダニ大学,,,,David Huffman の楕円のパラメータ化された折り畳み状態形状モデリング,2024,日本応用数理学会
Harald Garcke,University of Regensburg,,,,三重会合点を伴う多相Mullins-Sekerka問題に対する構造保存型パラメトリック有限要素スキーム,2024,日本応用数理学会
Harald Garcke,University of Regensburg,,,,三重会合点を伴う多相Mullins-Sekerka問題に対する構造保存型パラメトリック有限要素スキーム,2024,日本応用数理学会
Hexuan Liu,早稲田大学大学院基幹理工学研究科数学応用数理専攻,,,,Terminal planar networkの禁止部分グラフによる特徴付け,2024,日本応用数理学会
Hexuan Liu,早稲田大学大学院基幹理工学研究科数学応用数理専攻,,,,Terminal planar networkの禁止部分グラフによる特徴付け,2024,日本応用数理学会
Hirofumi NOTSU,Kanazawa University,,,,[Keynote speaker] Virtual physical reservoir computing with mathematical models,2025,日本応用数理学会
Hirofumi NOTSU,Kanazawa University,,,,[Keynote speaker] Virtual physical reservoir computing with mathematical models,2025,日本応用数理学会
Hydon Peter,University of Kent,,,,半離散力学系の連続対称性と保存則,2021,日本応用数理学会
Hydon Peter,University of Kent,,,,半離散力学系の連続対称性と保存則,2021,日本応用数理学会
Izui Kazuhiro,Kyoto University,,,,Body-fitted topology optimization: a novel framework for optimal design and thermal modelling of full-scale 3D natural convection problems,2021,日本応用数理学会
Izui Kazuhiro,Kyoto University,,,,Body-fitted topology optimization: a novel framework for optimal design and thermal modelling of full-scale 3D natural convection problems,2021,日本応用数理学会
Jackaman James,Norwegian University of Science and Technology,,,,Navier-Stokes方程式に対するPINNsの残差学習による事後誤差推定,2025,日本応用数理学会
Jackaman James,Norwegian University of Science and Technology,,,,Navier-Stokes方程式に対するPINNsの残差学習による事後誤差推定,2025,日本応用数理学会
Jarrahi Mona,UCLA,,,,カオス超越性を用いたレーザーカオスによるTHｚ波の出力,2025,日本応用数理学会
Jarrahi Mona,UCLA,,,,カオス超越性を用いたレーザーカオスによるTHｚ波の出力,2025,日本応用数理学会
Jarrahi Mona,UCLA,,,,レーザーカオスにおけるのモードの同時性,2021,日本応用数理学会
Jarrahi Mona,UCLA,,,,レーザーカオスにおけるのモードの同時性,2021,日本応用数理学会
Jarrahi Mona,UCLA,,,,光ビートの効率解析によるレーザーカオスにおけるモードの同時性の証明,2022,日本応用数理学会
Jarrahi Mona,UCLA,,,,光ビートの効率解析によるレーザーカオスにおけるモードの同時性の証明,2022,日本応用数理学会
Jean-Paul Rieu,リヨン第一大学,,,,細胞性粘菌の走気性の観察とモデル化,2024,日本応用数理学会
Jean-Paul Rieu,リヨン第一大学,,,,細胞性粘菌の走気性の観察とモデル化,2024,日本応用数理学会
JIA XIAOLU,東京大学先端科学技術研究センター,,,,重力モデルによる歩行者のOD交通量予測と測定誤差の影響,2022,日本応用数理学会
JIA XIAOLU,東京大学先端科学技術研究センター,,,,重力モデルによる歩行者のOD交通量予測と測定誤差の影響,2022,日本応用数理学会
Jianbo Lin,物質・材料研究機構,,,,モジュラリティ行列の固有値計算に基づいた次元削減手法とそのマテリアルズインフォマティクスへの応用,2024,日本応用数理学会
Jianbo Lin,物質・材料研究機構,,,,モジュラリティ行列の固有値計算に基づいた次元削減手法とそのマテリアルズインフォマティクスへの応用,2024,日本応用数理学会
Jingyan Hu,電子科技大学,,,,2次元の拡散型Peterlin粘弾性問題に対する線形HDGスキーム,2024,日本応用数理学会
Jingyan Hu,電子科技大学,,,,2次元の拡散型Peterlin粘弾性問題に対する線形HDGスキーム,2024,日本応用数理学会
Jizhou Li,理研iTHEMS,,,,結合エノン写像における一様双曲領域について,2024,日本応用数理学会
Jizhou Li,理研iTHEMS,,,,結合エノン写像における一様双曲領域について,2024,日本応用数理学会
Jo Hyungrok,横浜国立大学 先端科学高等研究院,,,,Triplet graphとsextet graphのエクスパンダー性について,2022,日本応用数理学会
Jo Hyungrok,横浜国立大学 先端科学高等研究院,,,,Triplet graphとsextet graphのエクスパンダー性について,2022,日本応用数理学会
John Lowengrub,University of California,Irvine,,,"From Solid Tumors to Liquid Condensates: A Phase-Field, Mechano-Chemical View",2025,日本応用数理学会
John Lowengrub,University of California,Irvine,,,"From Solid Tumors to Liquid Condensates: A Phase-Field, Mechano-Chemical View",2025,日本応用数理学会
Jolivet Pierre,Institut de Recherche en Informatique de Toulouse,,,,Body-fitted topology optimization: a novel framework for optimal design and thermal modelling of full-scale 3D natural convection problems,2021,日本応用数理学会
Jolivet Pierre,Institut de Recherche en Informatique de Toulouse,,,,Body-fitted topology optimization: a novel framework for optimal design and thermal modelling of full-scale 3D natural convection problems,2021,日本応用数理学会
Jolivet Pierre,Institut de Recherche en Informatique de Toulouse,,,,Large-scale level set-based topology optimization lattice structure using a PDE-filter,2022,日本応用数理学会
Jolivet Pierre,Institut de Recherche en Informatique de Toulouse,,,,Large-scale level set-based topology optimization lattice structure using a PDE-filter,2022,日本応用数理学会
Jun Mitani,筑波大学,,,,David Huffman の楕円のパラメータ化された折り畳み状態形状モデリング,2024,日本応用数理学会
Jun Mitani,筑波大学,,,,David Huffman の楕円のパラメータ化された折り畳み状態形状モデリング,2024,日本応用数理学会
Junkee Jeon,Kyung Hee University,,,,Stochastic Singular Control Problems in Utility Maximization,2025,日本応用数理学会
Junkee Jeon,Kyung Hee University,,,,Stochastic Singular Control Problems in Utility Maximization,2025,日本応用数理学会
Junyong Eom,北海道大学,,,,9-コンパートメントグルコース・インスリン体循環数理モデルのパラメータ推定及び関連する医学的知見の考察,2024,日本応用数理学会
Junyong Eom,北海道大学,,,,9-コンパートメントグルコース・インスリン体循環数理モデルのパラメータ推定及び関連する医学的知見の考察,2024,日本応用数理学会
Junyong Eom,北海道大学電子科学研究所,,,,９-コンパートメントグルコース・インスリン体循環数理モデルを用いた時系列マウスデータ解析,2024,日本応用数理学会
Junyong Eom,北海道大学電子科学研究所,,,,９-コンパートメントグルコース・インスリン体循環数理モデルを用いた時系列マウスデータ解析,2024,日本応用数理学会
Kamran Sadiq,RICAM,,,,境界積分によるドップラートモグラフィの数値計算,2024,日本応用数理学会
Kamran Sadiq,RICAM,,,,境界積分によるドップラートモグラフィの数値計算,2024,日本応用数理学会
Katerina Nik,Delft University of Technology,,,,フェイズフィールド法による外力項付き平均曲率流方程式の弱解の構成とその応用,2024,日本応用数理学会
Katerina Nik,Delft University of Technology,,,,フェイズフィールド法による外力項付き平均曲率流方程式の弱解の構成とその応用,2024,日本応用数理学会
Kazuhiro Izui,Kyoto University,,,,Large-scale level set-based topology optimization lattice structure using a PDE-filter,2022,日本応用数理学会
Kazuhiro Izui,Kyoto University,,,,Large-scale level set-based topology optimization lattice structure using a PDE-filter,2022,日本応用数理学会
Kevin Janes,University of Virginia,,,,"From Solid Tumors to Liquid Condensates: A Phase-Field, Mechano-Chemical View",2025,日本応用数理学会
Kevin Janes,University of Virginia,,,,"From Solid Tumors to Liquid Condensates: A Phase-Field, Mechano-Chemical View",2025,日本応用数理学会
Kharisma Putri,金沢大学,,,,1次元保存則のためのラグランジュ移動メッシュ法,2024,日本応用数理学会
Kharisma Putri,金沢大学,,,,1次元保存則のためのラグランジュ移動メッシュ法,2024,日本応用数理学会
KIM DONGGEON,京都大学,,,,一様グラフ上で定義されたランダムな自然振動数をもつ蔵本モデルのフィードバック制御,2025,日本応用数理学会
KIM DONGGEON,京都大学,,,,一様グラフ上で定義されたランダムな自然振動数をもつ蔵本モデルのフィードバック制御,2025,日本応用数理学会
Kolbe Niklas,RWTH Aachen University,,,,ラグランジュ移動メッシュ法,2025,日本応用数理学会
Kolbe Niklas,RWTH Aachen University,,,,ラグランジュ移動メッシュ法,2025,日本応用数理学会
Kondoh Tsuguo,Kyoto University,,,,Body-fitted topology optimization: a novel framework for optimal design and thermal modelling of full-scale 3D natural convection problems,2021,日本応用数理学会
Kondoh Tsuguo,Kyoto University,,,,Body-fitted topology optimization: a novel framework for optimal design and thermal modelling of full-scale 3D natural convection problems,2021,日本応用数理学会
Kondoh Tsuguo,Kyoto University,,,,Large-scale level set-based topology optimization lattice structure using a PDE-filter,2022,日本応用数理学会
Kondoh Tsuguo,Kyoto University,,,,Large-scale level set-based topology optimization lattice structure using a PDE-filter,2022,日本応用数理学会
LAI ANNING,大阪大学,,,,残差モデルによるFourier Neural Operatorの予測誤差修正に関する検討,2025,日本応用数理学会
LAI ANNING,大阪大学,,,,残差モデルによるFourier Neural Operatorの予測誤差修正に関する検討,2025,日本応用数理学会
Lee Yu Hsun,京大情報,,,,Numerical reliability of vortex filament evolution under the regularized Biot–Savart law,2021,日本応用数理学会
Lee Yu Hsun,京大情報,,,,Numerical reliability of vortex filament evolution under the regularized Biot–Savart law,2021,日本応用数理学会
Li Hao,Kyoto University,,,,Body-fitted topology optimization: a novel framework for optimal design and thermal modelling of full-scale 3D natural convection problems,2021,日本応用数理学会
Li Hao,Kyoto University,,,,Body-fitted topology optimization: a novel framework for optimal design and thermal modelling of full-scale 3D natural convection problems,2021,日本応用数理学会
Li Hengguang,Wayne State University,,,,3次元Poisson方程式の境界値問題のための有限要素法におけるメッシュ分割,2025,日本応用数理学会
Li Hengguang,Wayne State University,,,,3次元Poisson方程式の境界値問題のための有限要素法におけるメッシュ分割,2025,日本応用数理学会
LIAO Zeyu,総合研究大学院大学 複合科学研究科 情報学専攻,,,,Analysis of the stabilized GMRES method,2021,日本応用数理学会
LIAO Zeyu,総合研究大学院大学 複合科学研究科 情報学専攻,,,,Analysis of the stabilized GMRES method,2021,日本応用数理学会
Liu Xuewei,名古屋大学,,,,Stability analysis and optimal error estimation of local discontinuous Galerkin method for stochastic two-dimensional KdV equation,2025,日本応用数理学会
Liu Xuewei,名古屋大学,,,,Stability analysis and optimal error estimation of local discontinuous Galerkin method for stochastic two-dimensional KdV equation,2025,日本応用数理学会
Loling Othman Nuha,大阪大学,,,,GADD-MTK1の数理モデリングとシミュレーション,2025,日本応用数理学会
Loling Othman Nuha,大阪大学,,,,GADD-MTK1の数理モデリングとシミュレーション,2025,日本応用数理学会
Lorenzo Cavallina,東北大学,,,,Sinkhorn MDSによる形状汎関数の可視化,2024,日本応用数理学会
Lorenzo Cavallina,東北大学,,,,Sinkhorn MDSによる形状汎関数の可視化,2024,日本応用数理学会
Lorenzo Cavallina,東北大学,,,,正則化を伴う形状流の局所適切性,2024,日本応用数理学会
Lorenzo Cavallina,東北大学,,,,正則化を伴う形状流の局所適切性,2024,日本応用数理学会
Luc Vinet,Institut de valorisation des données (IVADO),,,,2変数dual-Hahn多項式に付随するスピン鎖模型における量子状態転送の解析,2022,日本応用数理学会
Luc Vinet,Institut de valorisation des données (IVADO),,,,2変数dual-Hahn多項式に付随するスピン鎖模型における量子状態転送の解析,2022,日本応用数理学会
Luis Diago,（株,,,,扇のアプリの開発,2024,日本応用数理学会
Luis Diago,（株,,,,扇のアプリの開発,2024,日本応用数理学会
Lyons Terry,Oxford University,,,,最適化を用いないカーネル求積公式の構成法,2022,日本応用数理学会
Lyons Terry,Oxford University,,,,最適化を用いないカーネル求積公式の構成法,2022,日本応用数理学会
MacKay Niall,University of York,,,,Nested Bethe ansatz for twisted Yangian open spin chains,2022,日本応用数理学会
MacKay Niall,University of York,,,,Nested Bethe ansatz for twisted Yangian open spin chains,2022,日本応用数理学会
Mahmoudi Sonia,Tohoku University,,,,Doubly Periodic Weaves & Polycatenanes,2022,日本応用数理学会
Mahmoudi Sonia,Tohoku University,,,,Doubly Periodic Weaves & Polycatenanes,2022,日本応用数理学会
Mahmoudi Sonia,Tohoku University,,,,"Introduction to the Definition, Construction and Classification of Weaves",2021,日本応用数理学会
Mahmoudi Sonia,Tohoku University,,,,"Introduction to the Definition, Construction and Classification of Weaves",2021,日本応用数理学会
Marie Wintzer,理研CSRS,,,,電極触媒の劣化速度に関する力学系モデルの構築,2024,日本応用数理学会
Marie Wintzer,理研CSRS,,,,電極触媒の劣化速度に関する力学系モデルの構築,2024,日本応用数理学会
Mathis Fricke,ダルムシュタット工科大学,,,,非線形修正された等高面方程式の数学解析,2024,日本応用数理学会
Mathis Fricke,ダルムシュタット工科大学,,,,非線形修正された等高面方程式の数学解析,2024,日本応用数理学会
Mawardi Bahri,Hasanuddin University,,,,分数冪フーリエ変換に関する不確定性原理,2022,日本応用数理学会
Mawardi Bahri,Hasanuddin University,,,,分数冪フーリエ変換に関する不確定性原理,2022,日本応用数理学会
Md Yushalify Misro,マレーシア科学大学,,,,テオドロスの螺旋の拡張,2024,日本応用数理学会
Md Yushalify Misro,マレーシア科学大学,,,,テオドロスの螺旋の拡張,2024,日本応用数理学会
Meehan Killian,京都大学,,,,Topological Node2vec via Optimal Transport,2022,日本応用数理学会
Meehan Killian,京都大学,,,,Topological Node2vec via Optimal Transport,2022,日本応用数理学会
Miao Shu-Xin,西北師範大学,名古屋大学,,,Design and analysis of a predefined-time zeroing neural network model for solving the Stein tensor equation,2025,日本応用数理学会
Miao Shu-Xin,西北師範大学,名古屋大学,,,Design and analysis of a predefined-time zeroing neural network model for solving the Stein tensor equation,2025,日本応用数理学会
Michał Łasica,ポーランド科学アカデミー,,,,４階全変動流方程式の解の挙動について,2024,日本応用数理学会
Michał Łasica,ポーランド科学アカデミー,,,,４階全変動流方程式の解の挙動について,2024,日本応用数理学会
Min-Jhe Lu,National Tsing Hua University,,,,"From Solid Tumors to Liquid Condensates: A Phase-Field, Mechano-Chemical View",2025,日本応用数理学会
Min-Jhe Lu,National Tsing Hua University,,,,"From Solid Tumors to Liquid Condensates: A Phase-Field, Mechano-Chemical View",2025,日本応用数理学会
MingCheng Shiue,TWSIAM,,,,Long-time stability of time stepping schemes for the incompressible flow,2025,日本応用数理学会
MingCheng Shiue,TWSIAM,,,,Long-time stability of time stepping schemes for the incompressible flow,2025,日本応用数理学会
Misro Md Yushalify,University Science Malaysia,,,,球面κ-曲線の初期値推定のための地図投影法の利用,2022,日本応用数理学会
Misro Md Yushalify,University Science Malaysia,,,,球面κ-曲線の初期値推定のための地図投影法の利用,2022,日本応用数理学会
Mitani Jun,筑波大学,,,,概念設計およびプロトタイプ建築設計における 3D 曲線折り紙形状のパラメトリック設計ツール,2025,日本応用数理学会
Mitani Jun,筑波大学,,,,概念設計およびプロトタイプ建築設計における 3D 曲線折り紙形状のパラメトリック設計ツール,2025,日本応用数理学会
Morales-Ruiz Juan,Technical University of Madrid,,,,Semiclassical Quantification of Some Two Degrees of Freedom Potentials: a Differential Galois Approach,2022,日本応用数理学会
Morales-Ruiz Juan,Technical University of Madrid,,,,Semiclassical Quantification of Some Two Degrees of Freedom Potentials: a Differential Galois Approach,2022,日本応用数理学会
MOREAU CLEMENT,Kyoto University,,,,Influence of fast-timescale motion on the trajectories of low-Reynolds number swimmers,2022,日本応用数理学会
MOREAU CLEMENT,Kyoto University,,,,Influence of fast-timescale motion on the trajectories of low-Reynolds number swimmers,2022,日本応用数理学会
Moriizumi Hisashi,The University of Tokyo,Cambridge University,,,GADD-MTK1の数理モデリングとシミュレーション,2025,日本応用数理学会
Moriizumi Hisashi,The University of Tokyo,Cambridge University,,,GADD-MTK1の数理モデリングとシミュレーション,2025,日本応用数理学会
Myungjoo Kang,Seoul National University,,,,[Keynote speaker] Surface Reconstruction from Point Clouds,2025,日本応用数理学会
Myungjoo Kang,Seoul National University,,,,[Keynote speaker] Surface Reconstruction from Point Clouds,2025,日本応用数理学会
Nasser Ghazi,リヨン第一大学,,,,細胞性粘菌の走気性の観察とモデル化,2024,日本応用数理学会
Nasser Ghazi,リヨン第一大学,,,,細胞性粘菌の走気性の観察とモデル化,2024,日本応用数理学会
Niklas Kolbe,アーヘン工科大学,,,,1次元保存則のためのラグランジュ移動メッシュ法,2024,日本応用数理学会
Niklas Kolbe,アーヘン工科大学,,,,1次元保存則のためのラグランジュ移動メッシュ法,2024,日本応用数理学会
Nishiwaki Shinji,Kyoto University,,,,Body-fitted topology optimization: a novel framework for optimal design and thermal modelling of full-scale 3D natural convection problems,2021,日本応用数理学会
Nishiwaki Shinji,Kyoto University,,,,Body-fitted topology optimization: a novel framework for optimal design and thermal modelling of full-scale 3D natural convection problems,2021,日本応用数理学会
Nishiwaki Shinji,Kyoto University,,,,Large-scale level set-based topology optimization lattice structure using a PDE-filter,2022,日本応用数理学会
Nishiwaki Shinji,Kyoto University,,,,Large-scale level set-based topology optimization lattice structure using a PDE-filter,2022,日本応用数理学会
Notsu Hirofumi,Kanazawa University,,,,Parameter identification in elliptic PDEs using coupled complex boundary method with Tikhonov regularization,2025,日本応用数理学会
Notsu Hirofumi,Kanazawa University,,,,Parameter identification in elliptic PDEs using coupled complex boundary method with Tikhonov regularization,2025,日本応用数理学会
Nurwahid Arif,愛媛大学大学院 理工学研究科,,,,Penalized GSTAR Models for Indonesian Rainfall Forecasting,2025,日本応用数理学会
Nurwahid Arif,愛媛大学大学院 理工学研究科,,,,Penalized GSTAR Models for Indonesian Rainfall Forecasting,2025,日本応用数理学会
Oberhauser Harald,Oxford University,,,,最適化を用いないカーネル求積公式の構成法,2022,日本応用数理学会
Oberhauser Harald,Oxford University,,,,最適化を用いないカーネル求積公式の構成法,2022,日本応用数理学会
Pamela Higa Miyashiro,筑波大学,,,,3Dプリントによる折り畳み式双安定性折り紙構造体の制作,2024,日本応用数理学会
Pamela Higa Miyashiro,筑波大学,,,,3Dプリントによる折り畳み式双安定性折り紙構造体の制作,2024,日本応用数理学会
Pierre Jolivet,CNRS,,,,FreeFEM with PETSc: 簡単で効率的な大規模有限要素シミュレーション,2024,日本応用数理学会
Pierre Jolivet,CNRS,,,,FreeFEM with PETSc: 簡単で効率的な大規模有限要素シミュレーション,2024,日本応用数理学会
Pierre-Louis Poirion,理研革新知能統合研究センター,,,,Stiefel多様体上のランダム部分空間法,2024,日本応用数理学会
Pierre-Louis Poirion,理研革新知能統合研究センター,,,,Stiefel多様体上のランダム部分空間法,2024,日本応用数理学会
Prapapit Chutimantanon,明治大学大学院理工学研究科,,,,点を一様に分布させる方法について,2024,日本応用数理学会
Prapapit Chutimantanon,明治大学大学院理工学研究科,,,,点を一様に分布させる方法について,2024,日本応用数理学会
Pulak Giri,株式会社KDDI総合研究所,,,,Lackadaisical quantum walkを用いたlong edgesを持った2次元格子における頂点探索,2024,日本応用数理学会
Pulak Giri,株式会社KDDI総合研究所,,,,Lackadaisical quantum walkを用いたlong edgesを持った2次元格子における頂点探索,2024,日本応用数理学会
Putri Kharisma Surya,金沢大学,,,,ラグランジュ移動メッシュ法,2025,日本応用数理学会
Putri Kharisma Surya,金沢大学,,,,ラグランジュ移動メッシュ法,2025,日本応用数理学会
Qi Wang,電子科技大学,,,,2次元の拡散型Peterlin粘弾性問題に対する線形HDGスキーム,2024,日本応用数理学会
Qi Wang,電子科技大学,,,,2次元の拡散型Peterlin粘弾性問題に対する線形HDGスキーム,2024,日本応用数理学会
R.U. Gobithaasan,マレーシア科学大学,,,,テオドロスの螺旋の拡張,2024,日本応用数理学会
R.U. Gobithaasan,マレーシア科学大学,,,,テオドロスの螺旋の拡張,2024,日本応用数理学会
Rabago Julius Fergy,金沢大学,,,,Comoving mesh method:移動境界問題に対する汎用型有限要素法,2021,日本応用数理学会
Rabago Julius Fergy,金沢大学,,,,Comoving mesh method:移動境界問題に対する汎用型有限要素法,2021,日本応用数理学会
Rabago Julius Fergy,Kanazawa University,,,,Quasi-stationary Stefan-type scheme for solving shape identification problems,2021,日本応用数理学会
Rabago Julius Fergy,Kanazawa University,,,,Quasi-stationary Stefan-type scheme for solving shape identification problems,2021,日本応用数理学会
Rabago Julius Fergy Tiongson,Kanazawa University,,,,Parameter identification in elliptic PDEs using coupled complex boundary method with Tikhonov regularization,2025,日本応用数理学会
Rabago Julius Fergy Tiongson,Kanazawa University,,,,Parameter identification in elliptic PDEs using coupled complex boundary method with Tikhonov regularization,2025,日本応用数理学会
Regelskis Vidas,University of Hertfordshire,Vilnius University,,,Nested Bethe ansatz for twisted Yangian open spin chains,2022,日本応用数理学会
Regelskis Vidas,University of Hertfordshire,Vilnius University,,,Nested Bethe ansatz for twisted Yangian open spin chains,2022,日本応用数理学会
Robert Nüenberg,University of Trento,,,,三重会合点を伴う多相Mullins-Sekerka問題に対する構造保存型パラメトリック有限要素スキーム,2024,日本応用数理学会
Robert Nüenberg,University of Trento,,,,三重会合点を伴う多相Mullins-Sekerka問題に対する構造保存型パラメトリック有限要素スキーム,2024,日本応用数理学会
Romain Mesnil,国立土木学校,,,,等角写像を利用した複層オーゼティック構造のボルト接合設計,2024,日本応用数理学会
Romain Mesnil,国立土木学校,,,,等角写像を利用した複層オーゼティック構造のボルト接合設計,2024,日本応用数理学会
Rupp Fabian,University of Vienna,,,,無限に長い曲線を短くする,2025,日本応用数理学会
Rupp Fabian,University of Vienna,,,,無限に長い曲線を短くする,2025,日本応用数理学会
Sadeghi Amir,Islamic Azad University,,,,Norm bounds on the complimentary error matrix function,2025,日本応用数理学会
Sadeghi Amir,Islamic Azad University,,,,Norm bounds on the complimentary error matrix function,2025,日本応用数理学会
SAFARY Aida,筑波大学,,,,概念設計およびプロトタイプ建築設計における 3D 曲線折り紙形状のパラメトリック設計ツール,2025,日本応用数理学会
SAFARY Aida,筑波大学,,,,概念設計およびプロトタイプ建築設計における 3D 曲線折り紙形状のパラメトリック設計ツール,2025,日本応用数理学会
Samuli Siltanen,ヘルシンキ大学,,,,囲い込みニューラルネットワークによる内部包含物の同定と数値実験,2024,日本応用数理学会
Samuli Siltanen,ヘルシンキ大学,,,,囲い込みニューラルネットワークによる内部包含物の同定と数値実験,2024,日本応用数理学会
Sarah Groves,University of Virginia,,,,"From Solid Tumors to Liquid Condensates: A Phase-Field, Mechano-Chemical View",2025,日本応用数理学会
Sarah Groves,University of Virginia,,,,"From Solid Tumors to Liquid Condensates: A Phase-Field, Mechano-Chemical View",2025,日本応用数理学会
Sayahdin Alfat,金沢大学大学院自然科学研究科,,,,乾燥破壊現象のフェーズ・フィールド・モデルとエネルギー散逸等式,2022,日本応用数理学会
Sayahdin Alfat,金沢大学大学院自然科学研究科,,,,乾燥破壊現象のフェーズ・フィールド・モデルとエネルギー散逸等式,2022,日本応用数理学会
Schenz Daniel,神戸大学,,,,線路ネットワークの一方向性とその幾何学的ルール,2025,日本応用数理学会
Schenz Daniel,神戸大学,,,,線路ネットワークの一方向性とその幾何学的ルール,2025,日本応用数理学会
Schief Wolfgang,ニューサウスウェールズ大学,,,,相似幾何における相似捩率一定空間曲線の可積分変形の生成する曲面,2022,日本応用数理学会
Schief Wolfgang,ニューサウスウェールズ大学,,,,相似幾何における相似捩率一定空間曲線の可積分変形の生成する曲面,2022,日本応用数理学会
Schief Wolfgang,University of New South Wales,,,,相似幾何によるS字型離散対数型美的曲線の生成法,2021,日本応用数理学会
Schief Wolfgang,University of New South Wales,,,,相似幾何によるS字型離散対数型美的曲線の生成法,2021,日本応用数理学会
Schief Wolfgang,ニューサウスウェールズ大学,,,,相似幾何学における空間曲線の時間発展に現れるsine-Gordon方程式,2021,日本応用数理学会
Schief Wolfgang,ニューサウスウェールズ大学,,,,相似幾何学における空間曲線の時間発展に現れるsine-Gordon方程式,2021,日本応用数理学会
Scholz Felix,Johannes Kepler University,,,,自由曲面の区分可展面近似,2022,日本応用数理学会
Scholz Felix,Johannes Kepler University,,,,自由曲面の区分可展面近似,2022,日本応用数理学会
Shangshuai Li,上海大学,,,,Calogero-Bogoyavlenskii-Schiff方程式の楕円ソリトン解,2025,日本応用数理学会
Shangshuai Li,上海大学,,,,Calogero-Bogoyavlenskii-Schiff方程式の楕円ソリトン解,2025,日本応用数理学会
Shonkwiler Clayton,コロラド州立大学,,,,高分子のファントムネットワークにおける架橋鎖揺らぎの普遍性と弾性率の微視的厳密解,2022,日本応用数理学会
Shonkwiler Clayton,コロラド州立大学,,,,高分子のファントムネットワークにおける架橋鎖揺らぎの普遍性と弾性率の微視的厳密解,2022,日本応用数理学会
Siltanen Samuli,ヘルシンキ大学,,,,電気インピーダンストモグラフィ問題の計測データを用いた囲い込みニューラ ルネットワークの適用,2025,日本応用数理学会
Siltanen Samuli,ヘルシンキ大学,,,,電気インピーダンストモグラフィ問題の計測データを用いた囲い込みニューラ ルネットワークの適用,2025,日本応用数理学会
Simon James,Deakin University,,,,包除積分ニューラルネットワークへの単調正則化項の導入,2024,日本応用数理学会
Simon James,Deakin University,,,,包除積分ニューラルネットワークへの単調正則化項の導入,2024,日本応用数理学会
Simon John Sebastian,Kanazawa University,,,,A convective boundary condition for the incompressible Navier—Stokes equations.,2021,日本応用数理学会
Simon John Sebastian,Kanazawa University,,,,A convective boundary condition for the incompressible Navier—Stokes equations.,2021,日本応用数理学会
Simone Fiori,Marche Polytechnic University,,,,オイラー・ポアンカレリダクションによるunderwater vehicleダイナミクスの定式化,2024,日本応用数理学会
Simone Fiori,Marche Polytechnic University,,,,オイラー・ポアンカレリダクションによるunderwater vehicleダイナミクスの定式化,2024,日本応用数理学会
Steeve Gréaux,愛媛大学,,,,波動方程式の逆散乱による超音波物質同定問題の基礎研究,2024,日本応用数理学会
Steeve Gréaux,愛媛大学,,,,波動方程式の逆散乱による超音波物質同定問題の基礎研究,2024,日本応用数理学会
Taoyang Wu,University of East Anglia,,,,Terminal planar networkの禁止部分グラフによる特徴付け,2024,日本応用数理学会
Taoyang Wu,University of East Anglia,,,,Terminal planar networkの禁止部分グラフによる特徴付け,2024,日本応用数理学会
Tezduyar Tayfun,Rice University,,,,Isogeometric離散化に基づく面垂直応力を考慮したKirchhoff--Loveシェル定式化 -平面応力シェルとの比較・検討-,2021,日本応用数理学会
Tezduyar Tayfun,Rice University,,,,Isogeometric離散化に基づく面垂直応力を考慮したKirchhoff--Loveシェル定式化 -平面応力シェルとの比較・検討-,2021,日本応用数理学会
Thomas de Jong,金沢大学,,,,リザバーコンピューティングのシミュレーショ:数値スキームとハードウェアの最適化,2024,日本応用数理学会
Thomas de Jong,金沢大学,,,,リザバーコンピューティングのシミュレーショ:数値スキームとハードウェアの最適化,2024,日本応用数理学会
Toshihiro Yamada,Hitotsubashi University,,,,Generating rough paths and simulating diffusions: algorithms and machine learning implementations,2025,日本応用数理学会
Toshihiro Yamada,Hitotsubashi University,,,,Generating rough paths and simulating diffusions: algorithms and machine learning implementations,2025,日本応用数理学会
Tsai Yen-Hsi Richard,The University of Texas at Austin,,,,クリスタライン曲率流によるスパイラル成長の一般化された等高線法を用いた最適化運動アルゴリズム,2025,日本応用数理学会
Tsai Yen-Hsi Richard,The University of Texas at Austin,,,,クリスタライン曲率流によるスパイラル成長の一般化された等高線法を用いた最適化運動アルゴリズム,2025,日本応用数理学会
Tuan Nguyen,FPT Consulting Japan,,,,On differential-equation-based-neural-networks on manifolds,2024,日本応用数理学会
Tuan Nguyen,FPT Consulting Japan,,,,On differential-equation-based-neural-networks on manifolds,2024,日本応用数理学会
Vadès Antoine,慶應義塾大学,,,,Global convergence of a Newton-type proximal gradient method for multi-objective optimization with composite D.C. functions,2022,日本応用数理学会
Vadès Antoine,慶應義塾大学,,,,Global convergence of a Newton-type proximal gradient method for multi-objective optimization with composite D.C. functions,2022,日本応用数理学会
Vinet Luc,IVADO ＆ モントリオール大学,,,,メタ代数と双直交有理関数 - Hahn Case,2024,日本応用数理学会
Vinet Luc,IVADO ＆ モントリオール大学,,,,メタ代数と双直交有理関数 - Hahn Case,2024,日本応用数理学会
Vinet Luc,Université de Montréal,,,,例外型直交多項式に付随するグラフ上の量子ウォーク,2021,日本応用数理学会
Vinet Luc,Université de Montréal,,,,例外型直交多項式に付随するグラフ上の量子ウォーク,2021,日本応用数理学会
Wahlstr¨om Magnus,University of London,,,,Faster algorithms on linear delta-matroids,2025,日本応用数理学会
Wahlstr¨om Magnus,University of London,,,,Faster algorithms on linear delta-matroids,2025,日本応用数理学会
Walczak Adam,Imperial College London,,,,Topological states and continuum model for swarmalators without force reciprocity,2022,日本応用数理学会
Walczak Adam,Imperial College London,,,,Topological states and continuum model for swarmalators without force reciprocity,2022,日本応用数理学会
Wang Siqi,ソルボンヌ大学,,,,ベイズ推定を用いたHodgkin-Huxleyモデルによる高周波パワーアンプの非線形特性解析,2025,日本応用数理学会
Wang Siqi,ソルボンヌ大学,,,,ベイズ推定を用いたHodgkin-Huxleyモデルによる高周波パワーアンプの非線形特性解析,2025,日本応用数理学会
Wang Siqi,ソルボンヌ大学,,,,確率的Hodgkin–Huxleyモデルを用いたパワーアンプのメモリ効果の解析,2025,日本応用数理学会
Wang Siqi,ソルボンヌ大学,,,,確率的Hodgkin–Huxleyモデルを用いたパワーアンプのメモリ効果の解析,2025,日本応用数理学会
Wang Ze,名古屋大学,同済大学,,,Extended sparse Kaczmarz method with surrogate hyperplane for sparse solutions to inconsistent linear systems,2025,日本応用数理学会
Wang Ze,名古屋大学,同済大学,,,Extended sparse Kaczmarz method with surrogate hyperplane for sparse solutions to inconsistent linear systems,2025,日本応用数理学会
Weng Cheng Hui,名古屋大学,,,,An Approach to Formalize Information-theoretic Security of Multiparty Computation Protocols,2025,日本応用数理学会
Weng Cheng Hui,名古屋大学,,,,An Approach to Formalize Information-theoretic Security of Multiparty Computation Protocols,2025,日本応用数理学会
Wichlacz Léo,東京大学,,,,Exploration of the mountain-valley assignments of rigid origami tessellations,2025,日本応用数理学会
Wichlacz Léo,東京大学,,,,Exploration of the mountain-valley assignments of rigid origami tessellations,2025,日本応用数理学会
Wuergezhen Duligengaowa,理化学研究所生命機能科学研究センター,,,,2次元シートから3次元円筒構造へ至る皮膚付属器の形態形成を再現する数理モデル,2025,日本応用数理学会
Wuergezhen Duligengaowa,理化学研究所生命機能科学研究センター,,,,2次元シートから3次元円筒構造へ至る皮膚付属器の形態形成を再現する数理モデル,2025,日本応用数理学会
XIANG ZIHAO,東京工業大学　工学院　経営工学系,,,,An Exact Penalty Proximal DC Method for Rank Constrained Quadratic Semidefinite Programming,2022,日本応用数理学会
XIANG ZIHAO,東京工業大学　工学院　経営工学系,,,,An Exact Penalty Proximal DC Method for Rank Constrained Quadratic Semidefinite Programming,2022,日本応用数理学会
Xiaolu JIA,東京大学 先端科学技術研究センター,,,,大規模イベント会場における規制退場の最適化,2022,日本応用数理学会
Xiaolu JIA,東京大学 先端科学技術研究センター,,,,大規模イベント会場における規制退場の最適化,2022,日本応用数理学会
XU CHENJIAN,早稲田大学,,,,Rigorous Enclosure of ODE Solutions Using Neural Operator-Based Sub- and Super-Solution,2025,日本応用数理学会
XU CHENJIAN,早稲田大学,,,,Rigorous Enclosure of ODE Solutions Using Neural Operator-Based Sub- and Super-Solution,2025,日本応用数理学会
Yamada Takayuki,The University of Tokyo,,,,Body-fitted topology optimization: a novel framework for optimal design and thermal modelling of full-scale 3D natural convection problems,2021,日本応用数理学会
Yamada Takayuki,The University of Tokyo,,,,Body-fitted topology optimization: a novel framework for optimal design and thermal modelling of full-scale 3D natural convection problems,2021,日本応用数理学会
Yan Jun-Juh,台湾国立勤益科技大学,,,,整数化した4次元Lorenz-Stenflo方程式の出力値系列に関する乱数性の調査,2025,日本応用数理学会
Yan Jun-Juh,台湾国立勤益科技大学,,,,整数化した4次元Lorenz-Stenflo方程式の出力値系列に関する乱数性の調査,2025,日本応用数理学会
Yan Jun-Juh,国立勤益科技大学,,,,整数化した4次元Lorenz-Stenflo方程式を用いた擬似乱数ビット列共有手法における同期に関する一考察,2025,日本応用数理学会
Yan Jun-Juh,国立勤益科技大学,,,,整数化した4次元Lorenz-Stenflo方程式を用いた擬似乱数ビット列共有手法における同期に関する一考察,2025,日本応用数理学会
Yanbo Yang,法政大学大学院総合理工学インスティテュート,,,,混合LSTMニューラルネットワークを用いた日経225の予測,2024,日本応用数理学会
Yanbo Yang,法政大学大学院総合理工学インスティテュート,,,,混合LSTMニューラルネットワークを用いた日経225の予測,2024,日本応用数理学会
Ye Mingquan,NII,,,,二部比に対するO(log n)近似アルゴリズム,2025,日本応用数理学会
Ye Mingquan,NII,,,,二部比に対するO(log n)近似アルゴリズム,2025,日本応用数理学会
Ye Yuxin,名古屋大学,同済大学,,,Extended sparse Kaczmarz method with surrogate hyperplane for sparse solutions to inconsistent linear systems,2025,日本応用数理学会
Ye Yuxin,名古屋大学,同済大学,,,Extended sparse Kaczmarz method with surrogate hyperplane for sparse solutions to inconsistent linear systems,2025,日本応用数理学会
YEANG MAKARA,神戸大学,,,,無限次元ハミルトン系を学習するための近似的なシンプレクティックニューラル作用素,2025,日本応用数理学会
YEANG MAKARA,神戸大学,,,,無限次元ハミルトン系を学習するための近似的なシンプレクティックニューラル作用素,2025,日本応用数理学会
Yi Cui,名古屋大学,,,,FreeFEMを用いたレベルセット法に基づくトポロジー最適化,2024,日本応用数理学会
Yi Cui,名古屋大学,,,,FreeFEMを用いたレベルセット法に基づくトポロジー最適化,2024,日本応用数理学会
YIN Jun-Feng,School of Mathematical Sciences,Tongji University,,,Analysis of the stabilized GMRES method,2021,日本応用数理学会
YIN Jun-Feng,School of Mathematical Sciences,Tongji University,,,Analysis of the stabilized GMRES method,2021,日本応用数理学会
Yin Junfeng,同済大学,,,,Extended sparse Kaczmarz method with surrogate hyperplane for sparse solutions to inconsistent linear systems,2025,日本応用数理学会
Yin Junfeng,同済大学,,,,Extended sparse Kaczmarz method with surrogate hyperplane for sparse solutions to inconsistent linear systems,2025,日本応用数理学会
Yo Yo,明治大学,,,,折畳めるお洒落な作業ヘルメットの開発,2024,日本応用数理学会
Yo Yo,明治大学,,,,折畳めるお洒落な作業ヘルメットの開発,2024,日本応用数理学会
Yong-Jie Syu,National Yang Ming Chiao Tung University,,,,遅延を含むFisher-KPP方程式のsemi-waveについて -数値計算の視点から-,2024,日本応用数理学会
Yong-Jie Syu,National Yang Ming Chiao Tung University,,,,遅延を含むFisher-KPP方程式のsemi-waveについて -数値計算の視点から-,2024,日本応用数理学会
Yoonsuk Hyun,Inha University,,,,Multimodal Mathematical Reasoning with Large Language Model,2025,日本応用数理学会
Yoonsuk Hyun,Inha University,,,,Multimodal Mathematical Reasoning with Large Language Model,2025,日本応用数理学会
Yu Guowei,Nankai University,,,,平面Sitnikov問題におけるヘテロクリニック軌道の変分的構成,2025,日本応用数理学会
Yu Guowei,Nankai University,,,,平面Sitnikov問題におけるヘテロクリニック軌道の変分的構成,2025,日本応用数理学会
Yu Minghao,China Academy of Engineering Physics,,,,Large-scale level set-based topology optimization lattice structure using a PDE-filter,2022,日本応用数理学会
Yu Minghao,China Academy of Engineering Physics,,,,Large-scale level set-based topology optimization lattice structure using a PDE-filter,2022,日本応用数理学会
Yusuke Imoto,Kyoto University,,,,Application of high-dimensional statistics to single-cell biology,2025,日本応用数理学会
Yusuke Imoto,Kyoto University,,,,Application of high-dimensional statistics to single-cell biology,2025,日本応用数理学会
Zhang Heng,Waseda University,,,,Body-fitted topology optimization: a novel framework for optimal design and thermal modelling of full-scale 3D natural convection problems,2021,日本応用数理学会
Zhang Heng,Waseda University,,,,Body-fitted topology optimization: a novel framework for optimal design and thermal modelling of full-scale 3D natural convection problems,2021,日本応用数理学会
ZHAO XIANGWEN,大阪大学,,,,シフト歪対称線形方程式に対する乱択クリロフ部分空間法の提案,2025,日本応用数理学会
ZHAO XIANGWEN,大阪大学,,,,シフト歪対称線形方程式に対する乱択クリロフ部分空間法の提案,2025,日本応用数理学会
Zhedanov Alexei,中国人民大学,,,,メタ代数と双直交有理関数 - Hahn Case,2024,日本応用数理学会
Zhedanov Alexei,中国人民大学,,,,メタ代数と双直交有理関数 - Hahn Case,2024,日本応用数理学会
アンティル ハルビル,George Mason University,,,,熱交換および相依存駆動力を組み込んだ結晶粒界運動モデルの最適制御問題,2025,日本応用数理学会
アンティル ハルビル,George Mason University,,,,熱交換および相依存駆動力を組み込んだ結晶粒界運動モデルの最適制御問題,2025,日本応用数理学会
エスカラ エマソン ガウ,神戸大学国際人間科学部,,,,可換梯子型パーシステンス加群の表現論的区間分解の計算法,2022,日本応用数理学会
エスカラ エマソン ガウ,神戸大学国際人間科学部,,,,可換梯子型パーシステンス加群の表現論的区間分解の計算法,2022,日本応用数理学会
ガリンド シェリーメイ,新潟大学大学院自然科学研究科,,,,Verified computation for optimization problems with maximum norm constraint condition,2021,日本応用数理学会
ガリンド シェリーメイ,新潟大学大学院自然科学研究科,,,,Verified computation for optimization problems with maximum norm constraint condition,2021,日本応用数理学会
キム ウギョン,東京大学大学院数理科学研究科,,,,D型クラスター写像の変形に関連する離散可積分系,2025,日本応用数理学会
キム ウギョン,東京大学大学院数理科学研究科,,,,D型クラスター写像の変形に関連する離散可積分系,2025,日本応用数理学会
グライフ ズリタ セバスティアン エリアス,九州大学大学院数理学府,,,,Parametric identification of Logarithmic Aesthetic Curves based on similarity transformations,2021,日本応用数理学会
グライフ ズリタ セバスティアン エリアス,九州大学大学院数理学府,,,,Parametric identification of Logarithmic Aesthetic Curves based on similarity transformations,2021,日本応用数理学会
コスロービアン ラズミックアルマン,大阪大学,,,,ポアソン＝ディラック構造を用いた深層学習による連成系のモデル化,2025,日本応用数理学会
コスロービアン ラズミックアルマン,大阪大学,,,,ポアソン＝ディラック構造を用いた深層学習による連成系のモデル化,2025,日本応用数理学会
コンテ ギヨーム,明治大学大学院理工学研究科機械工学専攻,,,,Experimental and numerical evaluation of out-of-plane compressive properties of bio-inspired honeycomb cores,2025,日本応用数理学会
コンテ ギヨーム,明治大学大学院理工学研究科機械工学専攻,,,,Experimental and numerical evaluation of out-of-plane compressive properties of bio-inspired honeycomb cores,2025,日本応用数理学会
ディアゴ ルイス,明治大学,,,,Development of digital technology to eliminate the unnaturalness of fanning two-dimensional photographs and paintings,2021,日本応用数理学会
ディアゴ ルイス,明治大学,,,,Development of digital technology to eliminate the unnaturalness of fanning two-dimensional photographs and paintings,2021,日本応用数理学会
ナインゴラン サハト パンダポタン,Kanazawa University,,,,Parameter identification in elliptic PDEs using coupled complex boundary method with Tikhonov regularization,2025,日本応用数理学会
ナインゴラン サハト パンダポタン,Kanazawa University,,,,Parameter identification in elliptic PDEs using coupled complex boundary method with Tikhonov regularization,2025,日本応用数理学会
ナガイ ルイスアウグストエイジ,東京大学,,,,腸管上皮細胞社会における脱分化現象の数理解析,2022,日本応用数理学会
ナガイ ルイスアウグストエイジ,東京大学,,,,腸管上皮細胞社会における脱分化現象の数理解析,2022,日本応用数理学会
ハン コウ,立命館大学,,,,大規模文化遺跡のデジタルアーカイブデータの統合型高精細可視化,2021,日本応用数理学会
ハン コウ,立命館大学,,,,大規模文化遺跡のデジタルアーカイブデータの統合型高精細可視化,2021,日本応用数理学会
ラスマン ウィエン,神戸大学,,,,Darboux transformations and discretization of the mKdV equation,2021,日本応用数理学会
ラスマン ウィエン,神戸大学,,,,Darboux transformations and discretization of the mKdV equation,2021,日本応用数理学会
ラバゴ ジュリアスファージー,金沢大学,,,,単一測定を用いた非凸境界インターフェースを持つ拡散光トモグラフィーにおけるパラメータ同定問題のための数値形状最適化手法,2024,日本応用数理学会
ラバゴ ジュリアスファージー,金沢大学,,,,単一測定を用いた非凸境界インターフェースを持つ拡散光トモグラフィーにおけるパラメータ同定問題のための数値形状最適化手法,2024,日本応用数理学会
ロウレンソ ブルノ,統計数理研究所,,,,対称錐上の共正値錐および完全正値錐の面的構造,2024,日本応用数理学会
ロウレンソ ブルノ,統計数理研究所,,,,対称錐上の共正値錐および完全正値錐の面的構造,2024,日本応用数理学会
阿波賀 邦夫,名古屋大学,,,,強等方性格子と分子自由度の結合による機能物質科学,2022,日本応用数理学会
阿波賀 邦夫,名古屋大学,,,,強等方性格子と分子自由度の結合による機能物質科学,2022,日本応用数理学会
阿部 綾,明治大学,,,,振動・音響連成下の室内騒音低減検討と折紙コアへの適用,2022,日本応用数理学会
阿部 綾,明治大学,,,,振動・音響連成下の室内騒音低減検討と折紙コアへの適用,2022,日本応用数理学会
阿部 綾,明治大学,,,,新しい解析技術を用いた折紙構造の吸音率の評価（三浦折り構造の低周波域挙動考察）,2025,日本応用数理学会
阿部 綾,明治大学,,,,新しい解析技術を用いた折紙構造の吸音率の評価（三浦折り構造の低周波域挙動考察）,2025,日本応用数理学会
阿部 綾,明治大学,,,,新しい解析技術を用いた折紙構造の遮音・吸音特性の評価,2024,日本応用数理学会
阿部 綾,明治大学,,,,新しい解析技術を用いた折紙構造の遮音・吸音特性の評価,2024,日本応用数理学会
阿部 綾,明治大学,,,,折り構造を応用した音響材料設計の基礎的検討,2025,日本応用数理学会
阿部 綾,明治大学,,,,折り構造を応用した音響材料設計の基礎的検討,2025,日本応用数理学会
阿部 綾,明治大学,,,,反転捩り折紙構造を利用した二重構造の衝撃特性,2022,日本応用数理学会
阿部 綾,明治大学,,,,反転捩り折紙構造を利用した二重構造の衝撃特性,2022,日本応用数理学会
阿部 綾,明治大学,,,,有限要素法による遮音特性シミュレーション技術の折紙コアへの応用,2021,日本応用数理学会
阿部 綾,明治大学,,,,有限要素法による遮音特性シミュレーション技術の折紙コアへの応用,2021,日本応用数理学会
愛木 豊彦,日本女子大学,,,,電気化学反応における周期的沈殿帯形成を記述する数理モデルについて,2025,日本応用数理学会
愛木 豊彦,日本女子大学,,,,電気化学反応における周期的沈殿帯形成を記述する数理モデルについて,2025,日本応用数理学会
芦野 隆一,大阪教育大学,,,,Parseval Frame に関する不等式について,2021,日本応用数理学会
芦野 隆一,大阪教育大学,,,,Parseval Frame に関する不等式について,2021,日本応用数理学会
芦野 隆一,大阪教育大学,,,,Parseval Frame に関する不等式について２,2022,日本応用数理学会
芦野 隆一,大阪教育大学,,,,Parseval Frame に関する不等式について２,2022,日本応用数理学会
芦野 隆一,大阪教育大学,,,,フーリエ・メリン変換を用いたスケールパラメータと平行移動パラメータの推定,2021,日本応用数理学会
芦野 隆一,大阪教育大学,,,,フーリエ・メリン変換を用いたスケールパラメータと平行移動パラメータの推定,2021,日本応用数理学会
芦野 隆一,大阪教育大学,,,,分数冪フーリエ変換に関する不確定性原理,2022,日本応用数理学会
芦野 隆一,大阪教育大学,,,,分数冪フーリエ変換に関する不確定性原理,2022,日本応用数理学会
芦野 隆一,大阪教育大学,,,,連続ウェーブレット変換による音声信号の拡大率を判定する試み,2022,日本応用数理学会
芦野 隆一,大阪教育大学,,,,連続ウェーブレット変換による音声信号の拡大率を判定する試み,2022,日本応用数理学会
粟田 円佳,早稲田大学,,,,二次元箱玉系について,2025,日本応用数理学会
粟田 円佳,早稲田大学,,,,二次元箱玉系について,2025,日本応用数理学会
安細 勉,茨城工業高等専門学校,,,,一次元折り紙の計算複雑性とその電子署名方式への応用,2022,日本応用数理学会
安細 勉,茨城工業高等専門学校,,,,一次元折り紙の計算複雑性とその電子署名方式への応用,2022,日本応用数理学会
安達 瑛翔,京都大学,,,,剛性異方性を持つサンドイッチ材を用いた曲線折紙機構,2021,日本応用数理学会
安達 瑛翔,京都大学,,,,剛性異方性を持つサンドイッチ材を用いた曲線折紙機構,2021,日本応用数理学会
安達 瑛翔,京都大学大学院工学研究科建築学専攻,,,,双対タイリング折紙の剛体折り,2021,日本応用数理学会
安達 瑛翔,京都大学大学院工学研究科建築学専攻,,,,双対タイリング折紙の剛体折り,2021,日本応用数理学会
安達 瑛翔,東京大学,,,,天の川切紙のモード分岐における弾性モデルと角度バネモデルの比較,2025,日本応用数理学会
安達 瑛翔,東京大学,,,,天の川切紙のモード分岐における弾性モデルと角度バネモデルの比較,2025,日本応用数理学会
安達 瑛翔,東京大学,,,,平行四辺形ラティス切り折紙の引張における大域的性質,2024,日本応用数理学会
安達 瑛翔,東京大学,,,,平行四辺形ラティス切り折紙の引張における大域的性質,2024,日本応用数理学会
安達 瑛翔,京都大学大学院工学研究科建築学専攻,,,,離散平均曲率一定曲面における力の釣り合い,2022,日本応用数理学会
安達 瑛翔,京都大学大学院工学研究科建築学専攻,,,,離散平均曲率一定曲面における力の釣り合い,2022,日本応用数理学会
安達 悠子,明治大学,,,,3次元細胞培養のためのタチ-三浦および野島多面体によるハニカム構造の構築,2025,日本応用数理学会
安達 悠子,明治大学,,,,3次元細胞培養のためのタチ-三浦および野島多面体によるハニカム構造の構築,2025,日本応用数理学会
安達 悠子,明治大学先端数理科学インスティテュート,,,,扇のアプリの開発,2024,日本応用数理学会
安達 悠子,明治大学先端数理科学インスティテュート,,,,扇のアプリの開発,2024,日本応用数理学会
安達 隆,福島県立医科大学,,,,糖尿病網膜症治療薬としてプロプラノロールの効果に関する計算論的アプローチ研究,2025,日本応用数理学会
安達 隆,福島県立医科大学,,,,糖尿病網膜症治療薬としてプロプラノロールの効果に関する計算論的アプローチ研究,2025,日本応用数理学会
安達 隆,福島県立医科大学,,,,糖尿病網膜症治療薬としてメマンチンの効果に関する計算論的アプローチ研究,2024,日本応用数理学会
安達 隆,福島県立医科大学,,,,糖尿病網膜症治療薬としてメマンチンの効果に関する計算論的アプローチ研究,2024,日本応用数理学会
安達 玲央,みずほ第一フィナンシャルテクノロジー,,,,Rough SABR Forward Market Modelの下でのスワップションプライシング,2025,日本応用数理学会
安達 玲央,みずほ第一フィナンシャルテクノロジー,,,,Rough SABR Forward Market Modelの下でのスワップションプライシング,2025,日本応用数理学会
安田 雅哉,立教大学,,,,構成的Deuring対応の計算可能性について,2022,日本応用数理学会
安田 雅哉,立教大学,,,,構成的Deuring対応の計算可能性について,2022,日本応用数理学会
安田 雅哉,立教大学,,,,探索Ring-LWE問題に対するKannanの埋め込み法の拡張,2021,日本応用数理学会
安田 雅哉,立教大学,,,,探索Ring-LWE問題に対するKannanの埋め込み法の拡張,2021,日本応用数理学会
安田 雅哉,立教大学,,,,有限体上の楕円曲線の積によるアーベル曲面のブラウアー群の位数計算,2022,日本応用数理学会
安田 雅哉,立教大学,,,,有限体上の楕円曲線の積によるアーベル曲面のブラウアー群の位数計算,2022,日本応用数理学会
安田 雅哉,立教大学,,,,ρ法による超特異同種写像グラフにおけるサイクル探索,2022,日本応用数理学会
安田 雅哉,立教大学,,,,ρ法による超特異同種写像グラフにおけるサイクル探索,2022,日本応用数理学会
安田 和弘,法政大学理工学部,,,,Expected power utility maximization with delay for insurers under 4/2 stochastic volatility model.,2021,日本応用数理学会
安田 和弘,法政大学理工学部,,,,Expected power utility maximization with delay for insurers under 4/2 stochastic volatility model.,2021,日本応用数理学会
安田 和弘,法政大学,,,,Ｎプレイヤーおよび平均場ゲームでの最適投資・再保険問題：ベキ型効用の場合,2025,日本応用数理学会
安田 和弘,法政大学,,,,Ｎプレイヤーおよび平均場ゲームでの最適投資・再保険問題：ベキ型効用の場合,2025,日本応用数理学会
安田 和弘,法政大学,,,,Optimal investment and reinsurance strategy for mean-variance insurers in a dependent risk model using a linear Gaussian stochastic factor model.,2025,日本応用数理学会
安田 和弘,法政大学,,,,Optimal investment and reinsurance strategy for mean-variance insurers in a dependent risk model using a linear Gaussian stochastic factor model.,2025,日本応用数理学会
安田 和弘,法政大学,,,,マートン問題に対するPIAの考察,2021,日本応用数理学会
安田 和弘,法政大学,,,,マートン問題に対するPIAの考察,2021,日本応用数理学会
安田 和弘,法政大学,,,,確率的ファクタモデル下での最適消費・投資問題に対するPIA,2022,日本応用数理学会
安田 和弘,法政大学,,,,確率的ファクタモデル下での最適消費・投資問題に対するPIA,2022,日本応用数理学会
安田 和弘,法政大学理工学部,,,,混合LSTMニューラルネットワークを用いた日経225の予測,2024,日本応用数理学会
安田 和弘,法政大学理工学部,,,,混合LSTMニューラルネットワークを用いた日経225の予測,2024,日本応用数理学会
安東 孝恭,東京理科大学,,,,リザバーコンピューティングを用いた乱流力学系の状態推定,2025,日本応用数理学会
安東 孝恭,東京理科大学,,,,リザバーコンピューティングを用いた乱流力学系の状態推定,2025,日本応用数理学会
安東 弘泰,東北大学,,,,電力系統における潮流方程式を用いた動的頑健性の評価,2025,日本応用数理学会
安東 弘泰,東北大学,,,,電力系統における潮流方程式を用いた動的頑健性の評価,2025,日本応用数理学会
安藤 康伸,東京科学大学総合研究院化学生命科学研究所,,,,クーロン相互作用を有する格子気体モデルにおける秩序形成と拡散特性,2025,日本応用数理学会
安藤 康伸,東京科学大学総合研究院化学生命科学研究所,,,,クーロン相互作用を有する格子気体モデルにおける秩序形成と拡散特性,2025,日本応用数理学会
安部 弥生,早稲田大学大学院基幹理工学研究科,,,,ランダムグラフの彩色数期待値,2025,日本応用数理学会
安部 弥生,早稲田大学大学院基幹理工学研究科,,,,ランダムグラフの彩色数期待値,2025,日本応用数理学会
安部 祐一,大阪大学,,,,受動歩行の脚質量に応じたフラクタルな吸引領域の変化,2024,日本応用数理学会
安部 祐一,大阪大学,,,,受動歩行の脚質量に応じたフラクタルな吸引領域の変化,2024,日本応用数理学会
安本 真士,九州大学,,,,可積分変換による離散極小曲面の構成,2021,日本応用数理学会
安本 真士,九州大学,,,,可積分変換による離散極小曲面の構成,2021,日本応用数理学会
伊原 栄吉,九州大学大学院医学研究院 病態制御内科学,,,,食道運動の数理モデルと食道運動異常症,2022,日本応用数理学会
伊原 栄吉,九州大学大学院医学研究院 病態制御内科学,,,,食道運動の数理モデルと食道運動異常症,2022,日本応用数理学会
伊田 明弘,海洋研究開発機構,,,,ブロック低ランク行列の近似固有値計算,2021,日本応用数理学会
伊田 明弘,海洋研究開発機構,,,,ブロック低ランク行列の近似固有値計算,2021,日本応用数理学会
伊田 明弘,海洋研究開発機構,,,,マルチインスタンスGPU上におけるBLR行列のQR分解,2022,日本応用数理学会
伊田 明弘,海洋研究開発機構,,,,マルチインスタンスGPU上におけるBLR行列のQR分解,2022,日本応用数理学会
伊田 明弘,海洋研究開発機構 付加価値情報創生部門 地球情報科学技術センター,,,,対称ブロック低ランク行列の精度保証付き固有値問題解法,2022,日本応用数理学会
伊田 明弘,海洋研究開発機構 付加価値情報創生部門 地球情報科学技術センター,,,,対称ブロック低ランク行列の精度保証付き固有値問題解法,2022,日本応用数理学会
伊藤 貴之,お茶の水女子大学,,,,評価値合計順の彩色アルゴリズムとウェルシュパウエルの彩色アルゴリズムの比較,2021,日本応用数理学会
伊藤 貴之,お茶の水女子大学,,,,評価値合計順の彩色アルゴリズムとウェルシュパウエルの彩色アルゴリズムの比較,2021,日本応用数理学会
伊藤 公一,同志社大学,,,,感染症流行時における人々の移動に関する意思決定のタイミング：宿泊予約データと携帯電話位置情報データの統合分析,2025,日本応用数理学会
伊藤 公一,同志社大学,,,,感染症流行時における人々の移動に関する意思決定のタイミング：宿泊予約データと携帯電話位置情報データの統合分析,2025,日本応用数理学会
伊藤 公一,北海道大学,,,,新興感染症出現時の将来の行動についての意思決定の定量化,2022,日本応用数理学会
伊藤 公一,北海道大学,,,,新興感染症出現時の将来の行動についての意思決定の定量化,2022,日本応用数理学会
伊藤 弘道,東京理科大学,,,,囲い込み法を用いた線形弾性体におけるき裂の再構成について,2022,日本応用数理学会
伊藤 弘道,東京理科大学,,,,囲い込み法を用いた線形弾性体におけるき裂の再構成について,2022,日本応用数理学会
伊藤 勝,日本大学,,,,Hölder連続勾配をもつ多目的最適化問題に対する近接勾配法,2025,日本応用数理学会
伊藤 勝,日本大学,,,,Hölder連続勾配をもつ多目的最適化問題に対する近接勾配法,2025,日本応用数理学会
伊藤 勝,日本大学,,,,一般的な距離を用いた近接勾配法 ―global descent lemmaからの解放―,2025,日本応用数理学会
伊藤 勝,日本大学,,,,一般的な距離を用いた近接勾配法 ―global descent lemmaからの解放―,2025,日本応用数理学会
伊藤 勝,日本大学,,,,双曲錐と導分による緩和の自己同型群,2022,日本応用数理学会
伊藤 勝,日本大学,,,,双曲錐と導分による緩和の自己同型群,2022,日本応用数理学会
伊藤 伸一,東京大学地震研究所,,,,収縮破壊の確率過程と物理情報深層学習による破片サイズ分布推定,2025,日本応用数理学会
伊藤 伸一,東京大学地震研究所,,,,収縮破壊の確率過程と物理情報深層学習による破片サイズ分布推定,2025,日本応用数理学会
伊藤 伸一,東京大学,,,,変分エネルギー型物理情報深層学習に基づく収縮破壊パターン形成計算,2024,日本応用数理学会
伊藤 伸一,東京大学,,,,変分エネルギー型物理情報深層学習に基づく収縮破壊パターン形成計算,2024,日本応用数理学会
伊藤 大雄,電気通信大学,,,,凸多角形紙片上の折り線が平行な山谷付き平坦折り問題,2021,日本応用数理学会
伊藤 大雄,電気通信大学,,,,凸多角形紙片上の折り線が平行な山谷付き平坦折り問題,2021,日本応用数理学会
伊藤 武男,名古屋大学,,,,転位の形状不変性と物理深層学習を用いた地殻変動観測からの地震断層推定,2025,日本応用数理学会
伊藤 武男,名古屋大学,,,,転位の形状不変性と物理深層学習を用いた地殻変動観測からの地震断層推定,2025,日本応用数理学会
伊藤 風輝,都立大（現所属 サーバーワークス,,,,形状制約なしAND-OR木に関する均衡値不等式の分離と崩壊,2024,日本応用数理学会
伊藤 風輝,都立大（現所属 サーバーワークス,,,,形状制約なしAND-OR木に関する均衡値不等式の分離と崩壊,2024,日本応用数理学会
伊藤 優司,株式会社豊田中央研究所,,,,Hamilton-Jacobi-Bellman方程式に対する風上差分法の収束証明,2021,日本応用数理学会
伊藤 優司,株式会社豊田中央研究所,,,,Hamilton-Jacobi-Bellman方程式に対する風上差分法の収束証明,2021,日本応用数理学会
伊藤 優司,株式会社豊田中央研究所,,,,ガウス過程回帰とモンテカルロ法を用いた偏微分方程式の数値計算,2024,日本応用数理学会
伊藤 優司,株式会社豊田中央研究所,,,,ガウス過程回帰とモンテカルロ法を用いた偏微分方程式の数値計算,2024,日本応用数理学会
伊藤 優司,株式会社豊田中央研究所,,,,平均場ゲーム方程式のCole-Hopf変換とFictitiou Play反復による数値計算,2022,日本応用数理学会
伊藤 優司,株式会社豊田中央研究所,,,,平均場ゲーム方程式のCole-Hopf変換とFictitiou Play反復による数値計算,2022,日本応用数理学会
伊藤 利明,同志社大学,,,,脳神経細胞の発火モデルによる同期シミュレーション,2024,日本応用数理学会
伊藤 利明,同志社大学,,,,脳神経細胞の発火モデルによる同期シミュレーション,2024,日本応用数理学会
伊藤 眞麻,京都大学情報学研究科,,,,"(1,-M)型ローラン双直交多項式の組合せ論的構造",2022,日本応用数理学会
伊藤 眞麻,京都大学情報学研究科,,,,"(1,-M)型ローラン双直交多項式の組合せ論的構造",2022,日本応用数理学会
伊藤 眞麻,京都大学大学院情報学研究科,,,,Askey-Wilson多項式から導かれる一般化hook-content公式,2021,日本応用数理学会
伊藤 眞麻,京都大学大学院情報学研究科,,,,Askey-Wilson多項式から導かれる一般化hook-content公式,2021,日本応用数理学会
井ノ口 順一,筑波大学数理物質系数学域,,,,相似幾何によるS字型離散対数型美的曲線の生成法,2021,日本応用数理学会
井ノ口 順一,筑波大学数理物質系数学域,,,,相似幾何によるS字型離散対数型美的曲線の生成法,2021,日本応用数理学会
井元 佑介,京都大学,,,,Gromov-Wasserstein最適輸送理論を用いたオミクスデータ種差解析,2024,日本応用数理学会
井元 佑介,京都大学,,,,Gromov-Wasserstein最適輸送理論を用いたオミクスデータ種差解析,2024,日本応用数理学会
井元 佑介,京都大学高等研究院ヒト生物学高等研究拠点,,,,Mapperに基づく細胞分化の位相的流れ解析,2021,日本応用数理学会
井元 佑介,京都大学高等研究院ヒト生物学高等研究拠点,,,,Mapperに基づく細胞分化の位相的流れ解析,2021,日本応用数理学会
井元 佑介,京都大学,,,,TDAに基づく胚細胞膜画像のセグメンテーションおよびトラッキング技術,2024,日本応用数理学会
井元 佑介,京都大学,,,,TDAに基づく胚細胞膜画像のセグメンテーションおよびトラッキング技術,2024,日本応用数理学会
井元 佑介,京都大学,,,,Topological Node2vec via Optimal Transport,2022,日本応用数理学会
井元 佑介,京都大学,,,,Topological Node2vec via Optimal Transport,2022,日本応用数理学会
井元 佑介,京都大学,,,,高次元粒子法のデータ解析への応用に向けて,2024,日本応用数理学会
井元 佑介,京都大学,,,,高次元粒子法のデータ解析への応用に向けて,2024,日本応用数理学会
井元 佑介,京都大学,,,,染色体立体構造の記述子とその数理的解釈,2024,日本応用数理学会
井元 佑介,京都大学,,,,染色体立体構造の記述子とその数理的解釈,2024,日本応用数理学会
井元 佑介,京都大学,,,,超双対数に基づく固有値微分法の開発とOgden超弾性モデルへの応用,2022,日本応用数理学会
井元 佑介,京都大学,,,,超双対数に基づく固有値微分法の開発とOgden超弾性モデルへの応用,2022,日本応用数理学会
井元 佑介,京都大学,,,,超双対数に基づく離散勾配の表現,2021,日本応用数理学会
井元 佑介,京都大学,,,,超双対数に基づく離散勾配の表現,2021,日本応用数理学会
井口 翔太,京都大学,,,,変分法による空間Hill 問題の周期軌道の存在証明,2021,日本応用数理学会
井口 翔太,京都大学,,,,変分法による空間Hill 問題の周期軌道の存在証明,2021,日本応用数理学会
井手 貴範,城西大学,,,,囲い込みニューラルネットワークによる内部包含物の同定と数値実験,2024,日本応用数理学会
井手 貴範,城西大学,,,,囲い込みニューラルネットワークによる内部包含物の同定と数値実験,2024,日本応用数理学会
井手 貴範,城西大学,,,,電気インピーダンストモグラフィ問題の計測データを用いた囲い込みニューラ ルネットワークの適用,2025,日本応用数理学会
井手 貴範,城西大学,,,,電気インピーダンストモグラフィ問題の計測データを用いた囲い込みニューラ ルネットワークの適用,2025,日本応用数理学会
井手 勇介,日本大学,,,,規則的なlong edgeを追加した格子模型における量子探索の探索時間の解析的な評価,2025,日本応用数理学会
井手 勇介,日本大学,,,,規則的なlong edgeを追加した格子模型における量子探索の探索時間の解析的な評価,2025,日本応用数理学会
井上 啓,山陽小野田市立山口東京理科大学工学部,,,,拡張型カオス尺度によるカオス力学系の解析,2022,日本応用数理学会
井上 啓,山陽小野田市立山口東京理科大学工学部,,,,拡張型カオス尺度によるカオス力学系の解析,2022,日本応用数理学会
井上 啓,山陽小野田市立山口東京理科大学,,,,拡張型カオス尺度の計算式の改良について,2021,日本応用数理学会
井上 啓,山陽小野田市立山口東京理科大学,,,,拡張型カオス尺度の計算式の改良について,2021,日本応用数理学会
井上 啓,山陽小野田市立山口東京理科大学,,,,拡張型カオス尺度を用いたLang-Kobayashi方程式のカオスの定量化について,2025,日本応用数理学会
井上 啓,山陽小野田市立山口東京理科大学,,,,拡張型カオス尺度を用いたLang-Kobayashi方程式のカオスの定量化について,2025,日本応用数理学会
井上 啓,山陽小野田市立山口東京理科大学,,,,修正カオス尺度を用いた交通流モデルのカオスの定量化,2021,日本応用数理学会
井上 啓,山陽小野田市立山口東京理科大学,,,,修正カオス尺度を用いた交通流モデルのカオスの定量化,2021,日本応用数理学会
井上 広明,神戸大学,,,,データ駆動型アプローチによる神経ネットワークのダイナミクス推定,2021,日本応用数理学会
井上 広明,神戸大学,,,,データ駆動型アプローチによる神経ネットワークのダイナミクス推定,2021,日本応用数理学会
井上 広明,神戸大学 大学院工学研究科,,,,温度の効果を導入した自己組織化状態空間モデルによる神経ダイナミクスの推定,2022,日本応用数理学会
井上 広明,神戸大学 大学院工学研究科,,,,温度の効果を導入した自己組織化状態空間モデルによる神経ダイナミクスの推定,2022,日本応用数理学会
井上 康博,京都大学工学研究科マイクロエンジニアリング専攻,,,,Feedback Vertex Setと振動領域を利用したBoolean Networkの低次元化手法,2022,日本応用数理学会
井上 康博,京都大学工学研究科マイクロエンジニアリング専攻,,,,Feedback Vertex Setと振動領域を利用したBoolean Networkの低次元化手法,2022,日本応用数理学会
井上 順平,早稲田大学大学院 基幹理工学研究科,,,,拡散ロジスティック方程式の最適棲息分布,2022,日本応用数理学会
井上 順平,早稲田大学大学院 基幹理工学研究科,,,,拡散ロジスティック方程式の最適棲息分布,2022,日本応用数理学会
井上 順平,早稲田大学大学院 基幹理工学研究科,,,,重定・川崎・寺本モデルの定常解の交差拡散極限,2022,日本応用数理学会
井上 順平,早稲田大学大学院 基幹理工学研究科,,,,重定・川崎・寺本モデルの定常解の交差拡散極限,2022,日本応用数理学会
井上 大輔,株式会社豊田中央研究所,,,,Hamilton-Jacobi-Bellman方程式に対する風上差分法の収束証明,2021,日本応用数理学会
井上 大輔,株式会社豊田中央研究所,,,,Hamilton-Jacobi-Bellman方程式に対する風上差分法の収束証明,2021,日本応用数理学会
井上 大輔,株式会社豊田中央研究所,,,,ガウス過程回帰とモンテカルロ法を用いた偏微分方程式の数値計算,2024,日本応用数理学会
井上 大輔,株式会社豊田中央研究所,,,,ガウス過程回帰とモンテカルロ法を用いた偏微分方程式の数値計算,2024,日本応用数理学会
井上 大輔,株式会社豊田中央研究所,,,,平均場ゲーム方程式のCole-Hopf変換とFictitiou Play反復による数値計算,2022,日本応用数理学会
井上 大輔,株式会社豊田中央研究所,,,,平均場ゲーム方程式のCole-Hopf変換とFictitiou Play反復による数値計算,2022,日本応用数理学会
井上 和俊,東北大学,東京理科大学総合研究院,,,結晶界面の原子構造解析,2025,日本応用数理学会
井上 和俊,東北大学,東京理科大学総合研究院,,,結晶界面の原子構造解析,2025,日本応用数理学会
井上 和俊,東北大学,,,,粒界構造の階層性について,2022,日本応用数理学会
井上 和俊,東北大学,,,,粒界構造の階層性について,2022,日本応用数理学会
井川 信子,流通経済大学,,,,ABR加算過程のウェーブレット解析結果に基づくListing difficultiesへの1つの検討,2024,日本応用数理学会
井川 信子,流通経済大学,,,,ABR加算過程のウェーブレット解析結果に基づくListing difficultiesへの1つの検討,2024,日本応用数理学会
井田 有紀,立命館大学,,,,Collective model for life insurance and its example,2021,日本応用数理学会
井田 有紀,立命館大学,,,,Collective model for life insurance and its example,2021,日本応用数理学会
磯 祐介,京都大学大学院情報学研究科,,,,2次元遷音速流問題におけるTricomi方程式の変数分離解の記述する速度場,2021,日本応用数理学会
磯 祐介,京都大学大学院情報学研究科,,,,2次元遷音速流問題におけるTricomi方程式の変数分離解の記述する速度場,2021,日本応用数理学会
磯 祐介,京都大学,,,,自然境界条件を伴う楕円型正則化による移流方程式の数値計算,2021,日本応用数理学会
磯 祐介,京都大学,,,,自然境界条件を伴う楕円型正則化による移流方程式の数値計算,2021,日本応用数理学会
磯部 伸,東京大学大学院数理科学研究科,,,,ODE-Netの学習問題の理想化−その理論と応用に向けて,2022,日本応用数理学会
磯部 伸,東京大学大学院数理科学研究科,,,,ODE-Netの学習問題の理想化−その理論と応用に向けて,2022,日本応用数理学会
磯部 伸,理化学研究所 革新知能統合研究センター,,,,最適輸送問題が成すストリング・ダイアグラム,2025,日本応用数理学会
磯部 伸,理化学研究所 革新知能統合研究センター,,,,最適輸送問題が成すストリング・ダイアグラム,2025,日本応用数理学会
磯部 伸,東京大学大学院数理科学研究科,,,,条件付き生成のための拡張フローマッチング,2024,日本応用数理学会
磯部 伸,東京大学大学院数理科学研究科,,,,条件付き生成のための拡張フローマッチング,2024,日本応用数理学会
一宮 尚志,岐阜大学医学部,,,,位相的データ解析を用いたタンパク質の立体構造の解析,2021,日本応用数理学会
一宮 尚志,岐阜大学医学部,,,,位相的データ解析を用いたタンパク質の立体構造の解析,2021,日本応用数理学会
稲津 將,北海道大学大学院理学研究院,,,,流線トポロジカルデータ解析による大気ブロッキング現象の抽出と形態分類,2021,日本応用数理学会
稲津 將,北海道大学大学院理学研究院,,,,流線トポロジカルデータ解析による大気ブロッキング現象の抽出と形態分類,2021,日本応用数理学会
蔭山 志穂,香川大学,,,,コンクリート構造物の非定常熱伝導解析における解析条件の検討,2025,日本応用数理学会
蔭山 志穂,香川大学,,,,コンクリート構造物の非定常熱伝導解析における解析条件の検討,2025,日本応用数理学会
宇田 智紀,富山大学,,,,2次元非圧縮キャビティ流れに対する流線トポロジー解析,2024,日本応用数理学会
宇田 智紀,富山大学,,,,2次元非圧縮キャビティ流れに対する流線トポロジー解析,2024,日本応用数理学会
宇田 智紀,富山大学大学院理工学研究科,,,,カオスの流れのトポロジカルダイナミクスモデリング,2025,日本応用数理学会
宇田 智紀,富山大学大学院理工学研究科,,,,カオスの流れのトポロジカルダイナミクスモデリング,2025,日本応用数理学会
宇田 智紀,東北大学,,,,半順序木空間のinterleaving距離,2021,日本応用数理学会
宇田 智紀,東北大学,,,,半順序木空間のinterleaving距離,2021,日本応用数理学会
宇田 智紀,東北大学,,,,流線トポロジー解析を用いた黒潮蛇行発生の特定,2022,日本応用数理学会
宇田 智紀,東北大学,,,,流線トポロジー解析を用いた黒潮蛇行発生の特定,2022,日本応用数理学会
宇田 智紀,東北大学材料科学高等研究所,,,,流線トポロジカルデータ解析による大気ブロッキング現象の抽出と形態分類,2021,日本応用数理学会
宇田 智紀,東北大学材料科学高等研究所,,,,流線トポロジカルデータ解析による大気ブロッキング現象の抽出と形態分類,2021,日本応用数理学会
羽山 涼介,明治大学,,,,数理的アプローチによる生物模倣ハニカムコアのせん断剛性の解明,2025,日本応用数理学会
羽山 涼介,明治大学,,,,数理的アプローチによる生物模倣ハニカムコアのせん断剛性の解明,2025,日本応用数理学会
羽生 寛明,一橋大学,,,,Optimal investment and reinsurance strategy for mean-variance insurers in a dependent risk model using a linear Gaussian stochastic factor model.,2025,日本応用数理学会
羽生 寛明,一橋大学,,,,Optimal investment and reinsurance strategy for mean-variance insurers in a dependent risk model using a linear Gaussian stochastic factor model.,2025,日本応用数理学会
臼杵 深,静岡大学,,,,球面2次Bezier曲線のG2接続とその有理化,2021,日本応用数理学会
臼杵 深,静岡大学,,,,球面2次Bezier曲線のG2接続とその有理化,2021,日本応用数理学会
臼杵 深,静岡大学,,,,球面κ-曲線の初期値推定のための地図投影法の利用,2022,日本応用数理学会
臼杵 深,静岡大学,,,,球面κ-曲線の初期値推定のための地図投影法の利用,2022,日本応用数理学会
浦川 遼介,株式会社スカイディスク,,,,重力崩壊する時空におけるEinstein方程式の高精度数値計算,2021,日本応用数理学会
浦川 遼介,株式会社スカイディスク,,,,重力崩壊する時空におけるEinstein方程式の高精度数値計算,2021,日本応用数理学会
浦田 剛志,早稲田大学大学院 基幹理工学研究科 数学応用数理専攻 早水研究室,,,,Tree-child networkに向きづけ可能かを効率的に判定できる無向グラフのクラスについて,2024,日本応用数理学会
浦田 剛志,早稲田大学大学院 基幹理工学研究科 数学応用数理専攻 早水研究室,,,,Tree-child networkに向きづけ可能かを効率的に判定できる無向グラフのクラスについて,2024,日本応用数理学会
浦田 剛志,早稲田大学 基幹理工学研究科 数学応用数理専攻,,,,無向系統ネットワークの向き付け問題に対する実用的なFPTアルゴリズムの開発,2024,日本応用数理学会
浦田 剛志,早稲田大学 基幹理工学研究科 数学応用数理専攻,,,,無向系統ネットワークの向き付け問題に対する実用的なFPTアルゴリズムの開発,2024,日本応用数理学会
栄 伸一郎,北海道大学,,,,円領域内のパルス運動に関わる修正ヘルムホルツ方程式のノイマン問題に対する基本解近似解法,2021,日本応用数理学会
栄 伸一郎,北海道大学,,,,円領域内のパルス運動に関わる修正ヘルムホルツ方程式のノイマン問題に対する基本解近似解法,2021,日本応用数理学会
栄 伸一郎,北海道大学大学院理学研究院 数学部門,,,,食道運動の数理モデルと食道運動異常症,2022,日本応用数理学会
栄 伸一郎,北海道大学大学院理学研究院 数学部門,,,,食道運動の数理モデルと食道運動異常症,2022,日本応用数理学会
永井 亨,名古屋大学,,,,疑似量子アニーリングにおける自動チューニングの適用,2024,日本応用数理学会
永井 亨,名古屋大学,,,,疑似量子アニーリングにおける自動チューニングの適用,2024,日本応用数理学会
永井 亨,名古屋大学情報基盤センター,,,,高精度行列-行列積ライブラリの実装選択パラメタの特徴量解析,2021,日本応用数理学会
永井 亨,名古屋大学情報基盤センター,,,,高精度行列-行列積ライブラリの実装選択パラメタの特徴量解析,2021,日本応用数理学会
永井 亨,名古屋大学情報基盤センター,,,,自動チューニングにおけるXAI適用の試み：精度保証数値計算ライブラリを例にして,2022,日本応用数理学会
永井 亨,名古屋大学情報基盤センター,,,,自動チューニングにおけるXAI適用の試み：精度保証数値計算ライブラリを例にして,2022,日本応用数理学会
永井 敦,津田塾大学,,,,完全グラフに対応する2種類の離散 lp ソボレフ不等式の最良定数,2025,日本応用数理学会
永井 敦,津田塾大学,,,,完全グラフに対応する2種類の離散 lp ソボレフ不等式の最良定数,2025,日本応用数理学会
永田 賢二（National Institute for Materials Science (NIMS)）,,,,,[企画講演]ベイズ計測  ~ 中性子散乱スペクトル解析への導入 ~,2021,日本応用数理学会
永田 賢二（National Institute for Materials Science (NIMS)）,,,,,[企画講演]ベイズ計測  ~ 中性子散乱スペクトル解析への導入 ~,2021,日本応用数理学会
園田 聖馬,大阪電気通信大学,,,,バネ玉ハミルトン力学系における遅い緩和・形態変化・分岐,2025,日本応用数理学会
園田 聖馬,大阪電気通信大学,,,,バネ玉ハミルトン力学系における遅い緩和・形態変化・分岐,2025,日本応用数理学会
園田 翔,理化学研究所,,,,群畳み込みニューラルネットのリッジレット変換と群同変関数に対する普遍性,2022,日本応用数理学会
園田 翔,理化学研究所,,,,群畳み込みニューラルネットのリッジレット変換と群同変関数に対する普遍性,2022,日本応用数理学会
園田 翔,理化学研究所,,,,積分表現ニューラルネットが定める積分方程式の一般解,2021,日本応用数理学会
園田 翔,理化学研究所,,,,積分表現ニューラルネットが定める積分方程式の一般解,2021,日本応用数理学会
園田 翔,理化学研究所,,,,同時群同変モデルの統一的かつ構成的な普遍近似定理,2024,日本応用数理学会
園田 翔,理化学研究所,,,,同時群同変モデルの統一的かつ構成的な普遍近似定理,2024,日本応用数理学会
園田 翔,理化学研究所,株式会社サイバーエージェント,,,半群の増大度に基づく深層学習の汎化誤差評価,2025,日本応用数理学会
園田 翔,理化学研究所,株式会社サイバーエージェント,,,半群の増大度に基づく深層学習の汎化誤差評価,2025,日本応用数理学会
延東 和茂,群馬工業高等専門学校,,,,Max-plus代数を用いて導出される離散粒子系の3次元基本図,2021,日本応用数理学会
延東 和茂,群馬工業高等専門学校,,,,Max-plus代数を用いて導出される離散粒子系の3次元基本図,2021,日本応用数理学会
延東 和茂,近畿大学,,,,同期現象を示すセルオートマトンの拡張系について,2024,日本応用数理学会
延東 和茂,近畿大学,,,,同期現象を示すセルオートマトンの拡張系について,2024,日本応用数理学会
遠原 由規,福岡工業大学,,,,CycleGANにより構成される力学系のアトラクタ分布にみられるべき則,2022,日本応用数理学会
遠原 由規,福岡工業大学,,,,CycleGANにより構成される力学系のアトラクタ分布にみられるべき則,2022,日本応用数理学会
遠原 由規,福岡工業大学,,,,CycleGANを用いた繰り返し画像変換に現れるアトラクタダイナミクスの分析,2021,日本応用数理学会
遠原 由規,福岡工業大学,,,,CycleGANを用いた繰り返し画像変換に現れるアトラクタダイナミクスの分析,2021,日本応用数理学会
遠藤 海人,京都大学,,,,染色体立体構造の記述子とその数理的解釈,2024,日本応用数理学会
遠藤 海人,京都大学,,,,染色体立体構造の記述子とその数理的解釈,2024,日本応用数理学会
遠藤 康矢,東京工業大学情報理工学院数理・計算科学系,,,,McKean-Vlasov型確率微分方程式の関数近似を用いた数値解析,2021,日本応用数理学会
遠藤 康矢,東京工業大学情報理工学院数理・計算科学系,,,,McKean-Vlasov型確率微分方程式の関数近似を用いた数値解析,2021,日本応用数理学会
遠藤 克浩,慶應義塾大学理工学部,,,,三次元畳み込みニューラルネットワークを用いた有限差分時間領域法による光学シミュレーションの時間発展予測,2022,日本応用数理学会
遠藤 克浩,慶應義塾大学理工学部,,,,三次元畳み込みニューラルネットワークを用いた有限差分時間領域法による光学シミュレーションの時間発展予測,2022,日本応用数理学会
遠藤 匠,筑波大学,,,,ブロック折り紙の対話的な設計支援システムの提案,2024,日本応用数理学会
遠藤 匠,筑波大学,,,,ブロック折り紙の対話的な設計支援システムの提案,2024,日本応用数理学会
遠藤 操,一般財団法人 電力中央研究所,,,,わが国における市場取引を活用した燃料調達・発電・電力卸売の最適化,2021,日本応用数理学会
遠藤 操,一般財団法人 電力中央研究所,,,,わが国における市場取引を活用した燃料調達・発電・電力卸売の最適化,2021,日本応用数理学会
遠藤 操,一般財団法人 電力中央研究所 社会経済研究所,,,,わが国の発電事業におけるアセット運用制約を考慮した先物取引の最適化,2022,日本応用数理学会
遠藤 操,一般財団法人 電力中央研究所 社会経済研究所,,,,わが国の発電事業におけるアセット運用制約を考慮した先物取引の最適化,2022,日本応用数理学会
遠藤 操,一般財団法人 電力中央研究所,,,,わが国の発電事業者の卸電力取引の数理モデル,2024,日本応用数理学会
遠藤 操,一般財団法人 電力中央研究所,,,,わが国の発電事業者の卸電力取引の数理モデル,2024,日本応用数理学会
遠藤 凌輝,新潟大学,,,,Hadamard微分の厳密計算による固有値の単純性の解析,2025,日本応用数理学会
遠藤 凌輝,新潟大学,,,,Hadamard微分の厳密計算による固有値の単純性の解析,2025,日本応用数理学会
遠藤 凌輝,新潟大学大学院 自然科学研究科,,,,三角形領域におけるラプラス作用素の固有値問題と形状微分公式の厳密評価,2022,日本応用数理学会
遠藤 凌輝,新潟大学大学院 自然科学研究科,,,,三角形領域におけるラプラス作用素の固有値問題と形状微分公式の厳密評価,2022,日本応用数理学会
塩谷 明美,電気通信大学,,,,ブロック赤黒順序付けされた摂動付き修正不完全分解前処理の収束性解析,2021,日本応用数理学会
塩谷 明美,電気通信大学,,,,ブロック赤黒順序付けされた摂動付き修正不完全分解前処理の収束性解析,2021,日本応用数理学会
塩津 竜士,九州大学,,,,電力系統における潮流方程式を用いた動的頑健性の評価,2025,日本応用数理学会
塩津 竜士,九州大学,,,,電力系統における潮流方程式を用いた動的頑健性の評価,2025,日本応用数理学会
塩路 直樹,元横浜国立大学,,,,Multiple existence of positive even function solutions for a two point boundary value problem on some very narrow possible parameter set,2021,日本応用数理学会
塩路 直樹,元横浜国立大学,,,,Multiple existence of positive even function solutions for a two point boundary value problem on some very narrow possible parameter set,2021,日本応用数理学会
塩濱 敬之,南山大学理工学部,,,,Probabilistic Singular Value Decomposition: A Probabilistic Model on the Standard Simplex,2022,日本応用数理学会
塩濱 敬之,南山大学理工学部,,,,Probabilistic Singular Value Decomposition: A Probabilistic Model on the Standard Simplex,2022,日本応用数理学会
奥村 真善美,甲南大学,,,,2次元シートから3次元円筒構造へ至る皮膚付属器の形態形成を再現する数理モデル,2025,日本応用数理学会
奥村 真善美,甲南大学,,,,2次元シートから3次元円筒構造へ至る皮膚付属器の形態形成を再現する数理モデル,2025,日本応用数理学会
奥村 真善美,甲南大学,,,,Cahn-Hilliard方程式に対する平方差分に基づく構造保存スキーム,2025,日本応用数理学会
奥村 真善美,甲南大学,,,,Cahn-Hilliard方程式に対する平方差分に基づく構造保存スキーム,2025,日本応用数理学会
奥村 真善美,甲南大学,,,,細胞周期と細胞外環境を制御する数値シミュレーションに基づく毛包形態形成の再現,2024,日本応用数理学会
奥村 真善美,甲南大学,,,,細胞周期と細胞外環境を制御する数値シミュレーションに基づく毛包形態形成の再現,2024,日本応用数理学会
奥村 真善美,北海道大学 電子科学研究所,,,,特徴的な保存則を持つ動的境界条件下の問題に対する構造保存スキーム,2022,日本応用数理学会
奥村 真善美,北海道大学 電子科学研究所,,,,特徴的な保存則を持つ動的境界条件下の問題に対する構造保存スキーム,2022,日本応用数理学会
奥田 健斗,九州大学マス・フォア・インダストリ研究所,,,,ピロー型ボックスの体積最大解の存在と一意性,2022,日本応用数理学会
奥田 健斗,九州大学マス・フォア・インダストリ研究所,,,,ピロー型ボックスの体積最大解の存在と一意性,2022,日本応用数理学会
奥田 健斗,九州大学　マス・フォア・インダストリ研究所,,,,区分的に連続な曲線と曲面の幾何,2021,日本応用数理学会
奥田 健斗,九州大学　マス・フォア・インダストリ研究所,,,,区分的に連続な曲線と曲面の幾何,2021,日本応用数理学会
奥富 秀俊,東芝情報システム株式会社,,,,心拍変動における加齢に伴うカオス尺度の変化,2025,日本応用数理学会
奥富 秀俊,東芝情報システム株式会社,,,,心拍変動における加齢に伴うカオス尺度の変化,2025,日本応用数理学会
奥富 秀俊,東芝情報システム株式会社,,,,測度補正による修正カオス尺度について,2022,日本応用数理学会
奥富 秀俊,東芝情報システム株式会社,,,,測度補正による修正カオス尺度について,2022,日本応用数理学会
奥富 秀俊,東芝情報システム株式会社,,,,非対象テント写像におけるカオス尺度の極限値の解析,2022,日本応用数理学会
奥富 秀俊,東芝情報システム株式会社,,,,非対象テント写像におけるカオス尺度の極限値の解析,2022,日本応用数理学会
奥富 秀俊,東芝情報システム株式会社,,,,有限分割のKolmogorov-Sinaiエントロピーとカオス尺度,2025,日本応用数理学会
奥富 秀俊,東芝情報システム株式会社,,,,有限分割のKolmogorov-Sinaiエントロピーとカオス尺度,2025,日本応用数理学会
奥野 貴之,成蹊大学,,,,パレート解集合上の最適化に対する重み付きミニマックス法を用いた2段階勾配法,2024,日本応用数理学会
奥野 貴之,成蹊大学,,,,パレート解集合上の最適化に対する重み付きミニマックス法を用いた2段階勾配法,2024,日本応用数理学会
奥野 貴之,成蹊大学 理工学部,,,,マルチリーダー・フォロワーゲームに対する正則化最適値関数を用いたペナルティ法,2025,日本応用数理学会
奥野 貴之,成蹊大学 理工学部,,,,マルチリーダー・フォロワーゲームに対する正則化最適値関数を用いたペナルティ法,2025,日本応用数理学会
奥野 貴之,成蹊大学,,,,リーマン多様体上の不等式制約付き 最適化問題に対する信頼領域内点法,2025,日本応用数理学会
奥野 貴之,成蹊大学,,,,リーマン多様体上の不等式制約付き 最適化問題に対する信頼領域内点法,2025,日本応用数理学会
奥野 貴之,成蹊大学,,,,退化した非線形半正定値最適化問題における中心パスの収束性について,2022,日本応用数理学会
奥野 貴之,成蹊大学,,,,退化した非線形半正定値最適化問題における中心パスの収束性について,2022,日本応用数理学会
奥脇 健心,早稲田大学 大学院,,,,ホロノミック拘束系のためのディラックニューラルネットワークに基づくモジュラー深層学習,2025,日本応用数理学会
奥脇 健心,早稲田大学 大学院,,,,ホロノミック拘束系のためのディラックニューラルネットワークに基づくモジュラー深層学習,2025,日本応用数理学会
奥脇 健心,早稲田大学 大学院,,,,ラグランジュ・ディラック系を規範としたニューラルネットワークとホロノミック拘束系への応用,2024,日本応用数理学会
奥脇 健心,早稲田大学 大学院,,,,ラグランジュ・ディラック系を規範としたニューラルネットワークとホロノミック拘束系への応用,2024,日本応用数理学会
押田 陽平,トランスコスモス株式会社,,,,Honest行列のMax-Plus代数上のべき乗計算解析,2024,日本応用数理学会
押田 陽平,トランスコスモス株式会社,,,,Honest行列のMax-Plus代数上のべき乗計算解析,2024,日本応用数理学会
横井 暉,慶應義塾大学,,,,グラフのpath-chromatic numberが高々2となるための十分条件,2025,日本応用数理学会
横井 暉,慶應義塾大学,,,,グラフのpath-chromatic numberが高々2となるための十分条件,2025,日本応用数理学会
横山 慎人,早稲田大学,,,,距離行列から系統ネットワークを作る NJ-like ヒューリスティックスの開発,2024,日本応用数理学会
横山 慎人,早稲田大学,,,,距離行列から系統ネットワークを作る NJ-like ヒューリスティックスの開発,2024,日本応用数理学会
横山 慎人,早稲田大学 基幹理工学研究科 数学応用数理専攻,,,,無向系統ネットワークの向き付け問題に対する実用的なFPTアルゴリズムの開発,2024,日本応用数理学会
横山 慎人,早稲田大学 基幹理工学研究科 数学応用数理専攻,,,,無向系統ネットワークの向き付け問題に対する実用的なFPTアルゴリズムの開発,2024,日本応用数理学会
横山 知郎,埼玉大学,,,,2次元非圧縮キャビティ流れに対する流線トポロジー解析,2024,日本応用数理学会
横山 知郎,埼玉大学,,,,2次元非圧縮キャビティ流れに対する流線トポロジー解析,2024,日本応用数理学会
横山 知郎,埼玉大学大学院理工学研究科,,,,カオスの流れのトポロジカルダイナミクスモデリング,2025,日本応用数理学会
横山 知郎,埼玉大学大学院理工学研究科,,,,カオスの流れのトポロジカルダイナミクスモデリング,2025,日本応用数理学会
横山 知郎,埼玉大学理工学研究科,,,,二重周期領域流れの流線トポロジカルデータ解析,2024,日本応用数理学会
横山 知郎,埼玉大学理工学研究科,,,,二重周期領域流れの流線トポロジカルデータ解析,2024,日本応用数理学会
横山 知郎,埼玉大学,,,,流線トポロジカルデータ解析による二次元乱流データの判別,2025,日本応用数理学会
横山 知郎,埼玉大学,,,,流線トポロジカルデータ解析による二次元乱流データの判別,2025,日本応用数理学会
横山 和弘,立教大学,,,,Gröbner基底の計算量理論の定式化 —暗号の安全性解析に向けて—,2024,日本応用数理学会
横山 和弘,立教大学,,,,Gröbner基底の計算量理論の定式化 —暗号の安全性解析に向けて—,2024,日本応用数理学会
横山 和弘,立教大学,,,,外積代数におけるGröbner基底計算アルゴリズムの計算量評価と実装報告,2022,日本応用数理学会
横山 和弘,立教大学,,,,外積代数におけるGröbner基底計算アルゴリズムの計算量評価と実装報告,2022,日本応用数理学会
横山 和弘,立教大学,,,,構成的Deuring対応の計算可能性について,2022,日本応用数理学会
横山 和弘,立教大学,,,,構成的Deuring対応の計算可能性について,2022,日本応用数理学会
横山 和弘,立教大学,,,,ρ法による超特異同種写像グラフにおけるサイクル探索,2022,日本応用数理学会
横山 和弘,立教大学,,,,ρ法による超特異同種写像グラフにおけるサイクル探索,2022,日本応用数理学会
横須賀 洋平,鹿児島大学,,,,ピローボックスの曲線折り形状による仮設構造物の多目的最適化,2024,日本応用数理学会
横須賀 洋平,鹿児島大学,,,,ピローボックスの曲線折り形状による仮設構造物の多目的最適化,2024,日本応用数理学会
横須賀 洋平,鹿児島大学,,,,可積分離散べき函数から構成されるMichell-Prager型トラス構造,2025,日本応用数理学会
横須賀 洋平,鹿児島大学,,,,可積分離散べき函数から構成されるMichell-Prager型トラス構造,2025,日本応用数理学会
横須賀 洋平,鹿児島大学理工学研究科工学専攻,,,,測地線による木質グリッドシェル構造の形状決定法 - 一方向の測地線と曲面形状の同時決定法 -,2022,日本応用数理学会
横須賀 洋平,鹿児島大学理工学研究科工学専攻,,,,測地線による木質グリッドシェル構造の形状決定法 - 一方向の測地線と曲面形状の同時決定法 -,2022,日本応用数理学会
横須賀 洋平,鹿児島大学,,,,離散正則函数を用いたMichellトラス型構造について,2022,日本応用数理学会
横須賀 洋平,鹿児島大学,,,,離散正則函数を用いたMichellトラス型構造について,2022,日本応用数理学会
横須賀 洋平,鹿児島大学,,,,離散膜O曲面による形状・応力分布の同時生成,2022,日本応用数理学会
横須賀 洋平,鹿児島大学,,,,離散膜O曲面による形状・応力分布の同時生成,2022,日本応用数理学会
横須賀 洋平,鹿児島大学大学院,,,,力学性能と施工性を考慮したグリッドシェル構造の形状決定法　―放物線を境界曲線とした離散吊り下げ曲面の評価―,2024,日本応用数理学会
横須賀 洋平,鹿児島大学大学院,,,,力学性能と施工性を考慮したグリッドシェル構造の形状決定法　―放物線を境界曲線とした離散吊り下げ曲面の評価―,2024,日本応用数理学会
横田 理央,東京工業大学,,,,マルチインスタンスGPU上におけるBLR行列のQR分解,2022,日本応用数理学会
横田 理央,東京工業大学,,,,マルチインスタンスGPU上におけるBLR行列のQR分解,2022,日本応用数理学会
横田 理央,東京工業大学 学術国際情報センター,,,,対称ブロック低ランク行列の精度保証付き固有値問題解法,2022,日本応用数理学会
横田 理央,東京工業大学 学術国際情報センター,,,,対称ブロック低ランク行列の精度保証付き固有値問題解法,2022,日本応用数理学会
王 雲鵬,明治大学,,,,機械学習による地震波形の時系列特徴量を用いた火山性地震の分類,2025,日本応用数理学会
王 雲鵬,明治大学,,,,機械学習による地震波形の時系列特徴量を用いた火山性地震の分類,2025,日本応用数理学会
王 欽林,法政大学情報科学部研究科,,,,虚数時間発展法による電子状態計算,2022,日本応用数理学会
王 欽林,法政大学情報科学部研究科,,,,虚数時間発展法による電子状態計算,2022,日本応用数理学会
王 欽林,法政大学情報科学部研究科,,,,虚数時間発展法による電子状態計算手法の開発,2021,日本応用数理学会
王 欽林,法政大学情報科学部研究科,,,,虚数時間発展法による電子状態計算手法の開発,2021,日本応用数理学会
王 立坤,京都大学,,,,不都合な議員定数,2024,日本応用数理学会
王 立坤,京都大学,,,,不都合な議員定数,2024,日本応用数理学会
王 泽,名古屋大学,同済大学,,,An orthogonal randomized Bregman projection method for linearly constrained optimization problems,2025,日本応用数理学会
王 泽,名古屋大学,同済大学,,,An orthogonal randomized Bregman projection method for linearly constrained optimization problems,2025,日本応用数理学会
翁長 朝功,九州大学,,,,電力系統における潮流方程式を用いた動的頑健性の評価,2025,日本応用数理学会
翁長 朝功,九州大学,,,,電力系統における潮流方程式を用いた動的頑健性の評価,2025,日本応用数理学会
黄 欣馳,東京大学大学院数理科学研究科,,,,時間非整数階拡散方程式系における階数決定の逆問題,2022,日本応用数理学会
黄 欣馳,東京大学大学院数理科学研究科,,,,時間非整数階拡散方程式系における階数決定の逆問題,2022,日本応用数理学会
黄 雍晋,京都大学大学院理学研究科,,,,化学反応ネットワークにおける構造分岐解析の一般化,2024,日本応用数理学会
黄 雍晋,京都大学大学院理学研究科,,,,化学反応ネットワークにおける構造分岐解析の一般化,2024,日本応用数理学会
岡 省吾,岡山大学,,,,乱流中の慣性粒子の分布の位相的データ解析,2021,日本応用数理学会
岡 省吾,岡山大学,,,,乱流中の慣性粒子の分布の位相的データ解析,2021,日本応用数理学会
岡 大将,福岡工業大学,,,,楕円型方程式の解による厚みの表現と構造最適化への応用,2025,日本応用数理学会
岡 大将,福岡工業大学,,,,楕円型方程式の解による厚みの表現と構造最適化への応用,2025,日本応用数理学会
岡 来美,京都大学,,,,原点シフト付きロトカ・ボルテラ系に対する超離散化から得られる箱玉系の性質について,2021,日本応用数理学会
岡 来美,京都大学,,,,原点シフト付きロトカ・ボルテラ系に対する超離散化から得られる箱玉系の性質について,2021,日本応用数理学会
岡 来美,京都大学大学院 情報学研究科,,,,中心多様体理論を用いた時間遅れ付き離散ロトカ・ヴォルテラ方程式の局所安定性解析,2025,日本応用数理学会
岡 来美,京都大学大学院 情報学研究科,,,,中心多様体理論を用いた時間遅れ付き離散ロトカ・ヴォルテラ方程式の局所安定性解析,2025,日本応用数理学会
岡安 晃平,明治大学大学院,,,,切頂八面体を基にした多層コアパネルの圧潰によるエネルギ吸収特性,2022,日本応用数理学会
岡安 晃平,明治大学大学院,,,,切頂八面体を基にした多層コアパネルの圧潰によるエネルギ吸収特性,2022,日本応用数理学会
岡崎 裕之,信州大学,,,,ProVerif を用いたPolicy-based Chameleon Hashによる修正可能なブロックチェーンの形式化,2021,日本応用数理学会
岡崎 裕之,信州大学,,,,ProVerif を用いたPolicy-based Chameleon Hashによる修正可能なブロックチェーンの形式化,2021,日本応用数理学会
岡崎 裕之,信州大学,,,,ProVerifによるBGPセキュリティ機構の形式的安全性検証,2025,日本応用数理学会
岡崎 裕之,信州大学,,,,ProVerifによるBGPセキュリティ機構の形式的安全性検証,2025,日本応用数理学会
岡崎 裕之,信州大学大学院総合理工学研究科,,,,Tamarin proverの Heuristic Oracleを利用した CPA Modelの安全性検証,2024,日本応用数理学会
岡崎 裕之,信州大学大学院総合理工学研究科,,,,Tamarin proverの Heuristic Oracleを利用した CPA Modelの安全性検証,2024,日本応用数理学会
岡山 友昭,広島市立大学大学院 情報科学研究科,,,,二重指数関数型減衰関数に対するSinc関数近似に基づく微分近似の誤差評価,2022,日本応用数理学会
岡山 友昭,広島市立大学大学院 情報科学研究科,,,,二重指数関数型減衰関数に対するSinc関数近似に基づく微分近似の誤差評価,2022,日本応用数理学会
岡田 幸彦,筑波大学,,,,複数の高次元小標本データにおけるスパース次元削減手法の検証,2024,日本応用数理学会
岡田 幸彦,筑波大学,,,,複数の高次元小標本データにおけるスパース次元削減手法の検証,2024,日本応用数理学会
岡田 修一,放送大学,,,,アンケートデータによって条件付けた交流ネットワーク解析,2025,日本応用数理学会
岡田 修一,放送大学,,,,アンケートデータによって条件付けた交流ネットワーク解析,2025,日本応用数理学会
岡田 修一,放送大学,,,,交流アンケートデータからのネットワーク特徴量推定について,2022,日本応用数理学会
岡田 修一,放送大学,,,,交流アンケートデータからのネットワーク特徴量推定について,2022,日本応用数理学会
岡田 真人,東京大学大学院新領域創成科学研究科,,,,[企画講演]ベイズ計測  ~ 中性子散乱スペクトル解析への導入 ~,2021,日本応用数理学会
岡田 真人,東京大学大学院新領域創成科学研究科,,,,[企画講演]ベイズ計測  ~ 中性子散乱スペクトル解析への導入 ~,2021,日本応用数理学会
岡田 崇,京都大学医生物学研究所,,,,化学反応ネットワークにおける構造分岐解析の一般化,2024,日本応用数理学会
岡田 崇,京都大学医生物学研究所,,,,化学反応ネットワークにおける構造分岐解析の一般化,2024,日本応用数理学会
岡部 真也,東北大学大学院理学研究科,,,,非伸縮条件下におけるイデアル曲線流,2025,日本応用数理学会
岡部 真也,東北大学大学院理学研究科,,,,非伸縮条件下におけるイデアル曲線流,2025,日本応用数理学会
岡本 耕太,京都大学,,,,受動歩行における吸引領域の変化とそのメカニズム,2021,日本応用数理学会
岡本 耕太,京都大学,,,,受動歩行における吸引領域の変化とそのメカニズム,2021,日本応用数理学会
岡本 耕太,京都大学,,,,受動歩行の脚質量に応じたフラクタルな吸引領域の変化,2024,日本応用数理学会
岡本 耕太,京都大学,,,,受動歩行の脚質量に応じたフラクタルな吸引領域の変化,2024,日本応用数理学会
岡本 潤,京都大学,,,,Kobayashi-Warren-Carter汎関数の精密特異極限とその勾配流の挙動について,2022,日本応用数理学会
岡本 潤,京都大学,,,,Kobayashi-Warren-Carter汎関数の精密特異極限とその勾配流の挙動について,2022,日本応用数理学会
岡本 潤,京都大学,,,,Sinkhorn MDSによる形状汎関数の可視化,2024,日本応用数理学会
岡本 潤,京都大学,,,,Sinkhorn MDSによる形状汎関数の可視化,2024,日本応用数理学会
岡本 尚己,株式会社　アースライズカンパニー,,,,水底地形の作成に関する計測とデータ解析手法および解析結果についての考察,2021,日本応用数理学会
岡本 尚己,株式会社　アースライズカンパニー,,,,水底地形の作成に関する計測とデータ解析手法および解析結果についての考察,2021,日本応用数理学会
岡本 尚己,株式会社　アースライズカンパニー,,,,船体の運動にともなう測位ー測深誤差の補正手法に関する考察,2022,日本応用数理学会
岡本 尚己,株式会社　アースライズカンパニー,,,,船体の運動にともなう測位ー測深誤差の補正手法に関する考察,2022,日本応用数理学会
岡本 朋揮,武蔵野大学 大学院 工学研究科 数理工学専攻,,,,1次元フェーズフィールドモデルの空間非対称な定常解に対応する固有値と固有関数,2025,日本応用数理学会
岡本 朋揮,武蔵野大学 大学院 工学研究科 数理工学専攻,,,,1次元フェーズフィールドモデルの空間非対称な定常解に対応する固有値と固有関数,2025,日本応用数理学会
岡本 朋揮,武蔵野大学,,,,1次元フェーズフィールドモデルの定常解の数値的安定性,2024,日本応用数理学会
岡本 朋揮,武蔵野大学,,,,1次元フェーズフィールドモデルの定常解の数値的安定性,2024,日本応用数理学会
岡本 陸希,立命館大学,,,,グローヴァーの探索アルゴリズムと絶対ゼータ関数,2024,日本応用数理学会
岡本 陸希,立命館大学,,,,グローヴァーの探索アルゴリズムと絶対ゼータ関数,2024,日本応用数理学会
岡本 和也,早稲田大学大学院,,,,群集を表現する数理モデルとしての5近傍セルオートマトンについて,2024,日本応用数理学会
岡本 和也,早稲田大学大学院,,,,群集を表現する数理モデルとしての5近傍セルオートマトンについて,2024,日本応用数理学会
岡本 和也,早稲田大学,,,,交通流に対する遅延差分方程式モデルにおけるNeimark-Sacker分岐,2024,日本応用数理学会
岡本 和也,早稲田大学,,,,交通流に対する遅延差分方程式モデルにおけるNeimark-Sacker分岐,2024,日本応用数理学会
岡本 和也,早稲田大学,,,,高速道路で発生するハンチング現象の周波数解析,2025,日本応用数理学会
岡本 和也,早稲田大学,,,,高速道路で発生するハンチング現象の周波数解析,2025,日本応用数理学会
岡本 和也,早稲田大学大学院,,,,人流を表現するためのFCA184の拡張,2022,日本応用数理学会
岡本 和也,早稲田大学大学院,,,,人流を表現するためのFCA184の拡張,2022,日本応用数理学会
岡野 大,愛媛大学,,,,代用電荷法による数値等角写像の最小二乗法を用いた電荷決定について,2022,日本応用数理学会
岡野 大,愛媛大学,,,,代用電荷法による数値等角写像の最小二乗法を用いた電荷決定について,2022,日本応用数理学会
岡野 大,愛媛大学,,,,複雑な境界を持つ領域への代用電荷法による数値等角写像の方法について,2021,日本応用数理学会
岡野 大,愛媛大学,,,,複雑な境界を持つ領域への代用電荷法による数値等角写像の方法について,2021,日本応用数理学会
岡嵜 郁也,東京大学,,,,Wasserstein空間上の勾配流によるトポロジー最適化,2025,日本応用数理学会
岡嵜 郁也,東京大学,,,,Wasserstein空間上の勾配流によるトポロジー最適化,2025,日本応用数理学会
岡﨑 智久,理化学研究所,,,,Physics-informed深層学習による地震時地殻変動解析,2024,日本応用数理学会
岡﨑 智久,理化学研究所,,,,Physics-informed深層学習による地震時地殻変動解析,2024,日本応用数理学会
岡﨑 智久,理化学研究所革新知能統合研究センター,,,,転位の形状不変性と物理深層学習を用いた地殻変動観測からの地震断層推定,2025,日本応用数理学会
岡﨑 智久,理化学研究所革新知能統合研究センター,,,,転位の形状不変性と物理深層学習を用いた地殻変動観測からの地震断層推定,2025,日本応用数理学会
岡﨑 智久,理化学研究所,,,,物理情報深層学習に基づく関数空間での事前分布に着目した偏微分方程式パラメータのベイズ推定,2025,日本応用数理学会
岡﨑 智久,理化学研究所,,,,物理情報深層学習に基づく関数空間での事前分布に着目した偏微分方程式パラメータのベイズ推定,2025,日本応用数理学会
荻原 俊子,城西大学 理学部,,,,星状グラフの分岐点における2種競争拡散系のフロント解の通過・停止,2021,日本応用数理学会
荻原 俊子,城西大学 理学部,,,,星状グラフの分岐点における2種競争拡散系のフロント解の通過・停止,2021,日本応用数理学会
荻田 武史,東京女子大学 現代教養学部,,,,実対称固有値分解に対する反復改良法の高速化,2021,日本応用数理学会
荻田 武史,東京女子大学 現代教養学部,,,,実対称固有値分解に対する反復改良法の高速化,2021,日本応用数理学会
荻田 武史,東京女子大学 現代教養学部,,,,対称ブロック低ランク行列の精度保証付き固有値問題解法,2022,日本応用数理学会
荻田 武史,東京女子大学 現代教養学部,,,,対称ブロック低ランク行列の精度保証付き固有値問題解法,2022,日本応用数理学会
荻田 武史,東京女子大学,,,,尾崎スキームによる無限精度内積と再現可能疎行列反復ソルバーへの応用,2022,日本応用数理学会
荻田 武史,東京女子大学,,,,尾崎スキームによる無限精度内積と再現可能疎行列反復ソルバーへの応用,2022,日本応用数理学会
荻田 武史,東京女子大学,,,,不等分割による行列積のエラーフリー変換の高精度計算への応用,2022,日本応用数理学会
荻田 武史,東京女子大学,,,,不等分割による行列積のエラーフリー変換の高精度計算への応用,2022,日本応用数理学会
下元 翼,名古屋大学,,,,形状最適化解析を対象にした Karhunen-Loeve 展開によるモデル次元縮退,2021,日本応用数理学会
下元 翼,名古屋大学,,,,形状最適化解析を対象にした Karhunen-Loeve 展開によるモデル次元縮退,2021,日本応用数理学会
下川 航也,お茶の水女子大学基幹研究院,,,,多相共連続構造の数学的モデルと安定化,2022,日本応用数理学会
下川 航也,お茶の水女子大学基幹研究院,,,,多相共連続構造の数学的モデルと安定化,2022,日本応用数理学会
下川 航也,お茶の水女子大学,,,,多面体絡み目の分類とその応用,2022,日本応用数理学会
下川 航也,お茶の水女子大学,,,,多面体絡み目の分類とその応用,2022,日本応用数理学会
下川辺 隆史,東京大学,,,,[企画講演] スパコンMiyabiとGPUアプリケーション開発,2025,日本応用数理学会
下川辺 隆史,東京大学,,,,[企画講演] スパコンMiyabiとGPUアプリケーション開発,2025,日本応用数理学会
下村 陽一,東北大学,,,,SYCLプログラミング環境の実装と自動チューニング機能の評価,2022,日本応用数理学会
下村 陽一,東北大学,,,,SYCLプログラミング環境の実装と自動チューニング機能の評価,2022,日本応用数理学会
下谷 俊人,株式会社 TMEIC,,,,ベイズ最適化によるプラントモデルパラメータの同定,2022,日本応用数理学会
下谷 俊人,株式会社 TMEIC,,,,ベイズ最適化によるプラントモデルパラメータの同定,2022,日本応用数理学会
下地 優作,明治大学大学院理工学研究科,,,,時間依存する隙間を持つHele-Shawセル内の磁性流体の運動について,2022,日本応用数理学会
下地 優作,明治大学大学院理工学研究科,,,,時間依存する隙間を持つHele-Shawセル内の磁性流体の運動について,2022,日本応用数理学会
加治佐 貴大,電気通信大学,,,,φ^4スカラー場マシンによる多峰的モーメントマッチング問題の可解性について,2025,日本応用数理学会
加治佐 貴大,電気通信大学,,,,φ^4スカラー場マシンによる多峰的モーメントマッチング問題の可解性について,2025,日本応用数理学会
加藤 寛之,嘉悦大学,,,,加重平均下での多腕バンディット問題におけるリグレット上限の短期間での改善,2025,日本応用数理学会
加藤 寛之,嘉悦大学,,,,加重平均下での多腕バンディット問題におけるリグレット上限の短期間での改善,2025,日本応用数理学会
加藤 寛之,嘉悦大学,,,,条件付ファジィ測度とその応用,2024,日本応用数理学会
加藤 寛之,嘉悦大学,,,,条件付ファジィ測度とその応用,2024,日本応用数理学会
加藤 響,一橋大学,,,,小さな変化が（カオスによらず）大きな影響をもたらす場合について,2025,日本応用数理学会
加藤 響,一橋大学,,,,小さな変化が（カオスによらず）大きな影響をもたらす場合について,2025,日本応用数理学会
加藤 初弘,山梨大学,,,,重調和波動方程式の有限要素解析と擬似波面を用いた境界条件,2021,日本応用数理学会
加藤 初弘,山梨大学,,,,重調和波動方程式の有限要素解析と擬似波面を用いた境界条件,2021,日本応用数理学会
加藤 譲,東京工業大学,,,,エレメンタリーセルオートマトンのKoopmanスペクトル解析,2021,日本応用数理学会
加藤 譲,東京工業大学,,,,エレメンタリーセルオートマトンのKoopmanスペクトル解析,2021,日本応用数理学会
加藤 大輔,みずほリサーチ&テクノロジーズ,,,,Mean-DCCAアプローチによるマルチスケールなポートフォリオの構築,2022,日本応用数理学会
加藤 大輔,みずほリサーチ&テクノロジーズ,,,,Mean-DCCAアプローチによるマルチスケールなポートフォリオの構築,2022,日本応用数理学会
加藤 拓,東京大学,,,,外積代数におけるGröbner基底計算アルゴリズムの計算量評価と実装報告,2022,日本応用数理学会
加藤 拓,東京大学,,,,外積代数におけるGröbner基底計算アルゴリズムの計算量評価と実装報告,2022,日本応用数理学会
加納 将行,東北大学,,,,転位の形状不変性と物理深層学習を用いた地殻変動観測からの地震断層推定,2025,日本応用数理学会
加納 将行,東北大学,,,,転位の形状不変性と物理深層学習を用いた地殻変動観測からの地震断層推定,2025,日本応用数理学会
加納 伸一,筑波大学大学院 システム情報工学研究群,,,,SDPに対する Heuristic Facial Reduction Algorithm,2022,日本応用数理学会
加納 伸一,筑波大学大学院 システム情報工学研究群,,,,SDPに対する Heuristic Facial Reduction Algorithm,2022,日本応用数理学会
加納 拓実,京都大学　物理統計学分野研究室,,,,2自由度結合カオス系の解析,2022,日本応用数理学会
加納 拓実,京都大学　物理統計学分野研究室,,,,2自由度結合カオス系の解析,2022,日本応用数理学会
加納 拓実,京都大学 物理統計学分野研究室,,,,3自由度ループ結合カオス系の解析,2021,日本応用数理学会
加納 拓実,京都大学 物理統計学分野研究室,,,,3自由度ループ結合カオス系の解析,2021,日本応用数理学会
嘉指 圭人,ストラスクライド大学 数学・統計学科,,,,解析関数に対する求積公式の最悪誤差の下界について,2024,日本応用数理学会
嘉指 圭人,ストラスクライド大学 数学・統計学科,,,,解析関数に対する求積公式の最悪誤差の下界について,2024,日本応用数理学会
夏川  浩明,京都大学学術情報メディアセンター,,,,Mapperに基づく細胞分化の位相的流れ解析,2021,日本応用数理学会
夏川  浩明,京都大学学術情報メディアセンター,,,,Mapperに基づく細胞分化の位相的流れ解析,2021,日本応用数理学会
夏川 浩明,大阪成蹊大学,,,,データ駆動型の偏微分方程式の推定~可積分系を用いた実験,2024,日本応用数理学会
夏川 浩明,大阪成蹊大学,,,,データ駆動型の偏微分方程式の推定~可積分系を用いた実験,2024,日本応用数理学会
夏目 敦至,名古屋大学未来社会想像機構,,,,低悪性度脳腫瘍の悪性化を抑える最適治療法に関する数理モデル解析,2022,日本応用数理学会
夏目 敦至,名古屋大学未来社会想像機構,,,,低悪性度脳腫瘍の悪性化を抑える最適治療法に関する数理モデル解析,2022,日本応用数理学会
家瑞 欧,京都大学,,,,ニューラルネットワークを用いた偏微分方程式の解法,2021,日本応用数理学会
家瑞 欧,京都大学,,,,ニューラルネットワークを用いた偏微分方程式の解法,2021,日本応用数理学会
家田 雅志,東京理科大学,,,,RBF補間に現れる連立一次方程式の反復解法について,2025,日本応用数理学会
家田 雅志,東京理科大学,,,,RBF補間に現れる連立一次方程式の反復解法について,2025,日本応用数理学会
家田 雅志,東京理科大学,,,,連続時間確率制御に対する数値解法のポートフォリオ最適化への応用,2024,日本応用数理学会
家田 雅志,東京理科大学,,,,連続時間確率制御に対する数値解法のポートフォリオ最適化への応用,2024,日本応用数理学会
河井 雪野,早稲田大学,,,,系統樹におけるクラスタリング評価のための定量的尺度の開発,2025,日本応用数理学会
河井 雪野,早稲田大学,,,,系統樹におけるクラスタリング評価のための定量的尺度の開発,2025,日本応用数理学会
河原 吉伸,九州大学／理化学研究所,,,,エレメンタリーセルオートマトンのKoopmanスペクトル解析,2021,日本応用数理学会
河原 吉伸,九州大学／理化学研究所,,,,エレメンタリーセルオートマトンのKoopmanスペクトル解析,2021,日本応用数理学会
河原 吉伸,大阪大学大学院情報科学研究科,理化学研究所革新知能統合研究センター,,,クープマン作用素に基づく一般化確率的レジリエンスによるティッピング予測,2025,日本応用数理学会
河原 吉伸,大阪大学大学院情報科学研究科,理化学研究所革新知能統合研究センター,,,クープマン作用素に基づく一般化確率的レジリエンスによるティッピング予測,2025,日本応用数理学会
河原 吉伸,大阪大学 大学院情報科学研究科,,,,クープマン作用素に基づく縮約動力学表現の学習と予測・制御への応用,2024,日本応用数理学会
河原 吉伸,大阪大学 大学院情報科学研究科,,,,クープマン作用素に基づく縮約動力学表現の学習と予測・制御への応用,2024,日本応用数理学会
河原 吉伸,大阪大学,,,,連続スペクトルの擬固有関数を用いた非線形力学におけるスペクトル解析,2024,日本応用数理学会
河原 吉伸,大阪大学,,,,連続スペクトルの擬固有関数を用いた非線形力学におけるスペクトル解析,2024,日本応用数理学会
河原 慶嗣,早稲田大学,,,,天の川切紙のモード分岐における弾性モデルと角度バネモデルの比較,2025,日本応用数理学会
河原 慶嗣,早稲田大学,,,,天の川切紙のモード分岐における弾性モデルと角度バネモデルの比較,2025,日本応用数理学会
河合 信之輔,静岡大学,,,,Uninformedな消費者が存在する空間競争における純戦略均衡の新たな例,2021,日本応用数理学会
河合 信之輔,静岡大学,,,,Uninformedな消費者が存在する空間競争における純戦略均衡の新たな例,2021,日本応用数理学会
河合 信之輔,静岡大学,,,,Uninfromedな消費者のいる空間競争における均衡の一事例,2022,日本応用数理学会
河合 信之輔,静岡大学,,,,Uninfromedな消費者のいる空間競争における均衡の一事例,2022,日本応用数理学会
河合 直聡,東京大学,,,,Wisteria/BDEC-01(Odyssey)における並列多重格子法ソルバーの開発と性能評価,2021,日本応用数理学会
河合 直聡,東京大学,,,,Wisteria/BDEC-01(Odyssey)における並列多重格子法ソルバーの開発と性能評価,2021,日本応用数理学会
河合 直聡,名古屋大学,,,,疑似量子アニーリングにおける自動チューニングの適用,2024,日本応用数理学会
河合 直聡,名古屋大学,,,,疑似量子アニーリングにおける自動チューニングの適用,2024,日本応用数理学会
河合 直聡,東北大学,,,,動的負荷分散プラットフォーム(HALEOS)の評価,2025,日本応用数理学会
河合 直聡,東北大学,,,,動的負荷分散プラットフォーム(HALEOS)の評価,2025,日本応用数理学会
河合 未夢,東京理科大学大学院工学研究科経営工学専攻,,,,Probabilistic Singular Value Decomposition: A Probabilistic Model on the Standard Simplex,2022,日本応用数理学会
河合 未夢,東京理科大学大学院工学研究科経営工学専攻,,,,Probabilistic Singular Value Decomposition: A Probabilistic Model on the Standard Simplex,2022,日本応用数理学会
河合 竜雅,長岡技術科学大学,,,,流体構造連成を考慮した内部流れ場領域の形状最適化,2021,日本応用数理学会
河合 竜雅,長岡技術科学大学,,,,流体構造連成を考慮した内部流れ場領域の形状最適化,2021,日本応用数理学会
河瀬 康志,東京大学,,,,予測精度がオンラインアルゴリズムの分布的ロバスト競合比に与える影響の解析,2025,日本応用数理学会
河瀬 康志,東京大学,,,,予測精度がオンラインアルゴリズムの分布的ロバスト競合比に与える影響の解析,2025,日本応用数理学会
河西 航也,日本総合研究所,,,,強化学習におけるSARSA・Q学習を組み合わせた簡便なハイブリッドアルゴリズム,2024,日本応用数理学会
河西 航也,日本総合研究所,,,,強化学習におけるSARSA・Q学習を組み合わせた簡便なハイブリッドアルゴリズム,2024,日本応用数理学会
河野 郁也,静岡理工科大学,,,,FPGAを用いた多様な演算精度による画像認識アルゴリズムの性能評価,2025,日本応用数理学会
河野 郁也,静岡理工科大学,,,,FPGAを用いた多様な演算精度による画像認識アルゴリズムの性能評価,2025,日本応用数理学会
河野 郁也,静岡理工大学,,,,gmpxx mkII.hの紹介:GNU多倍長精度ライブラリのためのC++ラッパーの効率性と使いやすさを向上,2024,日本応用数理学会
河野 郁也,静岡理工大学,,,,gmpxx mkII.hの紹介:GNU多倍長精度ライブラリのためのC++ラッパーの効率性と使いやすさを向上,2024,日本応用数理学会
河野 郁也,会津大学,,,,OpenCLを用いた四倍精度行列乗算のFPGA上実装と評価,2022,日本応用数理学会
河野 郁也,会津大学,,,,OpenCLを用いた四倍精度行列乗算のFPGA上実装と評価,2022,日本応用数理学会
河野 郁也,静岡理工科大学,,,,Stratix10 FPGAによる大規模な四倍精度行列乗算の性能評価,2024,日本応用数理学会
河野 郁也,静岡理工科大学,,,,Stratix10 FPGAによる大規模な四倍精度行列乗算の性能評価,2024,日本応用数理学会
河野 郁也,静岡理工科大学,,,,大学学部生へのHPC技術教育と機械学習・行列乗算の並列計算,2025,日本応用数理学会
河野 郁也,静岡理工科大学,,,,大学学部生へのHPC技術教育と機械学習・行列乗算の並列計算,2025,日本応用数理学会
河野 郁也,静岡理工科大学,,,,複数ノードを用いた大規模な四倍精度行列乗算の実装,2025,日本応用数理学会
河野 郁也,静岡理工科大学,,,,複数ノードを用いた大規模な四倍精度行列乗算の実装,2025,日本応用数理学会
花谷 嘉一,株式会社東芝,,,,数理的技法による情報セキュリティの2024年度後半＆2025年度前半の研究動向,2025,日本応用数理学会
花谷 嘉一,株式会社東芝,,,,数理的技法による情報セキュリティの2024年度後半＆2025年度前半の研究動向,2025,日本応用数理学会
花谷 嘉一,株式会社東芝,,,,数理的技法による情報セキュリティの2024年度前半の研究動向,2024,日本応用数理学会
花谷 嘉一,株式会社東芝,,,,数理的技法による情報セキュリティの2024年度前半の研究動向,2024,日本応用数理学会
海老原 瑞馬,福岡工業大学,,,,リザバーコンピューティングにおける教師の動的な選択,2021,日本応用数理学会
海老原 瑞馬,福岡工業大学,,,,リザバーコンピューティングにおける教師の動的な選択,2021,日本応用数理学会
皆川 凜太朗,名古屋大学,,,,指定領域内の多項式固有値問題に対するSakurai-Sugiura法とEhrlich-Aberth法の組み合わせについて,2021,日本応用数理学会
皆川 凜太朗,名古屋大学,,,,指定領域内の多項式固有値問題に対するSakurai-Sugiura法とEhrlich-Aberth法の組み合わせについて,2021,日本応用数理学会
垣内 花,日本女子大学大学院,,,,電気化学反応における周期的沈殿帯形成を記述する数理モデルについて,2025,日本応用数理学会
垣内 花,日本女子大学大学院,,,,電気化学反応における周期的沈殿帯形成を記述する数理モデルについて,2025,日本応用数理学会
柿中 晋治,京都大学大学院,,,,Mean-DCCAアプローチによるマルチスケールなポートフォリオの構築,2022,日本応用数理学会
柿中 晋治,京都大学大学院,,,,Mean-DCCAアプローチによるマルチスケールなポートフォリオの構築,2022,日本応用数理学会
角田 謙吉,九州大学大学院数理学研究院,,,,Glauber–Kawasaki過程に対するスケール極限,2025,日本応用数理学会
角田 謙吉,九州大学大学院数理学研究院,,,,Glauber–Kawasaki過程に対するスケール極限,2025,日本応用数理学会
笠井 博則,福島大学,,,,ある固有ベクトルの表現法を用いた有界領域上の 固有値問題の数値解析,2024,日本応用数理学会
笠井 博則,福島大学,,,,ある固有ベクトルの表現法を用いた有界領域上の 固有値問題の数値解析,2024,日本応用数理学会
笠井 博則,福島大学,,,,ある交代級数の補正項に関する２つの連分数近似,2025,日本応用数理学会
笠井 博則,福島大学,,,,ある交代級数の補正項に関する２つの連分数近似,2025,日本応用数理学会
笠井 博則,福島大学共生システム理工学類,,,,グラフ・ネットワーク上のラプラシアンの固有値問題,2022,日本応用数理学会
笠井 博則,福島大学共生システム理工学類,,,,グラフ・ネットワーク上のラプラシアンの固有値問題,2022,日本応用数理学会
笠井 博則,福島大学共生システム理工学類,,,,簡易な機構を用いた放射線測定の数理モデルによる放射線分布の推定,2022,日本応用数理学会
笠井 博則,福島大学共生システム理工学類,,,,簡易な機構を用いた放射線測定の数理モデルによる放射線分布の推定,2022,日本応用数理学会
笠井 裕之,早稲田大学,,,,半緩和シンクホーンアルゴリズムにおける周辺条件誤差とOT距離誤差の収束解析,2022,日本応用数理学会
笠井 裕之,早稲田大学,,,,半緩和シンクホーンアルゴリズムにおける周辺条件誤差とOT距離誤差の収束解析,2022,日本応用数理学会
梶原 健司,九州大学マス・フォア・インダストリ研究所,,,,カライドサイクルの存在証明,2025,日本応用数理学会
梶原 健司,九州大学マス・フォア・インダストリ研究所,,,,カライドサイクルの存在証明,2025,日本応用数理学会
梶原 健司,九州大学マス・フォア・インダストリ研究所,,,,カライドサイクルの明示公式,2022,日本応用数理学会
梶原 健司,九州大学マス・フォア・インダストリ研究所,,,,カライドサイクルの明示公式,2022,日本応用数理学会
梶原 健司,九州大学マス・フォア・インダストリ研究所,,,,メビウス幾何による自己アフィン性に基づく美的曲線の幾何学,2025,日本応用数理学会
梶原 健司,九州大学マス・フォア・インダストリ研究所,,,,メビウス幾何による自己アフィン性に基づく美的曲線の幾何学,2025,日本応用数理学会
梶原 健司,九州大学マス・フォア・インダストリ研究所,,,,可積分離散べき函数から構成されるMichell-Prager型トラス構造,2025,日本応用数理学会
梶原 健司,九州大学マス・フォア・インダストリ研究所,,,,可積分離散べき函数から構成されるMichell-Prager型トラス構造,2025,日本応用数理学会
梶原 健司,九州大学マス・フォア・インダストリ研究所,,,,曲線の自己アフィン性と等積アフィン幾何,2024,日本応用数理学会
梶原 健司,九州大学マス・フォア・インダストリ研究所,,,,曲線の自己アフィン性と等積アフィン幾何,2024,日本応用数理学会
梶原 健司,九州大学マス・フォア・インダストリ研究所,,,,相似幾何における相似捩率一定空間曲線の可積分変形の生成する曲面,2022,日本応用数理学会
梶原 健司,九州大学マス・フォア・インダストリ研究所,,,,相似幾何における相似捩率一定空間曲線の可積分変形の生成する曲面,2022,日本応用数理学会
梶原 健司,九州大学マス・フォア・インダストリ研究所,,,,相似幾何によるS字型離散対数型美的曲線の生成法,2021,日本応用数理学会
梶原 健司,九州大学マス・フォア・インダストリ研究所,,,,相似幾何によるS字型離散対数型美的曲線の生成法,2021,日本応用数理学会
梶原 健司,九州大学マス・フォア・インダストリ研究所,,,,相似幾何学における空間曲線の時間発展に現れるsine-Gordon方程式,2021,日本応用数理学会
梶原 健司,九州大学マス・フォア・インダストリ研究所,,,,相似幾何学における空間曲線の時間発展に現れるsine-Gordon方程式,2021,日本応用数理学会
梶原 健司,九州大学マス・フォア・インダストリ研究所,,,,離散正則函数を用いたMichellトラス型構造について,2022,日本応用数理学会
梶原 健司,九州大学マス・フォア・インダストリ研究所,,,,離散正則函数を用いたMichellトラス型構造について,2022,日本応用数理学会
梶原 健司,九州大学マス・フォア・インダストリ研究所,,,,捩率一定空間曲線およびtorsion angle一定空間離散曲線に対する楕円テータ函数による明示公式,2021,日本応用数理学会
梶原 健司,九州大学マス・フォア・インダストリ研究所,,,,捩率一定空間曲線およびtorsion angle一定空間離散曲線に対する楕円テータ函数による明示公式,2021,日本応用数理学会
梶原 唯加,京都大学,,,,Hamiltonian systems and monotone twist maps for braids,2025,日本応用数理学会
梶原 唯加,京都大学,,,,Hamiltonian systems and monotone twist maps for braids,2025,日本応用数理学会
梶原 唯加,京都大学,,,,平面2n体問題の周期解から作られるbraid type,2022,日本応用数理学会
梶原 唯加,京都大学,,,,平面2n体問題の周期解から作られるbraid type,2022,日本応用数理学会
梶原 唯加,京都大学,,,,平面Sitnikov問題におけるヘテロクリニック軌道の変分的構成,2025,日本応用数理学会
梶原 唯加,京都大学,,,,平面Sitnikov問題におけるヘテロクリニック軌道の変分的構成,2025,日本応用数理学会
梶原 唯加,京都大学,,,,変分法による空間Hill 問題の周期軌道の存在証明,2021,日本応用数理学会
梶原 唯加,京都大学,,,,変分法による空間Hill 問題の周期軌道の存在証明,2021,日本応用数理学会
梶川 駿介,京都大学大学院医学研究科臨床神経学,,,,順列エントロピーによるてんかん発作の特徴づけ,2024,日本応用数理学会
梶川 駿介,京都大学大学院医学研究科臨床神経学,,,,順列エントロピーによるてんかん発作の特徴づけ,2024,日本応用数理学会
鎌田 斗南,北陸先端科学技術大学院大学,,,,一次元折り紙の計算複雑性とその電子署名方式への応用,2022,日本応用数理学会
鎌田 斗南,北陸先端科学技術大学院大学,,,,一次元折り紙の計算複雑性とその電子署名方式への応用,2022,日本応用数理学会
鎌田 斗南,北陸先端科学技術大学院大学,,,,多面体の共通展開図の非存在性,2022,日本応用数理学会
鎌田 斗南,北陸先端科学技術大学院大学,,,,多面体の共通展開図の非存在性,2022,日本応用数理学会
乾 正知,茨城大学,,,,球面2次Bezier曲線のG2接続とその有理化,2021,日本応用数理学会
乾 正知,茨城大学,,,,球面2次Bezier曲線のG2接続とその有理化,2021,日本応用数理学会
乾 正知,茨城大学,,,,高速図形処理技術とその機械製造自動化への応用,2024,日本応用数理学会
乾 正知,茨城大学,,,,高速図形処理技術とその機械製造自動化への応用,2024,日本応用数理学会
寒野 善博,東京大学,,,,カーネル法による線形制約の下でのデータ点からの曲面の生成法,2022,日本応用数理学会
寒野 善博,東京大学,,,,カーネル法による線形制約の下でのデータ点からの曲面の生成法,2022,日本応用数理学会
寒野 善博,東京大学 大学院情報理工学系研究科,,,,コンプライアンスのバッファード故障確率による不確実性下でのトラスのデータ駆動型最適設計,2025,日本応用数理学会
寒野 善博,東京大学 大学院情報理工学系研究科,,,,コンプライアンスのバッファード故障確率による不確実性下でのトラスのデータ駆動型最適設計,2025,日本応用数理学会
寒野 善博,東京大学,,,,トポロジー最適化における不連続・非有界な一般化固有値関数に対する近似関数の構成,2024,日本応用数理学会
寒野 善博,東京大学,,,,トポロジー最適化における不連続・非有界な一般化固有値関数に対する近似関数の構成,2024,日本応用数理学会
寒野 善博,東京大学,,,,トラスのコンプライアンスに対する分布的ロバストCVaR制約付き期待値最小化問題の定式化,2024,日本応用数理学会
寒野 善博,東京大学,,,,トラスのコンプライアンスに対する分布的ロバストCVaR制約付き期待値最小化問題の定式化,2024,日本応用数理学会
甘利 悠貴,慶應義塾大学,,,,磁壁に閉じ込められたスキルミオン格子,2024,日本応用数理学会
甘利 悠貴,慶應義塾大学,,,,磁壁に閉じ込められたスキルミオン格子,2024,日本応用数理学会
関口 真基,東京都立荻窪高等学校,,,,原点シフト付きロトカ・ボルテラ系に対する超離散化から得られる箱玉系の性質について,2021,日本応用数理学会
関口 真基,東京都立荻窪高等学校,,,,原点シフト付きロトカ・ボルテラ系に対する超離散化から得られる箱玉系の性質について,2021,日本応用数理学会
関口 真基,東京都立荻窪高等学校,,,,離散相対論的戸田方程式から導かれる交通流モデル,2021,日本応用数理学会
関口 真基,東京都立荻窪高等学校,,,,離散相対論的戸田方程式から導かれる交通流モデル,2021,日本応用数理学会
関根 晃太,東洋大学,,,,1次元エノン方程式の分岐図に対する計算機援用解析,2021,日本応用数理学会
関根 晃太,東洋大学,,,,1次元エノン方程式の分岐図に対する計算機援用解析,2021,日本応用数理学会
関根 晃太,千葉工業大学,,,,3つのHilbert空間の組における最良な射影誤差定数について,2022,日本応用数理学会
関根 晃太,千葉工業大学,,,,3つのHilbert空間の組における最良な射影誤差定数について,2022,日本応用数理学会
関根 晃太,千葉工業大学,,,,3変数のフィッツヒュー・南雲方程式の解に特化した精度保証付き数値計算法,2025,日本応用数理学会
関根 晃太,千葉工業大学,,,,3変数のフィッツヒュー・南雲方程式の解に特化した精度保証付き数値計算法,2025,日本応用数理学会
関根 晃太,千葉工業大学,,,,Gray-Scott方程式のDirichlet境界値問題における逆作用素ノルムの評価法,2025,日本応用数理学会
関根 晃太,千葉工業大学,,,,Gray-Scott方程式のDirichlet境界値問題における逆作用素ノルムの評価法,2025,日本応用数理学会
関根 晃太,千葉工業大学,,,,Macky-Glass方程式に外力を加えた方程式のシミュレーショ ンと逆作用素のノルム評価について,2022,日本応用数理学会
関根 晃太,千葉工業大学,,,,Macky-Glass方程式に外力を加えた方程式のシミュレーショ ンと逆作用素のノルム評価について,2022,日本応用数理学会
関根 晃太,千葉工業大学,,,,外力項を加えた池田遅延微分方程式における分数調波解の精度保証,2022,日本応用数理学会
関根 晃太,千葉工業大学,,,,外力項を加えた池田遅延微分方程式における分数調波解の精度保証,2022,日本応用数理学会
関根 晃太,千葉工業大学,,,,教師あり学習による精度保証付き数値積分のパラメータ選定の試み,2025,日本応用数理学会
関根 晃太,千葉工業大学,,,,教師あり学習による精度保証付き数値積分のパラメータ選定の試み,2025,日本応用数理学会
関根 晃太,東洋大学,,,,楕円型方程式と放物型方程式に対する半離散ガレルキン近似の誤差定数について,2021,日本応用数理学会
関根 晃太,東洋大学,,,,楕円型方程式と放物型方程式に対する半離散ガレルキン近似の誤差定数について,2021,日本応用数理学会
関根 晃太,東洋大学,,,,遅延van der Pol-Duffing方程式に対する逆分岐図を用いた分数調波解の解析,2021,日本応用数理学会
関根 晃太,東洋大学,,,,遅延van der Pol-Duffing方程式に対する逆分岐図を用いた分数調波解の解析,2021,日本応用数理学会
関根 晃太,東洋大学,,,,遅延van der Pol-Duffing方程式の非周期解の数値計算,2021,日本応用数理学会
関根 晃太,東洋大学,,,,遅延van der Pol-Duffing方程式の非周期解の数値計算,2021,日本応用数理学会
関根 晃太,千葉工業大学,,,,遅延連立エルニーニョ方程式に対する逆分岐図を用いた分数調波解の解析,2022,日本応用数理学会
関根 晃太,千葉工業大学,,,,遅延連立エルニーニョ方程式に対する逆分岐図を用いた分数調波解の解析,2022,日本応用数理学会
関根 晃太,千葉工業大学,,,,熱方程式のPetrov型全離散ガレルキン近似の事前誤差評価,2024,日本応用数理学会
関根 晃太,千葉工業大学,,,,熱方程式のPetrov型全離散ガレルキン近似の事前誤差評価,2024,日本応用数理学会
関根 晃太,千葉工業大学情報変革科学部情報工学科,,,,分布遅延項を含む遅延微分方程式における分数調波解の精度保証,2024,日本応用数理学会
関根 晃太,千葉工業大学情報変革科学部情報工学科,,,,分布遅延項を含む遅延微分方程式における分数調波解の精度保証,2024,日本応用数理学会
関根 晃太,千葉工業大学,,,,放物型方程式の全離散近似に対する誤差評価について,2022,日本応用数理学会
関根 晃太,千葉工業大学,,,,放物型方程式の全離散近似に対する誤差評価について,2022,日本応用数理学会
関根 彩桂,お茶の水女子大学大学院,,,,評価値合計順の彩色アルゴリズムとウェルシュパウエルの彩色アルゴリズムの比較,2021,日本応用数理学会
関根 彩桂,お茶の水女子大学大学院,,,,評価値合計順の彩色アルゴリズムとウェルシュパウエルの彩色アルゴリズムの比較,2021,日本応用数理学会
関根 順,大阪大学,,,,Epstein-Zin 型確率微分効用最大化に対するホモトピー摂動近似,2025,日本応用数理学会
関根 順,大阪大学,,,,Epstein-Zin 型確率微分効用最大化に対するホモトピー摂動近似,2025,日本応用数理学会
関根 順,大阪大学,,,,Epstein-Zin型再帰効用と相対パフォーマンス指標を用いたマルチプレイヤー確率微分ゲームの明示的均衡表現,2022,日本応用数理学会
関根 順,大阪大学,,,,Epstein-Zin型再帰効用と相対パフォーマンス指標を用いたマルチプレイヤー確率微分ゲームの明示的均衡表現,2022,日本応用数理学会
関坂,山本,,,,非局所反応拡散方程式に対する反応拡散近似,2022,日本応用数理学会
関坂,山本,,,,非局所反応拡散方程式に対する反応拡散近似,2022,日本応用数理学会
関川 浩,東京理科大学,,,,マンハッタン距離ボロノイ図の母点探索,2022,日本応用数理学会
関川 浩,東京理科大学,,,,マンハッタン距離ボロノイ図の母点探索,2022,日本応用数理学会
関川 浩,東京理科大学,,,,角度に制限を設けたときの正方形の格子三角形分割,2022,日本応用数理学会
関川 浩,東京理科大学,,,,角度に制限を設けたときの正方形の格子三角形分割,2022,日本応用数理学会
関谷 和之,成蹊大学,,,,A closer target setting approach to SBM model with weight restrictions and production trade-offs,2025,日本応用数理学会
関谷 和之,成蹊大学,,,,A closer target setting approach to SBM model with weight restrictions and production trade-offs,2025,日本応用数理学会
関谷 和之,成蹊大学,,,,Bottleneck type DEA model reformulation under production trade-offs,2024,日本応用数理学会
関谷 和之,成蹊大学,,,,Bottleneck type DEA model reformulation under production trade-offs,2024,日本応用数理学会
関野 智,株式会社IHI,,,,大規模灌漑システムの最適制御に向けたVAR-LiNGAMによる因果解析,2025,日本応用数理学会
関野 智,株式会社IHI,,,,大規模灌漑システムの最適制御に向けたVAR-LiNGAMによる因果解析,2025,日本応用数理学会
舘 知宏,東京大学　大学院総合文化研究科,,,,8ピースカレイドサイクルの機構解析とその平面敷き詰め,2022,日本応用数理学会
舘 知宏,東京大学　大学院総合文化研究科,,,,8ピースカレイドサイクルの機構解析とその平面敷き詰め,2022,日本応用数理学会
舘 知宏,東京大学,,,,Exploration of the mountain-valley assignments of rigid origami tessellations,2025,日本応用数理学会
舘 知宏,東京大学,,,,Exploration of the mountain-valley assignments of rigid origami tessellations,2025,日本応用数理学会
舘 知宏,東京大学,,,,回転対称なWaterbomb Tessellationによる波状曲面-一般展開図における安定性解析-,2021,日本応用数理学会
舘 知宏,東京大学,,,,回転対称なWaterbomb Tessellationによる波状曲面-一般展開図における安定性解析-,2021,日本応用数理学会
舘 知宏,東京大学,,,,局在化した波動モードをもつ折紙チューブ弾性波メタマテリアル,2024,日本応用数理学会
舘 知宏,東京大学,,,,局在化した波動モードをもつ折紙チューブ弾性波メタマテリアル,2024,日本応用数理学会
舘 知宏,東京大学,,,,剛性異方性を持つサンドイッチ材を用いた曲線折紙機構,2021,日本応用数理学会
舘 知宏,東京大学,,,,剛性異方性を持つサンドイッチ材を用いた曲線折紙機構,2021,日本応用数理学会
舘 知宏,東京大学,,,,折り畳みと展開が結合した折紙チューブによる弾性・音響のメタマテリアル,2025,日本応用数理学会
舘 知宏,東京大学,,,,折り畳みと展開が結合した折紙チューブによる弾性・音響のメタマテリアル,2025,日本応用数理学会
舘 知宏,東京大学,,,,折紙/切紙テッセレーションに現れるソリトンと力学系による解析,2022,日本応用数理学会
舘 知宏,東京大学,,,,折紙/切紙テッセレーションに現れるソリトンと力学系による解析,2022,日本応用数理学会
舘 知宏,東京大学,,,,折紙テセレーションを用いた曲面間の折写像設計,2022,日本応用数理学会
舘 知宏,東京大学,,,,折紙テセレーションを用いた曲面間の折写像設計,2022,日本応用数理学会
舘 知宏,東京大学大学院総合文化研究科広域システム科学系,,,,双対タイリング折紙の剛体折り,2021,日本応用数理学会
舘 知宏,東京大学大学院総合文化研究科広域システム科学系,,,,双対タイリング折紙の剛体折り,2021,日本応用数理学会
舘 知宏,東京大学,,,,弾性測地線シザーズによる曲面展開機構の設計とシミュレーション,2025,日本応用数理学会
舘 知宏,東京大学,,,,弾性測地線シザーズによる曲面展開機構の設計とシミュレーション,2025,日本応用数理学会
舘 知宏,東京大学,,,,天の川切紙のモード分岐における弾性モデルと角度バネモデルの比較,2025,日本応用数理学会
舘 知宏,東京大学,,,,天の川切紙のモード分岐における弾性モデルと角度バネモデルの比較,2025,日本応用数理学会
舘 知宏,東京大学,,,,平行四辺形ラティス切り折紙の引張における大域的性質,2024,日本応用数理学会
舘 知宏,東京大学,,,,平行四辺形ラティス切り折紙の引張における大域的性質,2024,日本応用数理学会
舘 知宏,東京大学,,,,離散力学系モデルを用いた多自由度のMaxwell origami tubeの解析,2024,日本応用数理学会
舘 知宏,東京大学,,,,離散力学系モデルを用いた多自由度のMaxwell origami tubeの解析,2024,日本応用数理学会
舘 知宏,東京大学,,,,立体化するねじり折りの双安定性に与える自己交差の影響,2025,日本応用数理学会
舘 知宏,東京大学,,,,立体化するねじり折りの双安定性に与える自己交差の影響,2025,日本応用数理学会
丸山 泰蔵,東京工業大学,,,,波動伝搬に対するself-consistent methodを用いた数値均質化の基礎的検討,2024,日本応用数理学会
丸山 泰蔵,東京工業大学,,,,波動伝搬に対するself-consistent methodを用いた数値均質化の基礎的検討,2024,日本応用数理学会
丸尾 昭人,富士通,,,,遺伝的アルゴリズムを用いた大規模混合物設計最適化手法,2022,日本応用数理学会
丸尾 昭人,富士通,,,,遺伝的アルゴリズムを用いた大規模混合物設計最適化手法,2022,日本応用数理学会
丸野 健一,早稲田大学理工学術院,,,,[企画講演] 海外研究放浪記：応用可積分系編,2025,日本応用数理学会
丸野 健一,早稲田大学理工学術院,,,,[企画講演] 海外研究放浪記：応用可積分系編,2025,日本応用数理学会
丸野 健一,早稲田大学理工学術院​,,,,3階再帰方程式の探索と高階再帰方程式への拡張,2024,日本応用数理学会
丸野 健一,早稲田大学理工学術院​,,,,3階再帰方程式の探索と高階再帰方程式への拡張,2024,日本応用数理学会
丸野 健一,早稲田大学 理工学術院,,,,Calogero-Bogoyavlenskii-Schiff方程式の楕円ソリトン解,2025,日本応用数理学会
丸野 健一,早稲田大学 理工学術院,,,,Calogero-Bogoyavlenskii-Schiff方程式の楕円ソリトン解,2025,日本応用数理学会
丸野 健一,早稲田大学 理工学術院,,,,N-ソリトン解を持つ遅延KdV、遅延ブシネスク、遅延KP方程式の構成,2022,日本応用数理学会
丸野 健一,早稲田大学 理工学術院,,,,N-ソリトン解を持つ遅延KdV、遅延ブシネスク、遅延KP方程式の構成,2022,日本応用数理学会
丸野 健一,早稲田大学理工学術院,,,,Pfaffian解を持つHungry Lotka-Volterra型方程式とソリトン解,2021,日本応用数理学会
丸野 健一,早稲田大学理工学術院,,,,Pfaffian解を持つHungry Lotka-Volterra型方程式とソリトン解,2021,日本応用数理学会
丸野 健一,早稲田大学,,,,人流を表現するためのFCA184の拡張,2022,日本応用数理学会
丸野 健一,早稲田大学,,,,人流を表現するためのFCA184の拡張,2022,日本応用数理学会
丸野 健一,早稲田大学理工学術院,,,,多成分短パルス型方程式の可積分性を保つ全離散化,2025,日本応用数理学会
丸野 健一,早稲田大学理工学術院,,,,多成分短パルス型方程式の可積分性を保つ全離散化,2025,日本応用数理学会
丸野 健一,早稲田大学理工学術院,,,,多成分短パルス型方程式の可積分性を保つ離散化と数値計算,2024,日本応用数理学会
丸野 健一,早稲田大学理工学術院,,,,多成分短パルス型方程式の可積分性を保つ離散化と数値計算,2024,日本応用数理学会
丸野 健一,早稲田大学理工学術院,,,,楕円型2次元戸田格子方程式のmulti-lump解の構成,2024,日本応用数理学会
丸野 健一,早稲田大学理工学術院,,,,楕円型2次元戸田格子方程式のmulti-lump解の構成,2024,日本応用数理学会
丸野 健一,早稲田大学理工学術院,,,,遅延ソリトン方程式と遅延パンルヴェ方程式：双線形方程式，Lax pair，保存量,2024,日本応用数理学会
丸野 健一,早稲田大学理工学術院,,,,遅延ソリトン方程式と遅延パンルヴェ方程式：双線形方程式，Lax pair，保存量,2024,日本応用数理学会
丸野 健一,早稲田大学理工学術院,,,,遅延可積分系の数理,2025,日本応用数理学会
丸野 健一,早稲田大学理工学術院,,,,遅延可積分系の数理,2025,日本応用数理学会
丸野 健一,早稲田大学理工学術院,,,,遅延離散ロトカ・ボルテラ方程式の超離散化と遅延箱玉系,2022,日本応用数理学会
丸野 健一,早稲田大学理工学術院,,,,遅延離散ロトカ・ボルテラ方程式の超離散化と遅延箱玉系,2022,日本応用数理学会
岸田 真幸,岐阜工業高等専門学校,,,,強化学習における学習時間削減を目的とした報酬関数推定手法の提案,2025,日本応用数理学会
岸田 真幸,岐阜工業高等専門学校,,,,強化学習における学習時間削減を目的とした報酬関数推定手法の提案,2025,日本応用数理学会
岸田 真幸,岐阜工業高等専門学校,,,,修正最適性基準法を用いた密度型トポロジー最適化による多目的最適化問題に対する最適設計,2024,日本応用数理学会
岸田 真幸,岐阜工業高等専門学校,,,,修正最適性基準法を用いた密度型トポロジー最適化による多目的最適化問題に対する最適設計,2024,日本応用数理学会
岸本 勇太,北海道大学大学院理学院,,,,リザバーコンピューティングに基づくてんかん発作判別,2025,日本応用数理学会
岸本 勇太,北海道大学大学院理学院,,,,リザバーコンピューティングに基づくてんかん発作判別,2025,日本応用数理学会
岸本 勇太,北海道大学大学院理学院数学専攻,,,,順列エントロピーによるてんかん発作の特徴づけ,2024,日本応用数理学会
岸本 勇太,北海道大学大学院理学院数学専攻,,,,順列エントロピーによるてんかん発作の特徴づけ,2024,日本応用数理学会
岩永 二郎,株式会社エルデシュ,,,,グルメサービスRetty の推薦システム開発プロジェクトの事例紹介,2024,日本応用数理学会
岩永 二郎,株式会社エルデシュ,,,,グルメサービスRetty の推薦システム開発プロジェクトの事例紹介,2024,日本応用数理学会
岩越 丈尚,三重大学,,,,解読不能なY00量子暗号装置とそのセッション鍵合意に向けて,2021,日本応用数理学会
岩越 丈尚,三重大学,,,,解読不能なY00量子暗号装置とそのセッション鍵合意に向けて,2021,日本応用数理学会
岩下 武史,北海道大学,,,,GMRES(m)法に対する低精度演算・データの積極的導入の可能性に関する検証,2021,日本応用数理学会
岩下 武史,北海道大学,,,,GMRES(m)法に対する低精度演算・データの積極的導入の可能性に関する検証,2021,日本応用数理学会
岩下 武史,北海道大学,,,,GPUに適した近似逆行列前処理の簡略化手法,2021,日本応用数理学会
岩下 武史,北海道大学,,,,GPUに適した近似逆行列前処理の簡略化手法,2021,日本応用数理学会
岩下 武史,京都大学,,,,ICCG法における反復回数と前処理後の係数行列の固有値分布の関係性,2024,日本応用数理学会
岩下 武史,京都大学,,,,ICCG法における反復回数と前処理後の係数行列の固有値分布の関係性,2024,日本応用数理学会
岩下 武史,北海道大学,,,,ブロック構造に基づくフィルイン制御を用いたSIMD演算に適したILU分解前処理手法,2022,日本応用数理学会
岩下 武史,北海道大学,,,,ブロック構造に基づくフィルイン制御を用いたSIMD演算に適したILU分解前処理手法,2022,日本応用数理学会
岩下 武史,京都大学,,,,誤差ベクトルサンプリングに基づく非対称行列向けSubspace Correction前処理法による複数連立一次方程式の求解高速化,2024,日本応用数理学会
岩下 武史,京都大学,,,,誤差ベクトルサンプリングに基づく非対称行列向けSubspace Correction前処理法による複数連立一次方程式の求解高速化,2024,日本応用数理学会
岩元 康晃,長岡技術科学大学,,,,粒子成長の再現シミュレーションを目的としたフェーズフィールド解析における化学的駆動力の同定解析,2025,日本応用数理学会
岩元 康晃,長岡技術科学大学,,,,粒子成長の再現シミュレーションを目的としたフェーズフィールド解析における化学的駆動力の同定解析,2025,日本応用数理学会
岩崎 雅史,京都府立大学　生命環境学部,,,,拡張q-戸田方程式の固有値計算への応用,2021,日本応用数理学会
岩崎 雅史,京都府立大学　生命環境学部,,,,拡張q-戸田方程式の固有値計算への応用,2021,日本応用数理学会
岩崎 雅史,京都府立大学 生命理工情報学部,,,,中心多様体理論を用いた時間遅れ付き離散ロトカ・ヴォルテラ方程式の局所安定性解析,2025,日本応用数理学会
岩崎 雅史,京都府立大学 生命理工情報学部,,,,中心多様体理論を用いた時間遅れ付き離散ロトカ・ヴォルテラ方程式の局所安定性解析,2025,日本応用数理学会
岩崎 雅史,京都府立大学,,,,離散相対論的戸田方程式から導かれる交通流モデル,2021,日本応用数理学会
岩崎 雅史,京都府立大学,,,,離散相対論的戸田方程式から導かれる交通流モデル,2021,日本応用数理学会
岩崎 悟,大阪大学大学院情報科学研究科,,,,メトリックグラフ上の単独反応拡散方程式における安定定常解集合のパラメータ依存関係,2022,日本応用数理学会
岩崎 悟,大阪大学大学院情報科学研究科,,,,メトリックグラフ上の単独反応拡散方程式における安定定常解集合のパラメータ依存関係,2022,日本応用数理学会
岩崎 悟,大阪大学,,,,メトリックグラフ上の熱拡散方程式と観測システムにおける状態決定問題,2021,日本応用数理学会
岩崎 悟,大阪大学,,,,メトリックグラフ上の熱拡散方程式と観測システムにおける状態決定問題,2021,日本応用数理学会
岩崎 悟,大阪大学,,,,メトリックグラフ上の反応拡散方程式のフロント定在波の存在と安定性,2021,日本応用数理学会
岩崎 悟,大阪大学,,,,メトリックグラフ上の反応拡散方程式のフロント定在波の存在と安定性,2021,日本応用数理学会
岩上 義隆,株式会社　アースライズカンパニー,,,,水底地形の作成に関する計測とデータ解析手法および解析結果についての考察,2021,日本応用数理学会
岩上 義隆,株式会社　アースライズカンパニー,,,,水底地形の作成に関する計測とデータ解析手法および解析結果についての考察,2021,日本応用数理学会
岩上 義隆,株式会社　アースライズカンパニー,,,,船体の運動にともなう測位ー測深誤差の補正手法に関する考察,2022,日本応用数理学会
岩上 義隆,株式会社　アースライズカンパニー,,,,船体の運動にともなう測位ー測深誤差の補正手法に関する考察,2022,日本応用数理学会
岩上 聡,株式会社　アースライズカンパニー,,,,水底地形の作成に関する計測とデータ解析手法および解析結果についての考察,2021,日本応用数理学会
岩上 聡,株式会社　アースライズカンパニー,,,,水底地形の作成に関する計測とデータ解析手法および解析結果についての考察,2021,日本応用数理学会
岩上 聡,株式会社　アースライズカンパニー,,,,船体の運動にともなう測位ー測深誤差の補正手法に関する考察,2022,日本応用数理学会
岩上 聡,株式会社　アースライズカンパニー,,,,船体の運動にともなう測位ー測深誤差の補正手法に関する考察,2022,日本応用数理学会
岩瀬 英治,早稲田大学,,,,天の川切紙のモード分岐における弾性モデルと角度バネモデルの比較,2025,日本応用数理学会
岩瀬 英治,早稲田大学,,,,天の川切紙のモード分岐における弾性モデルと角度バネモデルの比較,2025,日本応用数理学会
岩政 勇仁,京都大学,,,,2x2型分割多項式行列の行列式次数を求める組合せ的多項式時間アルゴリズム,2021,日本応用数理学会
岩政 勇仁,京都大学,,,,2x2型分割多項式行列の行列式次数を求める組合せ的多項式時間アルゴリズム,2021,日本応用数理学会
岩田 えりな,早稲田大学大学院基幹理工学研究科,,,,3階再帰方程式の探索と高階再帰方程式への拡張,2024,日本応用数理学会
岩田 えりな,早稲田大学大学院基幹理工学研究科,,,,3階再帰方程式の探索と高階再帰方程式への拡張,2024,日本応用数理学会
岩田 覚,東京大学・北海道大学,,,,ジャイレータを含む回路の微分代数方程式モデルの解析,2024,日本応用数理学会
岩田 覚,東京大学・北海道大学,,,,ジャイレータを含む回路の微分代数方程式モデルの解析,2024,日本応用数理学会
岩尾  憲幸,福井工業大学,,,,レーザーカオスにおけるのモードの同時性,2021,日本応用数理学会
岩尾  憲幸,福井工業大学,,,,レーザーカオスにおけるのモードの同時性,2021,日本応用数理学会
岩尾 憲幸,福井工業大学,,,,光ビートの効率解析によるレーザーカオスにおけるモードの同時性の証明,2022,日本応用数理学会
岩尾 憲幸,福井工業大学,,,,光ビートの効率解析によるレーザーカオスにおけるモードの同時性の証明,2022,日本応用数理学会
岩本 晴道,鳥取大学,,,,ポピュレーションアニーリング型モンテカルロ法における分布診断法と全反射高速陽電子回折実験への応用,2022,日本応用数理学会
岩本 晴道,鳥取大学,,,,ポピュレーションアニーリング型モンテカルロ法における分布診断法と全反射高速陽電子回折実験への応用,2022,日本応用数理学会
岩本 晴道,鳥取大院工,,,,先端測定データ解析に向けた超並列モンテカルロ法計算,2021,日本応用数理学会
岩本 晴道,鳥取大院工,,,,先端測定データ解析に向けた超並列モンテカルロ法計算,2021,日本応用数理学会
岩本 直也,福岡工業大学,,,,楕円型方程式の解による厚みの表現と構造最適化への応用,2025,日本応用数理学会
岩本 直也,福岡工業大学,,,,楕円型方程式の解による厚みの表現と構造最適化への応用,2025,日本応用数理学会
岩﨑 雅史,京都府立大学,,,,Supertropical代数上の行列の特異値分解に対する組合せ論的アルゴリズム,2024,日本応用数理学会
岩﨑 雅史,京都府立大学,,,,Supertropical代数上の行列の特異値分解に対する組合せ論的アルゴリズム,2024,日本応用数理学会
岩﨑 雅史,京都府立大学,,,,フィボナッチ数の2乗を用いた整数の表現,2022,日本応用数理学会
岩﨑 雅史,京都府立大学,,,,フィボナッチ数の2乗を用いた整数の表現,2022,日本応用数理学会
岩﨑 雅史,京都府立大学,,,,運搬車容量付きの箱に番号が付いた箱玉系とシフト付きLR変換との対応,2022,日本応用数理学会
岩﨑 雅史,京都府立大学,,,,運搬車容量付きの箱に番号が付いた箱玉系とシフト付きLR変換との対応,2022,日本応用数理学会
岩﨑 雅史,京都府立大学,,,,原点シフト付きロトカ・ボルテラ系に対する超離散化から得られる箱玉系の性質について,2021,日本応用数理学会
岩﨑 雅史,京都府立大学,,,,原点シフト付きロトカ・ボルテラ系に対する超離散化から得られる箱玉系の性質について,2021,日本応用数理学会
岩﨑 雅史,京都府立大学,,,,分散共分散行列の逆行列の対角成分の逆数の高精度計算から拡張版 Lotka-Volterra 方程式へ,2025,日本応用数理学会
岩﨑 雅史,京都府立大学,,,,分散共分散行列の逆行列の対角成分の逆数の高精度計算から拡張版 Lotka-Volterra 方程式へ,2025,日本応用数理学会
岩﨑 俊,京都大学大学院,,,,GANによる一般化ブール変換により生成される時系列の学習可能性,2022,日本応用数理学会
岩﨑 俊,京都大学大学院,,,,GANによる一般化ブール変換により生成される時系列の学習可能性,2022,日本応用数理学会
岩﨑 仁冴,龍谷大学,,,,3次元格子のボロノイ多面体,2025,日本応用数理学会
岩﨑 仁冴,龍谷大学,,,,3次元格子のボロノイ多面体,2025,日本応用数理学会
喜井 大誠,大阪大学,,,,Wasserstein距離に基づくかたちの交叉：進化的トポロジー最適化への展開,2025,日本応用数理学会
喜井 大誠,大阪大学,,,,Wasserstein距離に基づくかたちの交叉：進化的トポロジー最適化への展開,2025,日本応用数理学会
亀谷 幸憲,明治大学,,,,低Re数境界層における乱流伝熱促進のための形状最適化,2024,日本応用数理学会
亀谷 幸憲,明治大学,,,,低Re数境界層における乱流伝熱促進のための形状最適化,2024,日本応用数理学会
儀我 美一,東京大学,,,,４階全変動流方程式の解の挙動について,2024,日本応用数理学会
儀我 美一,東京大学,,,,４階全変動流方程式の解の挙動について,2024,日本応用数理学会
儀我 美一,東京大学,,,,Kobayashi-Warren-Carter汎関数の精密特異極限とその勾配流の挙動について,2022,日本応用数理学会
儀我 美一,東京大学,,,,Kobayashi-Warren-Carter汎関数の精密特異極限とその勾配流の挙動について,2022,日本応用数理学会
儀我 美一,東京大学,,,,符号拡散による2値クラス分類器とその応用,2021,日本応用数理学会
儀我 美一,東京大学,,,,符号拡散による2値クラス分類器とその応用,2021,日本応用数理学会
儀我 美保,東京大学,,,,符号拡散による2値クラス分類器とその応用,2021,日本応用数理学会
儀我 美保,東京大学,,,,符号拡散による2値クラス分類器とその応用,2021,日本応用数理学会
菊地 文雄,東京大学,,,,ハイパーサークル法を用いた有限要素解の事後誤差評価,2024,日本応用数理学会
菊地 文雄,東京大学,,,,ハイパーサークル法を用いた有限要素解の事後誤差評価,2024,日本応用数理学会
菊地 祐太,早稲田大学,,,,距離行列から系統ネットワークを作る NJ-like ヒューリスティックスの開発,2024,日本応用数理学会
菊地 祐太,早稲田大学,,,,距離行列から系統ネットワークを作る NJ-like ヒューリスティックスの開発,2024,日本応用数理学会
菊地 祐太,早稲田大学 基幹理工学研究科 数学応用数理専攻,,,,系統ネットワークに含まれる全域系統樹とベース系統樹の数え上げ問題,2022,日本応用数理学会
菊地 祐太,早稲田大学 基幹理工学研究科 数学応用数理専攻,,,,系統ネットワークに含まれる全域系統樹とベース系統樹の数え上げ問題,2022,日本応用数理学会
吉見 一慶,東大物性研,,,,先端測定データ解析に向けた超並列モンテカルロ法計算,2021,日本応用数理学会
吉見 一慶,東大物性研,,,,先端測定データ解析に向けた超並列モンテカルロ法計算,2021,日本応用数理学会
吉原 広将,横浜国立大学,,,,極端なアスペクト比を伴う断面をもつ細い弾性体に関する固有値問題,2022,日本応用数理学会
吉原 広将,横浜国立大学,,,,極端なアスペクト比を伴う断面をもつ細い弾性体に関する固有値問題,2022,日本応用数理学会
吉原 爽太,名古屋大学大学院多元数理科学研究科,,,,既知軌道上を運動する対象に対する追跡曲線の解析と関連力学系の性質,2025,日本応用数理学会
吉原 爽太,名古屋大学大学院多元数理科学研究科,,,,既知軌道上を運動する対象に対する追跡曲線の解析と関連力学系の性質,2025,日本応用数理学会
吉原 爽太,名古屋大学大学院多元数理科学研究科,,,,制御理論を用いたLSTMのレジリエンスの定式化と保証手法,2025,日本応用数理学会
吉原 爽太,名古屋大学大学院多元数理科学研究科,,,,制御理論を用いたLSTMのレジリエンスの定式化と保証手法,2025,日本応用数理学会
吉原 爽太,名古屋大学大学院多元数理科学研究科,,,,楕円の場合の一対一の追跡と逃避,2024,日本応用数理学会
吉原 爽太,名古屋大学大学院多元数理科学研究科,,,,楕円の場合の一対一の追跡と逃避,2024,日本応用数理学会
吉住 崚,九州大学,,,,楕円曲線の直積を定義域とする高次数同種写像計算の効率化,2025,日本応用数理学会
吉住 崚,九州大学,,,,楕円曲線の直積を定義域とする高次数同種写像計算の効率化,2025,日本応用数理学会
吉瀬 章子,筑波大学,,,,On the Global Convergence of Riemannian Interior Point Method,2022,日本応用数理学会
吉瀬 章子,筑波大学,,,,On the Global Convergence of Riemannian Interior Point Method,2022,日本応用数理学会
吉瀬 章子,筑波大学 システム情報系,,,,SDPに対する Heuristic Facial Reduction Algorithm,2022,日本応用数理学会
吉瀬 章子,筑波大学 システム情報系,,,,SDPに対する Heuristic Facial Reduction Algorithm,2022,日本応用数理学会
吉川 浩史,関西学院大学,,,,MOFとトポロジー,2022,日本応用数理学会
吉川 浩史,関西学院大学,,,,MOFとトポロジー,2022,日本応用数理学会
吉川 稜,福知山公立大学,,,,2次元ファジーセルオートマトンを用いた感染症モデル,2025,日本応用数理学会
吉川 稜,福知山公立大学,,,,2次元ファジーセルオートマトンを用いた感染症モデル,2025,日本応用数理学会
吉村 英人,みずほリサーチ&テクノロジーズ株式会社,,,,弾性変形を考慮した浮体の運動方程式における流体力の検討,2022,日本応用数理学会
吉村 英人,みずほリサーチ&テクノロジーズ株式会社,,,,弾性変形を考慮した浮体の運動方程式における流体力の検討,2022,日本応用数理学会
吉村 浩明,早稲田大学,,,,ポアソン＝ディラック構造を用いた深層学習による連成系のモデル化,2025,日本応用数理学会
吉村 浩明,早稲田大学,,,,ポアソン＝ディラック構造を用いた深層学習による連成系のモデル化,2025,日本応用数理学会
吉村 浩明,早稲田大学,,,,ホロノミック拘束系のためのディラックニューラルネットワークに基づくモジュラー深層学習,2025,日本応用数理学会
吉村 浩明,早稲田大学,,,,ホロノミック拘束系のためのディラックニューラルネットワークに基づくモジュラー深層学習,2025,日本応用数理学会
吉村 浩明,早稲田大学,,,,ラグランジュ・ディラック系を規範としたニューラルネットワークとホロノミック拘束系への応用,2024,日本応用数理学会
吉村 浩明,早稲田大学,,,,ラグランジュ・ディラック系を規範としたニューラルネットワークとホロノミック拘束系への応用,2024,日本応用数理学会
吉村 浩明,早稲田大学,,,,摂動を受けるレイリー・ベナール対流に現れるラグランジュ・コヒーレント構造と流体輸送の実験的解析,2021,日本応用数理学会
吉村 浩明,早稲田大学,,,,摂動を受けるレイリー・ベナール対流に現れるラグランジュ・コヒーレント構造と流体輸送の実験的解析,2021,日本応用数理学会
吉村 浩明,早稲田大学,,,,大変形を伴って平面上を運動する柔軟梁の古典場理論に基づく定式化とテザー衛星への応用,2025,日本応用数理学会
吉村 浩明,早稲田大学,,,,大変形を伴って平面上を運動する柔軟梁の古典場理論に基づく定式化とテザー衛星への応用,2025,日本応用数理学会
吉村 浩明,早稲田大学理工学術院,,,,二次元SPH法によるキャビテーションクラウドの集団的圧壊に伴う衝撃波現象に関する数値解析,2022,日本応用数理学会
吉村 浩明,早稲田大学理工学術院,,,,二次元SPH法によるキャビテーションクラウドの集団的圧壊に伴う衝撃波現象に関する数値解析,2022,日本応用数理学会
吉村 浩明,早稲田大学,,,,二相混合体理論に基づくキャビテーションクラウドの非定常挙動に関する数値解析,2021,日本応用数理学会
吉村 浩明,早稲田大学,,,,二相混合体理論に基づくキャビテーションクラウドの非定常挙動に関する数値解析,2021,日本応用数理学会
吉村 浩明,早稲田大学,,,,離散ラグランジュ・ディラック力学系に基づく非ホロノミック系の変分的離散化,2024,日本応用数理学会
吉村 浩明,早稲田大学,,,,離散ラグランジュ・ディラック力学系に基づく非ホロノミック系の変分的離散化,2024,日本応用数理学会
吉村 和之,鳥取大学,,,,PISLにおける熱流束の非緩和条件,2025,日本応用数理学会
吉村 和之,鳥取大学,,,,PISLにおける熱流束の非緩和条件,2025,日本応用数理学会
吉田 元紀,東京大学大学院,,,,変形AAAアルゴリズムの事後誤差評価に関する検討,2025,日本応用数理学会
吉田 元紀,東京大学大学院,,,,変形AAAアルゴリズムの事後誤差評価に関する検討,2025,日本応用数理学会
吉田 公亮,株式会社IHI,,,,大規模灌漑システムの最適制御に向けたVAR-LiNGAMによる因果解析,2025,日本応用数理学会
吉田 公亮,株式会社IHI,,,,大規模灌漑システムの最適制御に向けたVAR-LiNGAMによる因果解析,2025,日本応用数理学会
吉田 広顕,株式会社豊田中央研究所,,,,Hamilton-Jacobi-Bellman方程式に対する風上差分法の収束証明,2021,日本応用数理学会
吉田 広顕,株式会社豊田中央研究所,,,,Hamilton-Jacobi-Bellman方程式に対する風上差分法の収束証明,2021,日本応用数理学会
吉田 広顕,株式会社豊田中央研究所,,,,ガウス過程回帰とモンテカルロ法を用いた偏微分方程式の数値計算,2024,日本応用数理学会
吉田 広顕,株式会社豊田中央研究所,,,,ガウス過程回帰とモンテカルロ法を用いた偏微分方程式の数値計算,2024,日本応用数理学会
吉田 広顕,株式会社豊田中央研究所,,,,平均場ゲーム方程式のCole-Hopf変換とFictitiou Play反復による数値計算,2022,日本応用数理学会
吉田 広顕,株式会社豊田中央研究所,,,,平均場ゲーム方程式のCole-Hopf変換とFictitiou Play反復による数値計算,2022,日本応用数理学会
吉田 真紀,国立情報通信研究機構,,,,数理的技法による情報セキュリティの2024年度後半＆2025年度前半の研究動向,2025,日本応用数理学会
吉田 真紀,国立情報通信研究機構,,,,数理的技法による情報セキュリティの2024年度後半＆2025年度前半の研究動向,2025,日本応用数理学会
吉田 真紀,情報通信研究機構,,,,数理的技法による情報セキュリティの2024年度前半の研究動向,2024,日本応用数理学会
吉田 真紀,情報通信研究機構,,,,数理的技法による情報セキュリティの2024年度前半の研究動向,2024,日本応用数理学会
吉田 泰志,岐阜大学,,,,流体構造連成を考慮した内部流路問題の形状最適化,2022,日本応用数理学会
吉田 泰志,岐阜大学,,,,流体構造連成を考慮した内部流路問題の形状最適化,2022,日本応用数理学会
吉田 悠一,NII,,,,二部比に対するO(log n)近似アルゴリズム,2025,日本応用数理学会
吉田 悠一,NII,,,,二部比に対するO(log n)近似アルゴリズム,2025,日本応用数理学会
吉脇 理雄,大阪公立大学数学研究所,,,,可換梯子型パーシステンス加群の表現論的区間分解の計算法,2022,日本応用数理学会
吉脇 理雄,大阪公立大学数学研究所,,,,可換梯子型パーシステンス加群の表現論的区間分解の計算法,2022,日本応用数理学会
久田 正樹,日本電信電話株式会社 宇宙環境エネルギー研究所,,,,最適化手法を用いた海洋生態系モデルパラメータの同定,2024,日本応用数理学会
久田 正樹,日本電信電話株式会社 宇宙環境エネルギー研究所,,,,最適化手法を用いた海洋生態系モデルパラメータの同定,2024,日本応用数理学会
久藤 衡介,早稲田大学 理工学術院,,,,重定・川崎・寺本モデルの定常解の交差拡散極限,2022,日本応用数理学会
久藤 衡介,早稲田大学 理工学術院,,,,重定・川崎・寺本モデルの定常解の交差拡散極限,2022,日本応用数理学会
久米 啓太,東京科学大学,,,,Gradient mapping型停留点評価基準に基づく近接勾配型アルゴリズムに関する一考察,2025,日本応用数理学会
久米 啓太,東京科学大学,,,,Gradient mapping型停留点評価基準に基づく近接勾配型アルゴリズムに関する一考察,2025,日本応用数理学会
久保 奨,公立鳥取環境大学,,,,Max-plus代数における対称式,2021,日本応用数理学会
久保 奨,公立鳥取環境大学,,,,Max-plus代数における対称式,2021,日本応用数理学会
久保 伸,中部大学,,,,斜め入射における円筒導波管のモード解析,2022,日本応用数理学会
久保 伸,中部大学,,,,斜め入射における円筒導波管のモード解析,2022,日本応用数理学会
久保 隆徹,お茶の水女子大学,,,,A spectral method for viscous Burgers equation with a time delay,2021,日本応用数理学会
久保 隆徹,お茶の水女子大学,,,,A spectral method for viscous Burgers equation with a time delay,2021,日本応用数理学会
久保 隆徹,お茶の水女子大学,,,,時間遅れをもつ粘性Burgers方程式の解の性質について,2021,日本応用数理学会
久保 隆徹,お茶の水女子大学,,,,時間遅れをもつ粘性Burgers方程式の解の性質について,2021,日本応用数理学会
久保 隆徹,お茶の水女子大学,,,,分散型時間遅れを持つBurgers方程式の時間大域解について,2022,日本応用数理学会
久保 隆徹,お茶の水女子大学,,,,分散型時間遅れを持つBurgers方程式の時間大域解について,2022,日本応用数理学会
久保 翔太郎,東京工科大学,,,,モーションデータを用いたEMDによる人型ロボットの動作学習最適化,2022,日本応用数理学会
久保 翔太郎,東京工科大学,,,,モーションデータを用いたEMDによる人型ロボットの動作学習最適化,2022,日本応用数理学会
久保埜 成弥,静岡理工科大学,,,,大学学部生へのHPC技術教育と機械学習・行列乗算の並列計算,2025,日本応用数理学会
久保埜 成弥,静岡理工科大学,,,,大学学部生へのHPC技術教育と機械学習・行列乗算の並列計算,2025,日本応用数理学会
久木田 仁,工学院大学,,,,混合精度版ILU(0)前処理付きBiCGSTAB法における低精度方式実現方法による影響の分析,2025,日本応用数理学会
久木田 仁,工学院大学,,,,混合精度版ILU(0)前処理付きBiCGSTAB法における低精度方式実現方法による影響の分析,2025,日本応用数理学会
宮下 朋也,電気通信大学,,,,二重指数関数型数値積分公式を用いた行列符号関数の計算の改良および応用,2022,日本応用数理学会
宮下 朋也,電気通信大学,,,,二重指数関数型数値積分公式を用いた行列符号関数の計算の改良および応用,2022,日本応用数理学会
宮廻 裕樹,東京大学,,,,ネマチック液晶の持つ弾性エネルギーの陽公式に基づくトポロジカル欠陥の平衡解の解析,2024,日本応用数理学会
宮廻 裕樹,東京大学,,,,ネマチック液晶の持つ弾性エネルギーの陽公式に基づくトポロジカル欠陥の平衡解の解析,2024,日本応用数理学会
宮崎 剛,物質・材料研究機構,,,,モジュラリティ行列の固有値計算に基づいた次元削減手法とそのマテリアルズインフォマティクスへの応用,2024,日本応用数理学会
宮崎 剛,物質・材料研究機構,,,,モジュラリティ行列の固有値計算に基づいた次元削減手法とそのマテリアルズインフォマティクスへの応用,2024,日本応用数理学会
宮崎 修一,兵庫県立大学,,,,安定マッチング問題に対するアルゴリズム研究,2024,日本応用数理学会
宮崎 修一,兵庫県立大学,,,,安定マッチング問題に対するアルゴリズム研究,2024,日本応用数理学会
宮崎 武,九州情報大学,,,,整数化した4次元Lorenz-Stenflo方程式の出力値系列に関する乱数性の調査,2025,日本応用数理学会
宮崎 武,九州情報大学,,,,整数化した4次元Lorenz-Stenflo方程式の出力値系列に関する乱数性の調査,2025,日本応用数理学会
宮崎 武,九州情報大学,,,,整数化した4次元Lorenz-Stenflo方程式を用いた擬似乱数ビット列共有手法における同期に関する一考察,2025,日本応用数理学会
宮崎 武,九州情報大学,,,,整数化した4次元Lorenz-Stenflo方程式を用いた擬似乱数ビット列共有手法における同期に関する一考察,2025,日本応用数理学会
宮崎 裕貴,日本大学,,,,Hölder連続勾配をもつ多目的最適化問題に対する近接勾配法,2025,日本応用数理学会
宮崎 裕貴,日本大学,,,,Hölder連続勾配をもつ多目的最適化問題に対する近接勾配法,2025,日本応用数理学会
宮崎 倫子,静岡大学工学部数理システム工学科・大阪大学大学院基礎工学研究科,,,,ある遅延微分方程式におけるネットワーク構造の解挙動への影響について,2021,日本応用数理学会
宮崎 倫子,静岡大学工学部数理システム工学科,,,,ある遅延微分方程式におけるネットワーク構造の解挙動への影響について,2022,日本応用数理学会
宮崎 倫子,静岡大学工学部数理システム工学科・大阪大学大学院基礎工学研究科,,,,ある遅延微分方程式におけるネットワーク構造の解挙動への影響について,2021,日本応用数理学会
宮崎 倫子,静岡大学工学部数理システム工学科,,,,ある遅延微分方程式におけるネットワーク構造の解挙動への影響について,2022,日本応用数理学会
宮崎 倫子,静岡大学工学部数理システム工学科,,,,線形遅延微分方程式とデータ駆動型手法について,2024,日本応用数理学会
宮崎 倫子,静岡大学工学部数理システム工学科,,,,線形遅延微分方程式とデータ駆動型手法について,2024,日本応用数理学会
宮川 陸,東京大学 大学院工学系研究科 航空宇宙工学専攻,,,,大規模イベント会場における規制退場の最適化,2022,日本応用数理学会
宮川 陸,東京大学 大学院工学系研究科 航空宇宙工学専攻,,,,大規模イベント会場における規制退場の最適化,2022,日本応用数理学会
宮前 隆広,福井大学,,,,特異値分解のための両側ヤコビ法の複素数行列に対する効率的な実装法,2021,日本応用数理学会
宮前 隆広,福井大学,,,,特異値分解のための両側ヤコビ法の複素数行列に対する効率的な実装法,2021,日本応用数理学会
宮地 晴希,早稲田大学大学院基幹理工学研究科数学応用数理専攻,,,,Terminal planar networkの禁止部分グラフによる特徴付け,2024,日本応用数理学会
宮地 晴希,早稲田大学大学院基幹理工学研究科数学応用数理専攻,,,,Terminal planar networkの禁止部分グラフによる特徴付け,2024,日本応用数理学会
宮島 敬明,明治大学,,,,Cerebras CS-2における疑似倍精度行列積,2025,日本応用数理学会
宮島 敬明,明治大学,,,,Cerebras CS-2における疑似倍精度行列積,2025,日本応用数理学会
宮島 信也,岩手大学,,,,Fast validation for Perron vectors of a kind of weakly irreducible nonnegative tensors,2021,日本応用数理学会
宮島 信也,岩手大学,,,,Fast validation for Perron vectors of a kind of weakly irreducible nonnegative tensors,2021,日本応用数理学会
宮島 信也,岩手大学,,,,Fast verification for positive solutions to M-tensor multi-linear systems,2021,日本応用数理学会
宮島 信也,岩手大学,,,,Fast verification for positive solutions to M-tensor multi-linear systems,2021,日本応用数理学会
宮島 信也,岩手大学,,,,Norm bounds on the complimentary error matrix function,2025,日本応用数理学会
宮島 信也,岩手大学,,,,Norm bounds on the complimentary error matrix function,2025,日本応用数理学会
宮島 拓也,大阪大学,,,,放射線と抗がん剤併用医療の多細胞応答数理シミュレーション,2024,日本応用数理学会
宮島 拓也,大阪大学,,,,放射線と抗がん剤併用医療の多細胞応答数理シミュレーション,2024,日本応用数理学会
宮内 優太,大阪大学大学院情報科学研究科,,,,クープマン作用素に基づく一般化確率的レジリエンスによるティッピング予測,2025,日本応用数理学会
宮内 優太,大阪大学大学院情報科学研究科,,,,クープマン作用素に基づく一般化確率的レジリエンスによるティッピング予測,2025,日本応用数理学会
宮武 朋晃,大阪大学情報科学研究科,,,,数値計算における丸め誤差の確率論的性質の観察,2021,日本応用数理学会
宮武 朋晃,大阪大学情報科学研究科,,,,数値計算における丸め誤差の確率論的性質の観察,2021,日本応用数理学会
宮武 勇登,大阪大学サイバーメディアセンター,,,,Parareal法を活用した数値解の不確実性評価に向けての考察,2022,日本応用数理学会
宮武 勇登,大阪大学サイバーメディアセンター,,,,Parareal法を活用した数値解の不確実性評価に向けての考察,2022,日本応用数理学会
宮武 勇登,D3センター,,,,SAV法に基づく連続最適化手法のロバスト性および収束速度の改善について,2025,日本応用数理学会
宮武 勇登,D3センター,,,,SAV法に基づく連続最適化手法のロバスト性および収束速度の改善について,2025,日本応用数理学会
宮武 勇登,大阪大学,,,,一般化近単調回帰と常微分方程式の数値計算の誤差推定,2021,日本応用数理学会
宮武 勇登,大阪大学,,,,一般化近単調回帰と常微分方程式の数値計算の誤差推定,2021,日本応用数理学会
宮武 勇登,大阪大学サイバーメディアセンター,,,,観測演算子の推測に深層学習を用いるデータ同化推定,2021,日本応用数理学会
宮武 勇登,大阪大学サイバーメディアセンター,,,,観測演算子の推測に深層学習を用いるデータ同化推定,2021,日本応用数理学会
宮武 勇登,大阪大学D3センター,,,,残差モデルによるFourier Neural Operatorの予測誤差修正に関する検討,2025,日本応用数理学会
宮武 勇登,大阪大学D3センター,,,,残差モデルによるFourier Neural Operatorの予測誤差修正に関する検討,2025,日本応用数理学会
宮武 勇登,大阪大学,,,,非負制約付き2次計画問題に対する適応型射影SOR法,2021,日本応用数理学会
宮武 勇登,大阪大学,,,,非負制約付き2次計画問題に対する適応型射影SOR法,2021,日本応用数理学会
宮武 勇登,大阪大学サイバーメディアセンター,,,,文書集合からの話題抽出に適したニューラルトピックモデルのk-meansを用いた事前分布構成法,2022,日本応用数理学会
宮武 勇登,大阪大学サイバーメディアセンター,,,,文書集合からの話題抽出に適したニューラルトピックモデルのk-meansを用いた事前分布構成法,2022,日本応用数理学会
宮武 勇登,大阪大学,,,,粒子フィルタにおける繰り返しリサンプリングを用いた粒子選抜手法の検討,2025,日本応用数理学会
宮武 勇登,大阪大学,,,,粒子フィルタにおける繰り返しリサンプリングを用いた粒子選抜手法の検討,2025,日本応用数理学会
宮本 安人,東京大学,,,,非局所項をもつ反応拡散方程式の２次分岐について,2025,日本応用数理学会
宮本 安人,東京大学,,,,非局所項をもつ反応拡散方程式の２次分岐について,2025,日本応用数理学会
宮本 雲平,秋田県立大学,,,,2つの互いに平行な超平面上に自由境界を持つ平均曲率一定超曲面の安定性,2021,日本応用数理学会
宮本 雲平,秋田県立大学,,,,2つの互いに平行な超平面上に自由境界を持つ平均曲率一定超曲面の安定性,2021,日本応用数理学会
宮本 学,みずほ証券,東京都立大学大学院,,,固有関数展開を用いたデリバティブ価格付け問題における漸近展開の導出,2021,日本応用数理学会
宮本 学,みずほ証券,東京都立大学大学院,,,固有関数展開を用いたデリバティブ価格付け問題における漸近展開の導出,2021,日本応用数理学会
宮本 崇,国立大学法人山梨大学,,,,物理モデリングとデータ駆動モデリングを繋ぐPhysics-informed machine learning,2024,日本応用数理学会
宮本 崇,国立大学法人山梨大学,,,,物理モデリングとデータ駆動モデリングを繋ぐPhysics-informed machine learning,2024,日本応用数理学会
宮路 智行,京都大学,,,,Analysis on the congestion in the optimal velocity model by self-induced nonlinearity,2024,日本応用数理学会
宮路 智行,京都大学,,,,Analysis on the congestion in the optimal velocity model by self-induced nonlinearity,2024,日本応用数理学会
宮路 智行,京都大学,,,,交通流に対する遅延差分方程式モデルにおけるNeimark-Sacker分岐,2024,日本応用数理学会
宮路 智行,京都大学,,,,交通流に対する遅延差分方程式モデルにおけるNeimark-Sacker分岐,2024,日本応用数理学会
宮﨑 瑛士,名古屋大学大学院工学研究科,,,,閉曲線に対するヘルフリッヒ流方程式の構造保存数値解法の構築,2021,日本応用数理学会
宮﨑 瑛士,名古屋大学大学院工学研究科,,,,閉曲線に対するヘルフリッヒ流方程式の構造保存数値解法の構築,2021,日本応用数理学会
宮﨑 武,九州情報大学,,,,楕円曲線上のMe演算によって生成される2値系列の統計的乱数性,2025,日本応用数理学会
宮﨑 武,九州情報大学,,,,楕円曲線上のMe演算によって生成される2値系列の統計的乱数性,2025,日本応用数理学会
牛越 惠理佳,横浜国立大学,,,,極端なアスペクト比を伴う断面をもつ細い弾性体に関する固有値問題,2022,日本応用数理学会
牛越 惠理佳,横浜国立大学,,,,極端なアスペクト比を伴う断面をもつ細い弾性体に関する固有値問題,2022,日本応用数理学会
牛奥 隆博,早稲田大学大学院,,,,二次元SPH法によるキャビテーションクラウドの集団的圧壊に伴う衝撃波現象に関する数値解析,2022,日本応用数理学会
牛奥 隆博,早稲田大学大学院,,,,二次元SPH法によるキャビテーションクラウドの集団的圧壊に伴う衝撃波現象に関する数値解析,2022,日本応用数理学会
牛奥 隆博,早稲田大学大学院,,,,二相混合体理論に基づくキャビテーションクラウドの非定常挙動に関する数値解析,2021,日本応用数理学会
牛奥 隆博,早稲田大学大学院,,,,二相混合体理論に基づくキャビテーションクラウドの非定常挙動に関する数値解析,2021,日本応用数理学会
牛山 寛生,東京大学大学院,,,,勾配流に対する離散勾配を用いた最適化手法の統一的記述について,2022,日本応用数理学会
牛山 寛生,東京大学大学院,,,,勾配流に対する離散勾配を用いた最適化手法の統一的記述について,2022,日本応用数理学会
牛山 寛生,東京大学大学院情報理工学系研究科,,,,最適化に現れる常微分方程式の本質的な収束レート,2021,日本応用数理学会
牛山 寛生,東京大学大学院情報理工学系研究科,,,,最適化に現れる常微分方程式の本質的な収束レート,2021,日本応用数理学会
牛山 寛生,東京大学大学院情報理工学系研究科,,,,最適化に適した安定な数値解法について,2021,日本応用数理学会
牛山 寛生,東京大学大学院情報理工学系研究科,,,,最適化に適した安定な数値解法について,2021,日本応用数理学会
牛山 寛生,東京大学大学院情報理工学系研究科,,,,最適化手法の連続時間モデルに関する本質的な収束率の精緻化,2024,日本応用数理学会
牛山 寛生,東京大学大学院情報理工学系研究科,,,,最適化手法の連続時間モデルに関する本質的な収束率の精緻化,2024,日本応用数理学会
牛島 健夫,東京理科大学,,,,ある自己交差する閉曲線の曲線短縮問題における曲線の漸近挙動に関する一考察,2024,日本応用数理学会
牛島 健夫,東京理科大学,,,,ある自己交差する閉曲線の曲線短縮問題における曲線の漸近挙動に関する一考察,2024,日本応用数理学会
牛島 健夫,東京理大理工,,,,曲線短縮問題に現れる準線形放物型偏微分方程式の Type II 爆発解の振る舞いに関する一考察,2025,日本応用数理学会
牛島 健夫,東京理大理工,,,,曲線短縮問題に現れる準線形放物型偏微分方程式の Type II 爆発解の振る舞いに関する一考察,2025,日本応用数理学会
許 晨光,京都大学,,,,完全可換クイバーの区間近似とその応用,2024,日本応用数理学会
許 晨光,京都大学,,,,完全可換クイバーの区間近似とその応用,2024,日本応用数理学会
橋浦 亮太,明治大学,,,,東京都の熱中症患者数の1日先予測モデルの精度比較とモデルの解釈,2024,日本応用数理学会
橋浦 亮太,明治大学,,,,東京都の熱中症患者数の1日先予測モデルの精度比較とモデルの解釈,2024,日本応用数理学会
橋浦 亮太,明治大学,,,,東京都の熱中症搬送者数の予測統合モデルの解析とその動的な解釈,2024,日本応用数理学会
橋浦 亮太,明治大学,,,,東京都の熱中症搬送者数の予測統合モデルの解析とその動的な解釈,2024,日本応用数理学会
橋詰 顕,広島大学病院,,,,異種ソースモデルに基づく局所的神経電流源推定 - てんかん焦点同定への応用,2022,日本応用数理学会
橋詰 顕,広島大学病院,,,,異種ソースモデルに基づく局所的神経電流源推定 - てんかん焦点同定への応用,2022,日本応用数理学会
橋口 真宜,計測エンジニアリング株式会社,,,,快適音響空間創出手法の開発と折紙構造への適用,2022,日本応用数理学会
橋口 真宜,計測エンジニアリング株式会社,,,,快適音響空間創出手法の開発と折紙構造への適用,2022,日本応用数理学会
橋口 真宜,計測エンジニアリングシステム株式会社,,,,折紙構造を用いた減音シェードの検討,2024,日本応用数理学会
橋口 真宜,計測エンジニアリングシステム株式会社,,,,折紙構造を用いた減音シェードの検討,2024,日本応用数理学会
橋村 風香,不二建設,,,,螺旋状回廊空間としてのさざえ堂の形態モデル,2024,日本応用数理学会
橋村 風香,不二建設,,,,螺旋状回廊空間としてのさざえ堂の形態モデル,2024,日本応用数理学会
橋爪 大輔,理研CEMS,,,,電極触媒の劣化速度に関する力学系モデルの構築,2024,日本応用数理学会
橋爪 大輔,理研CEMS,,,,電極触媒の劣化速度に関する力学系モデルの構築,2024,日本応用数理学会
橋本 英二,株式会社　TMEIC,,,,ベイズ最適化によるプラントモデルパラメータの同定,2022,日本応用数理学会
橋本 英二,株式会社　TMEIC,,,,ベイズ最適化によるプラントモデルパラメータの同定,2022,日本応用数理学会
橋本 敬,北陸先端科学技術大学院大学,,,,次世代型神経質量モデルの二集団間における同期解析,2022,日本応用数理学会
橋本 敬,北陸先端科学技術大学院大学,,,,次世代型神経質量モデルの二集団間における同期解析,2022,日本応用数理学会
橋本 弘治,中村学園大学,,,,熱方程式のPetrov型全離散ガレルキン近似の事前誤差評価,2024,日本応用数理学会
橋本 弘治,中村学園大学,,,,熱方程式のPetrov型全離散ガレルキン近似の事前誤差評価,2024,日本応用数理学会
橋本 弘治,中村学園大学,,,,放物型方程式の全離散近似に対する誤差評価について,2022,日本応用数理学会
橋本 弘治,中村学園大学,,,,放物型方程式の全離散近似に対する誤差評価について,2022,日本応用数理学会
橋本 紘史,筑波大学,,,,2次元のウェーブレットタイプな正規直交基底の構成,2022,日本応用数理学会
橋本 紘史,筑波大学,,,,2次元のウェーブレットタイプな正規直交基底の構成,2022,日本応用数理学会
橋本 紘史,新潟大学,,,,ジャイロ群上で定義される関数の性質,2024,日本応用数理学会
橋本 紘史,新潟大学,,,,ジャイロ群上で定義される関数の性質,2024,日本応用数理学会
橋本 紘史,筑波大学,,,,減衰条件を弱めたH^2-MRAの具体的構成,2021,日本応用数理学会
橋本 紘史,筑波大学,,,,減衰条件を弱めたH^2-MRAの具体的構成,2021,日本応用数理学会
橋本 悠香,NTT株式会社,,,,C*環を用いたカーネル法の拡張による関数データの解析,2025,日本応用数理学会
橋本 悠香,NTT株式会社,,,,C*環を用いたカーネル法の拡張による関数データの解析,2025,日本応用数理学会
橋本 悠香,日本電信電話株式会社,,,,関数値カーネルのToeplitz行列積による近似,2024,日本応用数理学会
橋本 悠香,日本電信電話株式会社,,,,関数値カーネルのToeplitz行列積による近似,2024,日本応用数理学会
橋本 悠香,日本電信電話株式会社,理化学研究所,,,同時群同変モデルの統一的かつ構成的な普遍近似定理,2024,日本応用数理学会
橋本 悠香,日本電信電話株式会社,理化学研究所,,,同時群同変モデルの統一的かつ構成的な普遍近似定理,2024,日本応用数理学会
橋本 悠香,NTT株式会社,理化学研究所,,,半群の増大度に基づく深層学習の汎化誤差評価,2025,日本応用数理学会
橋本 悠香,NTT株式会社,理化学研究所,,,半群の増大度に基づく深層学習の汎化誤差評価,2025,日本応用数理学会
橋本 侑知,東京大学,,,,Legendre型の楕円曲線を用いた超特異性判定アルゴリズムの効率化,2021,日本応用数理学会
橋本 侑知,東京大学,,,,Legendre型の楕円曲線を用いた超特異性判定アルゴリズムの効率化,2021,日本応用数理学会
曲 明珠,大阪府立大学,,,,２種類の遅延項をもつ線形微分方程式の漸近安定性,2024,日本応用数理学会
曲 明珠,大阪府立大学,,,,２種類の遅延項をもつ線形微分方程式の漸近安定性,2024,日本応用数理学会
桐原 靖也,大阪市立大学工学部,,,,切頂八面体のスポンジ膜：基本展開図のタイリングと変形構造,2021,日本応用数理学会
桐原 靖也,大阪市立大学工学部,,,,切頂八面体のスポンジ膜：基本展開図のタイリングと変形構造,2021,日本応用数理学会
近森 秀高,岡山大学学術研究院環境生命科学学域,,,,船体の運動にともなう測位ー測深誤差の補正手法に関する考察,2022,日本応用数理学会
近森 秀高,岡山大学学術研究院環境生命科学学域,,,,船体の運動にともなう測位ー測深誤差の補正手法に関する考察,2022,日本応用数理学会
近藤 弘一,同志社大学,,,,定数係数ベルヌーイ方程式の不等間隔で高次精度な可積分差分,2024,日本応用数理学会
近藤 弘一,同志社大学,,,,定数係数ベルヌーイ方程式の不等間隔で高次精度な可積分差分,2024,日本応用数理学会
近藤 淳史,京都大学,,,,遺伝子重複における機能分担の不安定化と機能喪失の力学系的定式化,2025,日本応用数理学会
近藤 淳史,京都大学,,,,遺伝子重複における機能分担の不安定化と機能喪失の力学系的定式化,2025,日本応用数理学会
近藤 慎佑,筑波大学,,,,Chebyshev補間の最大値最小値の精度保証付き数値計算,2022,日本応用数理学会
近藤 慎佑,筑波大学,,,,Chebyshev補間の最大値最小値の精度保証付き数値計算,2022,日本応用数理学会
近藤 徳彦,神戸大学,,,,アンケートデータによって条件付けた交流ネットワーク解析,2025,日本応用数理学会
近藤 徳彦,神戸大学,,,,アンケートデータによって条件付けた交流ネットワーク解析,2025,日本応用数理学会
近藤 徳彦,神戸大学,,,,交流アンケートデータからのネットワーク特徴量推定について,2022,日本応用数理学会
近藤 徳彦,神戸大学,,,,交流アンケートデータからのネットワーク特徴量推定について,2022,日本応用数理学会
金 英子,大阪大学,,,,平面2n体問題の周期解から作られるbraid type,2022,日本応用数理学会
金 英子,大阪大学,,,,平面2n体問題の周期解から作られるbraid type,2022,日本応用数理学会
金 相一,釜山大学 数学科・未来地球研究所,,,,古典的数学手法による地球物理データ中の時間変化する空間構造の探究,2025,日本応用数理学会
金 相一,釜山大学 数学科・未来地球研究所,,,,古典的数学手法による地球物理データ中の時間変化する空間構造の探究,2025,日本応用数理学会
金 相一,釜山大学 未来地球研究所・数学科,,,,地球科学における古典的手法を超えて：ウェーブレット比較による時空間固有関数フレームワーク,2025,日本応用数理学会
金 相一,釜山大学 未来地球研究所・数学科,,,,地球科学における古典的手法を超えて：ウェーブレット比較による時空間固有関数フレームワーク,2025,日本応用数理学会
金 鎔采,筑波大学,,,,Passty frameworkを用いたChambolle-Pockアルゴリズムの高速化とCT画像再構成への応用,2021,日本応用数理学会
金 鎔采,筑波大学,,,,Passty frameworkを用いたChambolle-Pockアルゴリズムの高速化とCT画像再構成への応用,2021,日本応用数理学会
金 鎔采,筑波大学,,,,Preconditioning行列を用いたChambolle-Pockアルゴリズムの高速化とCT画像再構成への応用,2021,日本応用数理学会
金 鎔采,筑波大学,,,,Preconditioning行列を用いたChambolle-Pockアルゴリズムの高速化とCT画像再構成への応用,2021,日本応用数理学会
金井 理,北海道大学,,,,３次元ディジタル幾何処理工学の医療応用　ー脊柱側弯症診断・治療支援への応用事例ー,2022,日本応用数理学会
金井 理,北海道大学,,,,３次元ディジタル幾何処理工学の医療応用　ー脊柱側弯症診断・治療支援への応用事例ー,2022,日本応用数理学会
金丸 大樹,九州工業大学,,,,協力ゲーム理論に基づく分類タスクのための特徴量重要度評価,2025,日本応用数理学会
金丸 大樹,九州工業大学,,,,協力ゲーム理論に基づく分類タスクのための特徴量重要度評価,2025,日本応用数理学会
金光 俊輔,株式会社リクルート,,,,感染症流行時における人々の移動に関する意思決定のタイミング：宿泊予約データと携帯電話位置情報データの統合分析,2025,日本応用数理学会
金光 俊輔,株式会社リクルート,,,,感染症流行時における人々の移動に関する意思決定のタイミング：宿泊予約データと携帯電話位置情報データの統合分析,2025,日本応用数理学会
金光 俊輔,株式会社リクルート,,,,新興感染症出現時の将来の行動についての意思決定の定量化,2022,日本応用数理学会
金光 俊輔,株式会社リクルート,,,,新興感染症出現時の将来の行動についての意思決定の定量化,2022,日本応用数理学会
金子 拓也,国際基督教大学,,,,株式の持ち合い解消がクレジットリスクに与える影響について,2024,日本応用数理学会
金子 拓也,国際基督教大学,,,,株式の持ち合い解消がクレジットリスクに与える影響について,2024,日本応用数理学会
金城 佳世,お茶の水女子大学　理学専攻　物理科学領域,,,,CAモデルを用いた自動運転車の交通流に与える影響について：流量制御と速度制御の比較,2021,日本応用数理学会
金城 佳世,お茶の水女子大学　理学専攻　物理科学領域,,,,CAモデルを用いた自動運転車の交通流に与える影響について：流量制御と速度制御の比較,2021,日本応用数理学会
金城 佳世,埼玉大学,,,,高速道路で発生するハンチング現象の周波数解析,2025,日本応用数理学会
金城 佳世,埼玉大学,,,,高速道路で発生するハンチング現象の周波数解析,2025,日本応用数理学会
金城 佳世,お茶の水女子大学,,,,量子ダークマルチソリトンのダイナミクス,2022,日本応用数理学会
金城 佳世,お茶の水女子大学,,,,量子ダークマルチソリトンのダイナミクス,2022,日本応用数理学会
金城 佳世,お茶の水女子大学,,,,量子系に現れるダークソリトン,2021,日本応用数理学会
金城 佳世,お茶の水女子大学,,,,量子系に現れるダークソリトン,2021,日本応用数理学会
熊谷 駿,九州大学,,,,ピローボックスの曲線折り形状による仮設構造物の多目的最適化,2024,日本応用数理学会
熊谷 駿,九州大学,,,,ピローボックスの曲線折り形状による仮設構造物の多目的最適化,2024,日本応用数理学会
熊谷 駿,八戸工業大学,,,,メビウス幾何による自己アフィン性に基づく美的曲線の幾何学,2025,日本応用数理学会
熊谷 駿,八戸工業大学,,,,メビウス幾何による自己アフィン性に基づく美的曲線の幾何学,2025,日本応用数理学会
熊谷 駿,九州大学マス・フォア・インダストリ研究所,,,,曲線の自己アフィン性と等積アフィン幾何,2024,日本応用数理学会
熊谷 駿,九州大学マス・フォア・インダストリ研究所,,,,曲線の自己アフィン性と等積アフィン幾何,2024,日本応用数理学会
熊谷 敦也,日本大学,,,,Bregmanダイバージェンスで捉える一般化線形モデルの幾何,2024,日本応用数理学会
熊谷 敦也,日本大学,,,,Bregmanダイバージェンスで捉える一般化線形モデルの幾何,2024,日本応用数理学会
熊谷 敦也,日本大学,,,,双対平坦空間における葉層化と次元縮約,2022,日本応用数理学会
熊谷 敦也,日本大学,,,,双対平坦空間における葉層化と次元縮約,2022,日本応用数理学会
熊本 淳一,北海道大学,,,,表皮数理モデルを用いた基底膜形状と培養皮膚への応用,2021,日本応用数理学会
熊本 淳一,北海道大学,,,,表皮数理モデルを用いた基底膜形状と培養皮膚への応用,2021,日本応用数理学会
栗原  ⼀嘉,福井⼤教育,,,,レーザーカオスにおけるのモードの同時性,2021,日本応用数理学会
栗原  ⼀嘉,福井⼤教育,,,,レーザーカオスにおけるのモードの同時性,2021,日本応用数理学会
栗原 一嘉,福井大学教育学部,,,,カオス超越性を用いたレーザーカオスによるTHｚ波の出力,2025,日本応用数理学会
栗原 一嘉,福井大学教育学部,,,,カオス超越性を用いたレーザーカオスによるTHｚ波の出力,2025,日本応用数理学会
栗原 一嘉,福井大学教育学部,,,,光ビートの効率解析によるレーザーカオスにおけるモードの同時性の証明,2022,日本応用数理学会
栗原 一嘉,福井大学教育学部,,,,光ビートの効率解析によるレーザーカオスにおけるモードの同時性の証明,2022,日本応用数理学会
栗原 空良,関西大学,,,,回転挙動を考慮した歩行モデルと実験データによるパラメータ推定,2022,日本応用数理学会
栗原 空良,関西大学,,,,回転挙動を考慮した歩行モデルと実験データによるパラメータ推定,2022,日本応用数理学会
栗原 宏綺,静岡理工科大学,,,,FPGAを用いた多様な演算精度による画像認識アルゴリズムの性能評価,2025,日本応用数理学会
栗原 宏綺,静岡理工科大学,,,,FPGAを用いた多様な演算精度による画像認識アルゴリズムの性能評価,2025,日本応用数理学会
栗原 裕基,東京大学,熊本大学,,,パーシステントホモロジーによる枝構造解析ツール,2025,日本応用数理学会
栗原 裕基,東京大学,熊本大学,,,パーシステントホモロジーによる枝構造解析ツール,2025,日本応用数理学会
栗栖 薫,中国労災病院,,,,異種ソースモデルに基づく局所的神経電流源推定 - てんかん焦点同定への応用,2022,日本応用数理学会
栗栖 薫,中国労災病院,,,,異種ソースモデルに基づく局所的神経電流源推定 - てんかん焦点同定への応用,2022,日本応用数理学会
桑原 寛大,慶應義塾大学,,,,微分不可能な正則化項を含む多目的最適化問題に対する準ニュートン型近接勾配法について,2024,日本応用数理学会
桑原 寛大,慶應義塾大学,,,,微分不可能な正則化項を含む多目的最適化問題に対する準ニュートン型近接勾配法について,2024,日本応用数理学会
桑島 史欣,福井工業大学,,,,レーザーカオスにおけるのモードの同時性,2021,日本応用数理学会
桑島 史欣,福井工業大学,,,,レーザーカオスにおけるのモードの同時性,2021,日本応用数理学会
桑島 史欣,追手門学院大学,,,,遅延微分方程式に基づく馴化の数理モデルとその入力感受性に関する考察,2025,日本応用数理学会
桑島 史欣,追手門学院大学,,,,遅延微分方程式に基づく馴化の数理モデルとその入力感受性に関する考察,2025,日本応用数理学会
桑野 亘,同志社大学,,,,脳神経細胞の発火モデルによる同期シミュレーション,2024,日本応用数理学会
桑野 亘,同志社大学,,,,脳神経細胞の発火モデルによる同期シミュレーション,2024,日本応用数理学会
桂 ゆかり（（国研）物質・材料研究機構　統合型材料開発・情報基盤部門（MaDIS））,,,,,結晶構造シミュレータの開発について,2021,日本応用数理学会
桂 ゆかり（（国研）物質・材料研究機構　統合型材料開発・情報基盤部門（MaDIS））,,,,,結晶構造シミュレータの開発について,2021,日本応用数理学会
軽部 友裕,東京大学,,,,Neural Sheaf Diffusion の普遍近似定理と交通予測への応用,2025,日本応用数理学会
軽部 友裕,東京大学,,,,Neural Sheaf Diffusion の普遍近似定理と交通予測への応用,2025,日本応用数理学会
穴井 日菜,九州工業大学,,,,包除積分ニューラルネットワークへの単調正則化項の導入,2024,日本応用数理学会
穴井 日菜,九州工業大学,,,,包除積分ニューラルネットワークへの単調正則化項の導入,2024,日本応用数理学会
穴田 浩一,早稲田大学高等学院,,,,ある自己交差する閉曲線の曲線短縮問題における曲線の漸近挙動に関する一考察,2024,日本応用数理学会
穴田 浩一,早稲田大学高等学院,,,,ある自己交差する閉曲線の曲線短縮問題における曲線の漸近挙動に関する一考察,2024,日本応用数理学会
穴田 浩一,早稲田大学高等学院,,,,曲線短縮問題に現れる準線形放物型偏微分方程式の Type II 爆発解の振る舞いに関する一考察,2025,日本応用数理学会
穴田 浩一,早稲田大学高等学院,,,,曲線短縮問題に現れる準線形放物型偏微分方程式の Type II 爆発解の振る舞いに関する一考察,2025,日本応用数理学会
兼子 晃寛,大阪大学,,,,連続時間Markov連鎖後退確率微分方程式に関するマルチステージEuler-丸山型解法について,2022,日本応用数理学会
兼子 晃寛,大阪大学,,,,連続時間Markov連鎖後退確率微分方程式に関するマルチステージEuler-丸山型解法について,2022,日本応用数理学会
犬伏 正信,東京理科大学,,,,Navier–Stokes乱流の同期現象に対する力学系解析と機械学習応用,2025,日本応用数理学会
犬伏 正信,東京理科大学,,,,Navier–Stokes乱流の同期現象に対する力学系解析と機械学習応用,2025,日本応用数理学会
犬伏 正信,東京理科大学,,,,リザバーコンピューティングと一般化同期：非線形読み出しの有効性とその力学系的理解,2025,日本応用数理学会
犬伏 正信,東京理科大学,,,,リザバーコンピューティングと一般化同期：非線形読み出しの有効性とその力学系的理解,2025,日本応用数理学会
原 誠人,一橋大学,,,,小さな変化が（カオスによらず）大きな影響をもたらす場合について,2025,日本応用数理学会
原 誠人,一橋大学,,,,小さな変化が（カオスによらず）大きな影響をもたらす場合について,2025,日本応用数理学会
原 誠人,京都大学,,,,力学系のリザバー計算,2021,日本応用数理学会
原 誠人,京都大学,,,,力学系のリザバー計算,2021,日本応用数理学会
原 誠人,京都大学,,,,力学系のリザバー計算：数値例とその理論,2024,日本応用数理学会
原 誠人,京都大学,,,,力学系のリザバー計算：数値例とその理論,2024,日本応用数理学会
原下 秀士,横浜国立大学,,,,Fast enumeration of superspecial hyperelliptic curves of genus four,2022,日本応用数理学会
原下 秀士,横浜国立大学,,,,Fast enumeration of superspecial hyperelliptic curves of genus four,2022,日本応用数理学会
原下 秀士,横浜国立大学環境情報研究院,,,,種数5の非超楕円曲線を定義する方程式の明示的構成とその応用,2021,日本応用数理学会
原下 秀士,横浜国立大学環境情報研究院,,,,種数5の非超楕円曲線を定義する方程式の明示的構成とその応用,2021,日本応用数理学会
原口 雅宣,徳島大学,,,,カオス超越性を用いたレーザーカオスによるTHｚ波の出力,2025,日本応用数理学会
原口 雅宣,徳島大学,,,,カオス超越性を用いたレーザーカオスによるTHｚ波の出力,2025,日本応用数理学会
原瀬 晋,立命館大学,,,,Fibonacci格子の多項式類似と準乱数生成への応用,2022,日本応用数理学会
原瀬 晋,立命館大学,,,,Fibonacci格子の多項式類似と準乱数生成への応用,2022,日本応用数理学会
原瀬 晋,立命館大学,,,,マルコフ連鎖準モンテカルロ法によるベイズ計算と高次元問題,2025,日本応用数理学会
原瀬 晋,立命館大学,,,,マルコフ連鎖準モンテカルロ法によるベイズ計算と高次元問題,2025,日本応用数理学会
原田 和弘,神戸大学,,,,アンケートデータによって条件付けた交流ネットワーク解析,2025,日本応用数理学会
原田 和弘,神戸大学,,,,アンケートデータによって条件付けた交流ネットワーク解析,2025,日本応用数理学会
原田 和弘,神戸大学,,,,交流アンケートデータからのネットワーク特徴量推定について,2022,日本応用数理学会
原田 和弘,神戸大学,,,,交流アンケートデータからのネットワーク特徴量推定について,2022,日本応用数理学会
古宇田 悠哉,広島大学大学院先進理工系科学研究科,,,,多相共連続構造の数学的モデルと安定化,2022,日本応用数理学会
古宇田 悠哉,広島大学大学院先進理工系科学研究科,,,,多相共連続構造の数学的モデルと安定化,2022,日本応用数理学会
古屋 岳,福井大学 遠赤外領域開発研究センター,,,,カオス超越性を用いたレーザーカオスによるTHｚ波の出力,2025,日本応用数理学会
古屋 岳,福井大学 遠赤外領域開発研究センター,,,,カオス超越性を用いたレーザーカオスによるTHｚ波の出力,2025,日本応用数理学会
古屋 貴士,島根大学 数理・データサイエンス教育研究センター,,,,単射及び全単射なニューラル作用素の万能近似性,2024,日本応用数理学会
古屋 貴士,島根大学 数理・データサイエンス教育研究センター,,,,単射及び全単射なニューラル作用素の万能近似性,2024,日本応用数理学会
古賀 一基,東京工業大学,,,,コンパクト曲面間の弱い比較について,2024,日本応用数理学会
古賀 一基,東京工業大学,,,,コンパクト曲面間の弱い比較について,2024,日本応用数理学会
古賀 一基,京都大学大学院 理学研究科,,,,曲率補間を通じた平面閉曲線のパラメータ変換と質的評価について,2022,日本応用数理学会
古賀 一基,京都大学大学院 理学研究科,,,,曲率補間を通じた平面閉曲線のパラメータ変換と質的評価について,2022,日本応用数理学会
古賀 一基,京都大学大学院理学研究科,,,,流線トポロジカルデータ解析による大気ブロッキング現象の抽出と形態分類,2021,日本応用数理学会
古賀 一基,京都大学大学院理学研究科,,,,流線トポロジカルデータ解析による大気ブロッキング現象の抽出と形態分類,2021,日本応用数理学会
古川 賢,富山大学,,,,プリミティブ方程式に対するナッジング型データ同化の数学的側面について,2025,日本応用数理学会
古川 賢,富山大学,,,,プリミティブ方程式に対するナッジング型データ同化の数学的側面について,2025,日本応用数理学会
古川 賢,富山大学学術研究部理学系,,,,動的境界条件により濾過を表す偏微分方程式モデルの数学的物理的側面について,2024,日本応用数理学会
古川 賢,富山大学学術研究部理学系,,,,動的境界条件により濾過を表す偏微分方程式モデルの数学的物理的側面について,2024,日本応用数理学会
古村 孝志,東京大学 地震研究所,,,,Neural Operatorによる津波シミュレーションの代理モデル,2025,日本応用数理学会
古村 孝志,東京大学 地震研究所,,,,Neural Operatorによる津波シミュレーションの代理モデル,2025,日本応用数理学会
古池 郁美,京都府立大学,,,,Supertropical代数上の行列の特異値分解に対する組合せ論的アルゴリズム,2024,日本応用数理学会
古池 郁美,京都府立大学,,,,Supertropical代数上の行列の特異値分解に対する組合せ論的アルゴリズム,2024,日本応用数理学会
古野 誠裕,筑波大学 博士後期課程,,,,伸張因子4の帯域制限ウェーブレットの構成法,2024,日本応用数理学会
古野 誠裕,筑波大学 博士後期課程,,,,伸張因子4の帯域制限ウェーブレットの構成法,2024,日本応用数理学会
古澤 力,東京大学・理学研究科,,,,深層学習による生物形態定量解析手法の開発,2024,日本応用数理学会
古澤 力,東京大学・理学研究科,,,,深層学習による生物形態定量解析手法の開発,2024,日本応用数理学会
戸倉 直,株式会社トクラシミュレーションリサーチ,明治大学先端数理科学インスティテュート,,,円筒ハニカム構造体の衝撃エネルギー吸収性能の比較検討,2022,日本応用数理学会
戸倉 直,株式会社トクラシミュレーションリサーチ,明治大学先端数理科学インスティテュート,,,円筒ハニカム構造体の衝撃エネルギー吸収性能の比較検討,2022,日本応用数理学会
戸倉 直,株式会社トクラシミュレーションリサーチ,,,,折紙ヘルメットの設計とシミュレーション解析,2025,日本応用数理学会
戸倉 直,株式会社トクラシミュレーションリサーチ,,,,折紙ヘルメットの設計とシミュレーション解析,2025,日本応用数理学会
戸倉 直,株式会社トクラシミュレーションリサーチ,,,,折畳めるお洒落な作業ヘルメットの開発,2024,日本応用数理学会
戸倉 直,株式会社トクラシミュレーションリサーチ,,,,折畳めるお洒落な作業ヘルメットの開発,2024,日本応用数理学会
戸田 浩,,,,,周波数領域にコンパクト・サポートを持つHilbert変換ペア・ウェーブレットによる連続ウェーブレット係数,2021,日本応用数理学会
戸田 浩,,,,,周波数領域にコンパクト・サポートを持つHilbert変換ペア・ウェーブレットによる連続ウェーブレット係数,2021,日本応用数理学会
五月女 仁子,帝京大学,,,,破産確率の数値計算について,2022,日本応用数理学会
五月女 仁子,帝京大学,,,,破産確率の数値計算について,2022,日本応用数理学会
五十嵐 一,北海道大学大学院情報科学研究院,,,,ベイズ最適化によるプラントモデルパラメータの同定,2022,日本応用数理学会
五十嵐 一,北海道大学大学院情報科学研究院,,,,ベイズ最適化によるプラントモデルパラメータの同定,2022,日本応用数理学会
五十嵐 康祐,京都大学工学研究科マイクロエンジニアリング専攻,,,,Feedback Vertex Setと振動領域を利用したBoolean Networkの低次元化手法,2022,日本応用数理学会
五十嵐 康祐,京都大学工学研究科マイクロエンジニアリング専攻,,,,Feedback Vertex Setと振動領域を利用したBoolean Networkの低次元化手法,2022,日本応用数理学会
五島 洋行,法政大学,,,,Haskellを用いたMin-Max-Plus方程式の求解,2021,日本応用数理学会
五島 洋行,法政大学,,,,Haskellを用いたMin-Max-Plus方程式の求解,2021,日本応用数理学会
後藤 祐平,京都大学 生命科学研究科,,,,細胞周期ネットワークのトポロジーにより実現される、複数チェックポイントの独立制御,2024,日本応用数理学会
後藤 祐平,京都大学 生命科学研究科,,,,細胞周期ネットワークのトポロジーにより実現される、複数チェックポイントの独立制御,2024,日本応用数理学会
光井 英視,株式会社　アースライズカンパニー,,,,船体の運動にともなう測位ー測深誤差の補正手法に関する考察,2022,日本応用数理学会
光井 英視,株式会社　アースライズカンパニー,,,,船体の運動にともなう測位ー測深誤差の補正手法に関する考察,2022,日本応用数理学会
勾 思邦,京都大学情報学研究科,,,,2次元の拡散型Peterlin粘弾性問題に対する線形HDGスキーム,2024,日本応用数理学会
勾 思邦,京都大学情報学研究科,,,,2次元の拡散型Peterlin粘弾性問題に対する線形HDGスキーム,2024,日本応用数理学会
孔 爽,理研CSRS,,,,電極触媒の劣化速度に関する力学系モデルの構築,2024,日本応用数理学会
孔 爽,理研CSRS,,,,電極触媒の劣化速度に関する力学系モデルの構築,2024,日本応用数理学会
工藤 雅也,立命館大学大学院,,,,適応的な区分的多項式型陰関数曲面の生成,2021,日本応用数理学会
工藤 雅也,立命館大学大学院,,,,適応的な区分的多項式型陰関数曲面の生成,2021,日本応用数理学会
工藤 周平,電気通信大学,,,,MINRES法に基づくシフト線形方程式および一般化シフト線形方程式解法の性能評価,2025,日本応用数理学会
工藤 周平,電気通信大学,,,,MINRES法に基づくシフト線形方程式および一般化シフト線形方程式解法の性能評価,2025,日本応用数理学会
工藤 桃成,東京大学,,,,Fast enumeration of superspecial hyperelliptic curves of genus four,2022,日本応用数理学会
工藤 桃成,東京大学,,,,Fast enumeration of superspecial hyperelliptic curves of genus four,2022,日本応用数理学会
工藤 桃成,福岡工業大学,,,,Gröbner基底の計算量理論の定式化 —暗号の安全性解析に向けて—,2024,日本応用数理学会
工藤 桃成,福岡工業大学,,,,Gröbner基底の計算量理論の定式化 —暗号の安全性解析に向けて—,2024,日本応用数理学会
工藤 桃成,東京大学,,,,外積代数におけるGröbner基底計算アルゴリズムの計算量評価と実装報告,2022,日本応用数理学会
工藤 桃成,東京大学,,,,外積代数におけるGröbner基底計算アルゴリズムの計算量評価と実装報告,2022,日本応用数理学会
工藤 桃成,東京大学,,,,種数3における分解 Richelot 同種写像を計算するアルゴリズムとその応用,2022,日本応用数理学会
工藤 桃成,東京大学,,,,種数3における分解 Richelot 同種写像を計算するアルゴリズムとその応用,2022,日本応用数理学会
工藤 桃成,東京大学,,,,種数5の非超楕円曲線を定義する方程式の明示的構成とその応用,2021,日本応用数理学会
工藤 桃成,東京大学,,,,種数5の非超楕円曲線を定義する方程式の明示的構成とその応用,2021,日本応用数理学会
工藤 桃成,福岡工業大学,,,,超特別な種数5一般化Howe超楕円曲線の存在性と数え上げについて,2025,日本応用数理学会
工藤 桃成,福岡工業大学,,,,超特別な種数5一般化Howe超楕円曲線の存在性と数え上げについて,2025,日本応用数理学会
幸谷 智紀,静岡理工科大学,,,,Python環境における多倍長精度基本線形計算モジュールの実装と性能評価,2024,日本応用数理学会
幸谷 智紀,静岡理工科大学,,,,Python環境における多倍長精度基本線形計算モジュールの実装と性能評価,2024,日本応用数理学会
幸谷 智紀,静岡理工科大学,,,,マルチコンポーネント型多倍長精度行列乗算の最適化について,2022,日本応用数理学会
幸谷 智紀,静岡理工科大学,,,,マルチコンポーネント型多倍長精度行列乗算の最適化について,2022,日本応用数理学会
幸谷 智紀,追手門学院大学,,,,複素基本線形計算と多項式評価計算を最適化した多倍長精度演算ライブラリBNCmatmul 0.22,2025,日本応用数理学会
幸谷 智紀,追手門学院大学,,,,複素基本線形計算と多項式評価計算を最適化した多倍長精度演算ライブラリBNCmatmul 0.22,2025,日本応用数理学会
広兼 巳紀雄,大阪大学,,,,安定指数が2に収束するときのGeneralized Tempered Stable 過程の極限分布およびファイナンスへの応用,2025,日本応用数理学会
広兼 巳紀雄,大阪大学,,,,安定指数が2に収束するときのGeneralized Tempered Stable 過程の極限分布およびファイナンスへの応用,2025,日本応用数理学会
江夏 洋一,東京理科大学,,,,ネットワーク上のワクチン接種効果を考慮した2株感染症モデルの大域的漸近安定性,2024,日本応用数理学会
江夏 洋一,東京理科大学,,,,ネットワーク上のワクチン接種効果を考慮した2株感染症モデルの大域的漸近安定性,2024,日本応用数理学会
江崎 貴裕,東京大学先端科学技術研究センター,,,,クーロン相互作用を有する格子気体モデルにおける秩序形成と拡散特性,2025,日本応用数理学会
江崎 貴裕,東京大学先端科学技術研究センター,,,,クーロン相互作用を有する格子気体モデルにおける秩序形成と拡散特性,2025,日本応用数理学会
江藤 徳宏,東京大学大学院数理科学研究科,,,,On a discrete scheme for the Mullins-Sekerka flow and its fine properties,2022,日本応用数理学会
江藤 徳宏,東京大学大学院数理科学研究科,,,,On a discrete scheme for the Mullins-Sekerka flow and its fine properties,2022,日本応用数理学会
江藤 徳宏,東京大学,,,,三重会合点を伴う多相Mullins-Sekerka問題に対する構造保存型パラメトリック有限要素スキーム,2024,日本応用数理学会
江藤 徳宏,東京大学,,,,三重会合点を伴う多相Mullins-Sekerka問題に対する構造保存型パラメトリック有限要素スキーム,2024,日本応用数理学会
江藤 亘啓,公立はこだて未来大学,,,,Belousov Zhabotinsky反応を用いたリザバー計算の数理モデリング,2024,日本応用数理学会
江藤 亘啓,公立はこだて未来大学,,,,Belousov Zhabotinsky反応を用いたリザバー計算の数理モデリング,2024,日本応用数理学会
溝尻 瑞枝,長岡技術科学大学,,,,粒子成長の再現シミュレーションを目的としたフェーズフィールド解析における化学的駆動力の同定解析,2025,日本応用数理学会
溝尻 瑞枝,長岡技術科学大学,,,,粒子成長の再現シミュレーションを目的としたフェーズフィールド解析における化学的駆動力の同定解析,2025,日本応用数理学会
荒井 規允,慶應義塾大学,,,,散逸粒子動力学のStörmer--Verlet法,2022,日本応用数理学会
荒井 規允,慶應義塾大学,,,,散逸粒子動力学のStörmer--Verlet法,2022,日本応用数理学会
荒井 研一,長崎大学大学院工学研究科,,,,ProVerif を用いたPolicy-based Chameleon Hashによる修正可能なブロックチェーンの形式化,2021,日本応用数理学会
荒井 研一,長崎大学大学院工学研究科,,,,ProVerif を用いたPolicy-based Chameleon Hashによる修正可能なブロックチェーンの形式化,2021,日本応用数理学会
荒井 研一,長崎大学,,,,ProVerifによるBGPセキュリティ機構の形式的安全性検証,2025,日本応用数理学会
荒井 研一,長崎大学,,,,ProVerifによるBGPセキュリティ機構の形式的安全性検証,2025,日本応用数理学会
荒井 研一,長崎大学大学院工学研究科,,,,Tamarin proverの Heuristic Oracleを利用した CPA Modelの安全性検証,2024,日本応用数理学会
荒井 研一,長崎大学大学院工学研究科,,,,Tamarin proverの Heuristic Oracleを利用した CPA Modelの安全性検証,2024,日本応用数理学会
荒井 研一,長崎大学,,,,数理的技法による情報セキュリティの2024年度後半＆2025年度前半の研究動向,2025,日本応用数理学会
荒井 研一,長崎大学,,,,数理的技法による情報セキュリティの2024年度後半＆2025年度前半の研究動向,2025,日本応用数理学会
荒井 研一,長崎大学,,,,数理的技法による情報セキュリティの2024年度前半の研究動向,2024,日本応用数理学会
荒井 研一,長崎大学,,,,数理的技法による情報セキュリティの2024年度前半の研究動向,2024,日本応用数理学会
荒井 迅,東京工業大学,,,,高次元（2次元）力学系と応用数理,2024,日本応用数理学会
荒井 迅,東京工業大学,,,,高次元（2次元）力学系と応用数理,2024,日本応用数理学会
荒岡 葵,武蔵野大学工学研究科,,,,2のべき乗を位数とする有限体上の可積分系,2024,日本応用数理学会
荒岡 葵,武蔵野大学工学研究科,,,,2のべき乗を位数とする有限体上の可積分系,2024,日本応用数理学会
荒川 雅生,香川大学　創造工学部,,,,位相最適化手法に基づく製品設計の実践と課題,2022,日本応用数理学会
荒川 雅生,香川大学　創造工学部,,,,位相最適化手法に基づく製品設計の実践と課題,2022,日本応用数理学会
荒川 雅生,香川大学　創造工学部,,,,固有振動数に基づく材料定数同定問題の解法,2022,日本応用数理学会
荒川 雅生,香川大学　創造工学部,,,,固有振動数に基づく材料定数同定問題の解法,2022,日本応用数理学会
荒川 雅生,香川大学,,,,美的評価指標を考慮した位相最適化手法の提案,2021,日本応用数理学会
荒川 雅生,香川大学,,,,美的評価指標を考慮した位相最適化手法の提案,2021,日本応用数理学会
荒木 康太,日本大学大学院理工学研究科,,,,空間不均一な拡散を持つ非線形Fokker-Planck方程式の自由エネルギーの長時間挙動,2024,日本応用数理学会
荒木 康太,日本大学大学院理工学研究科,,,,空間不均一な拡散を持つ非線形Fokker-Planck方程式の自由エネルギーの長時間挙動,2024,日本応用数理学会
荒木 俊輔,九州工業大学,,,,整数化した4次元Lorenz-Stenflo方程式の出力値系列に関する乱数性の調査,2025,日本応用数理学会
荒木 俊輔,九州工業大学,,,,整数化した4次元Lorenz-Stenflo方程式の出力値系列に関する乱数性の調査,2025,日本応用数理学会
荒木 俊輔,九州工業大学,,,,整数化した4次元Lorenz-Stenflo方程式を用いた擬似乱数ビット列共有手法における同期に関する一考察,2025,日本応用数理学会
荒木 俊輔,九州工業大学,,,,整数化した4次元Lorenz-Stenflo方程式を用いた擬似乱数ビット列共有手法における同期に関する一考察,2025,日本応用数理学会
荒木 俊輔,九州工業大学,,,,楕円曲線上のMe演算によって生成される2値系列の統計的乱数性,2025,日本応用数理学会
荒木 俊輔,九州工業大学,,,,楕円曲線上のMe演算によって生成される2値系列の統計的乱数性,2025,日本応用数理学会
行木 孝夫,北海道大学大学院理学研究院数学部門,,,,1次元置換的セルオートマトンの位相圧力,2025,日本応用数理学会
行木 孝夫,北海道大学大学院理学研究院数学部門,,,,1次元置換的セルオートマトンの位相圧力,2025,日本応用数理学会
行木 孝夫,北海道大学大学院 理学研究院数学部門,数理・データサイエンス教育研究センター,,,Extreme Learning Machineによる越分岐予測,2025,日本応用数理学会
行木 孝夫,北海道大学大学院 理学研究院数学部門,数理・データサイエンス教育研究センター,,,Extreme Learning Machineによる越分岐予測,2025,日本応用数理学会
行木 孝夫,北海道大学大学院理学研究院数学部門,,,,リザバーコンピューティングに基づくてんかん発作判別,2025,日本応用数理学会
行木 孝夫,北海道大学大学院理学研究院数学部門,,,,リザバーコンピューティングに基づくてんかん発作判別,2025,日本応用数理学会
行木 孝夫,北海道大学大学院理学研究院数学部門,,,,最適輸送理論を応用したカオス的遍歴のクラスター解析,2024,日本応用数理学会
行木 孝夫,北海道大学大学院理学研究院数学部門,,,,最適輸送理論を応用したカオス的遍歴のクラスター解析,2024,日本応用数理学会
行木 孝夫,北海道大学大学院理学研究院数学部門,,,,順列エントロピーによるてんかん発作の特徴づけ,2024,日本応用数理学会
行木 孝夫,北海道大学大学院理学研究院数学部門,,,,順列エントロピーによるてんかん発作の特徴づけ,2024,日本応用数理学会
行木 孝夫,北海道大学大学院 理学研究院数学部門,,,,制御入力付き学習モデルにおける力学構造の越分岐予測について,2024,日本応用数理学会
行木 孝夫,北海道大学大学院 理学研究院数学部門,,,,制御入力付き学習モデルにおける力学構造の越分岐予測について,2024,日本応用数理学会
行木 孝夫,北海道大学大学院理学研究院数学部門,,,,大域結合写像に対するアトラクター痕跡の安定性,2025,日本応用数理学会
行木 孝夫,北海道大学大学院理学研究院数学部門,,,,大域結合写像に対するアトラクター痕跡の安定性,2025,日本応用数理学会
降籏 巧,筑波大学,,,,データ駆動型連成自励発振レゾネータによる高感度質量計測,2024,日本応用数理学会
降籏 巧,筑波大学,,,,データ駆動型連成自励発振レゾネータによる高感度質量計測,2024,日本応用数理学会
降籏 大介,大阪大学サイバーメディアセンター,,,,Parareal法を活用した数値解の不確実性評価に向けての考察,2022,日本応用数理学会
降籏 大介,大阪大学サイバーメディアセンター,,,,Parareal法を活用した数値解の不確実性評価に向けての考察,2022,日本応用数理学会
降籏 大介,大阪大学サイバーメディアセンター,,,,particle dynamics model による Cahn-Hilliard 方程式解の粗視化,2022,日本応用数理学会
降籏 大介,大阪大学サイバーメディアセンター,,,,particle dynamics model による Cahn-Hilliard 方程式解の粗視化,2022,日本応用数理学会
降籏 大介,大阪大学 D3センター,,,,SAV法に基づく連続最適化手法のロバスト性および収束速度の改善について,2025,日本応用数理学会
降籏 大介,大阪大学 D3センター,,,,SAV法に基づく連続最適化手法のロバスト性および収束速度の改善について,2025,日本応用数理学会
降籏 大介,大阪大学サイバーメディアセンター,,,,観測演算子の推測に深層学習を用いるデータ同化推定,2021,日本応用数理学会
降籏 大介,大阪大学サイバーメディアセンター,,,,観測演算子の推測に深層学習を用いるデータ同化推定,2021,日本応用数理学会
降籏 大介,大阪大学D3センター,,,,残差モデルによるFourier Neural Operatorの予測誤差修正に関する検討,2025,日本応用数理学会
降籏 大介,大阪大学D3センター,,,,残差モデルによるFourier Neural Operatorの予測誤差修正に関する検討,2025,日本応用数理学会
降籏 大介,大阪大学サイバーメディアセンター,,,,非線形差分とその応用,2021,日本応用数理学会
降籏 大介,大阪大学サイバーメディアセンター,,,,非線形差分とその応用,2021,日本応用数理学会
降籏 大介,大阪大学サイバーメディアセンター,,,,文書集合からの話題抽出に適したニューラルトピックモデルのk-meansを用いた事前分布構成法,2022,日本応用数理学会
降籏 大介,大阪大学サイバーメディアセンター,,,,文書集合からの話題抽出に適したニューラルトピックモデルのk-meansを用いた事前分布構成法,2022,日本応用数理学会
降籏 大介,大阪大学D3センター,,,,偏微分方程式の有限体積法・粒子法ハイブリッド計算,2025,日本応用数理学会
降籏 大介,大阪大学D3センター,,,,偏微分方程式の有限体積法・粒子法ハイブリッド計算,2025,日本応用数理学会
降籏 大介,大阪大学D3センター,,,,粒子フィルタにおける繰り返しリサンプリングを用いた粒子選抜手法の検討,2025,日本応用数理学会
降籏 大介,大阪大学D3センター,,,,粒子フィルタにおける繰り返しリサンプリングを用いた粒子選抜手法の検討,2025,日本応用数理学会
香取 勇一,公立はこだて未来大学,,,,Belousov Zhabotinsky反応を用いたリザバー計算の数理モデリング,2024,日本応用数理学会
香取 勇一,公立はこだて未来大学,,,,Belousov Zhabotinsky反応を用いたリザバー計算の数理モデリング,2024,日本応用数理学会
香取 勇一,公立はこだて未来大学,,,,Belousov-Zhabotinsky反応を用いたsin波を生成するレザバー計算の提案とシミュレーション,2021,日本応用数理学会
香取 勇一,公立はこだて未来大学,,,,Belousov-Zhabotinsky反応を用いたsin波を生成するレザバー計算の提案とシミュレーション,2021,日本応用数理学会
香川 渓一郎,北海道大学電子科学研究所,,,,2次元シートから3次元円筒構造へ至る皮膚付属器の形態形成を再現する数理モデル,2025,日本応用数理学会
香川 渓一郎,北海道大学電子科学研究所,,,,2次元シートから3次元円筒構造へ至る皮膚付属器の形態形成を再現する数理モデル,2025,日本応用数理学会
香川 渓一郎,北海道大学,,,,細胞周期と細胞外環境を制御する数値シミュレーションに基づく毛包形態形成の再現,2024,日本応用数理学会
香川 渓一郎,北海道大学,,,,細胞周期と細胞外環境を制御する数値シミュレーションに基づく毛包形態形成の再現,2024,日本応用数理学会
香川 渓一郎,早稲田大学大学院,,,,単純な動的境界条件下におけるCahn-Hilliard方程式の緩和過程,2022,日本応用数理学会
香川 渓一郎,早稲田大学大学院,,,,単純な動的境界条件下におけるCahn-Hilliard方程式の緩和過程,2022,日本応用数理学会
香川 渓一郎,北海道大学電子科学研究所,,,,動的境界条件下での1次元Cahn–Hilliard方程式の解の挙動,2024,日本応用数理学会
香川 渓一郎,北海道大学電子科学研究所,,,,動的境界条件下での1次元Cahn–Hilliard方程式の解の挙動,2024,日本応用数理学会
香川 智修,大阪電気通信大学,,,,分数べきFourier変換によるPaley-Wienerの定理とサンプリング定理,2025,日本応用数理学会
香川 智修,大阪電気通信大学,,,,分数べきFourier変換によるPaley-Wienerの定理とサンプリング定理,2025,日本応用数理学会
高安 秀樹,東京工業大学情報理工学院,,,,重力相互作用モデルの1次元リング構造における多様な解について,2024,日本応用数理学会
高安 秀樹,東京工業大学情報理工学院,,,,重力相互作用モデルの1次元リング構造における多様な解について,2024,日本応用数理学会
高安 美佐子,東京工業大学情報理工学院,,,,重力相互作用モデルの1次元リング構造における多様な解について,2024,日本応用数理学会
高安 美佐子,東京工業大学情報理工学院,,,,重力相互作用モデルの1次元リング構造における多様な解について,2024,日本応用数理学会
高安 亮紀,筑波大学,,,,A spectral method for viscous Burgers equation with a time delay,2021,日本応用数理学会
高安 亮紀,筑波大学,,,,A spectral method for viscous Burgers equation with a time delay,2021,日本応用数理学会
高安 亮紀,筑波大学,,,,Chebyshev補間の最大値最小値の精度保証付き数値計算,2022,日本応用数理学会
高安 亮紀,筑波大学,,,,Chebyshev補間の最大値最小値の精度保証付き数値計算,2022,日本応用数理学会
高安 亮紀,筑波大学,,,,Swift-Hohenberg方程式の厳密な数値求積法,2021,日本応用数理学会
高安 亮紀,筑波大学,,,,Swift-Hohenberg方程式の厳密な数値求積法,2021,日本応用数理学会
高安 亮紀,筑波大学,,,,一般化エルミート固有値問題に対するRayleigh-Ritz版の周回積分型精度保証付 き部分固有対計算,2022,日本応用数理学会
高安 亮紀,筑波大学,,,,一般化エルミート固有値問題に対するRayleigh-Ritz版の周回積分型精度保証付 き部分固有対計算,2022,日本応用数理学会
高安 亮紀,筑波大学,,,,遅延Duffing方程式の結合系に対する同期解の精度保証付き数値計算,2022,日本応用数理学会
高安 亮紀,筑波大学,,,,遅延Duffing方程式の結合系に対する同期解の精度保証付き数値計算,2022,日本応用数理学会
高安 亮紀,筑波大学,,,,非自励半群アプローチによる半線形放物型PDEの解の長時間存在証明,2025,日本応用数理学会
高安 亮紀,筑波大学,,,,非自励半群アプローチによる半線形放物型PDEの解の長時間存在証明,2025,日本応用数理学会
高安 亮紀,筑波大学,,,,微分作用素の固有値問題に対する複素モーメントを用いた精度保証付き数値計算とMathieu方程式およびSchrödinger方程式への応用,2025,日本応用数理学会
高安 亮紀,筑波大学,,,,微分作用素の固有値問題に対する複素モーメントを用いた精度保証付き数値計算とMathieu方程式およびSchrödinger方程式への応用,2025,日本応用数理学会
高岡 浩一郎,中央大学,,,,COVID-19の感染症流行に対する保険の設計について－Cramér-Lundbergモデルの適用,2024,日本応用数理学会
高岡 浩一郎,中央大学,,,,COVID-19の感染症流行に対する保険の設計について－Cramér-Lundbergモデルの適用,2024,日本応用数理学会
高久 慧士,京都大学大学院情報学研究科数理工学専攻物理統計学分野,,,,非カオス的写像の相互結合系におけるカオス同期現象の解析,2022,日本応用数理学会
高久 慧士,京都大学大学院情報学研究科数理工学専攻物理統計学分野,,,,非カオス的写像の相互結合系におけるカオス同期現象の解析,2022,日本応用数理学会
高橋 慧智,東北大学,,,,SYCLプログラミング環境の実装と自動チューニング機能の評価,2022,日本応用数理学会
高橋 慧智,東北大学,,,,SYCLプログラミング環境の実装と自動チューニング機能の評価,2022,日本応用数理学会
高橋 宏知,東京大学大学院情報理工学系研究科知能機械情報学専攻,,,,試行間平均によるリザバー計算の情報処理能力の拡張,2025,日本応用数理学会
高橋 宏知,東京大学大学院情報理工学系研究科知能機械情報学専攻,,,,試行間平均によるリザバー計算の情報処理能力の拡張,2025,日本応用数理学会
高橋 幸聖,京都大学大学院情報学研究科,,,,2次元遷音速流問題におけるTricomi方程式の変数分離解の記述する速度場,2021,日本応用数理学会
高橋 幸聖,京都大学大学院情報学研究科,,,,2次元遷音速流問題におけるTricomi方程式の変数分離解の記述する速度場,2021,日本応用数理学会
高橋 宗久,千葉工業大学,,,,3つのHilbert空間の組における最良な射影誤差定数について,2022,日本応用数理学会
高橋 宗久,千葉工業大学,,,,3つのHilbert空間の組における最良な射影誤差定数について,2022,日本応用数理学会
高橋 秀長,名古屋大学,,,,ニット素材を対象とする超弾性構成則の提案,2021,日本応用数理学会
高橋 秀長,名古屋大学,,,,ニット素材を対象とする超弾性構成則の提案,2021,日本応用数理学会
高橋 大介,筑波大学,,,,GPUクラスタにおける並列数論変換の自動チューニング,2025,日本応用数理学会
高橋 大介,筑波大学,,,,GPUクラスタにおける並列数論変換の自動チューニング,2025,日本応用数理学会
高橋 大介,筑波大学,,,,GPUクラスタにおける並列数論変換の実現と評価,2024,日本応用数理学会
高橋 大介,筑波大学,,,,GPUクラスタにおける並列数論変換の実現と評価,2024,日本応用数理学会
高橋 大介,筑波大学,,,,Intel AVX-512IFMA命令を用いた並列数論変換の実現と評価,2022,日本応用数理学会
高橋 大介,筑波大学,,,,Intel AVX-512IFMA命令を用いた並列数論変換の実現と評価,2022,日本応用数理学会
高橋 大介,筑波大学,,,,Intel AVX-512命令を用いた複数のモジュラ逆数計算の高速化,2025,日本応用数理学会
高橋 大介,筑波大学,,,,Intel AVX-512命令を用いた複数のモジュラ逆数計算の高速化,2025,日本応用数理学会
高橋 大介,筑波大学,,,,数学定数に対する2進BBP型公式の計算におけるMontgomery乗算の使用について,2022,日本応用数理学会
高橋 大介,筑波大学,,,,数学定数に対する2進BBP型公式の計算におけるMontgomery乗算の使用について,2022,日本応用数理学会
高橋 大介,筑波大学,,,,数学定数に対する2進BBP型公式の計算における除算について,2024,日本応用数理学会
高橋 大介,筑波大学,,,,数学定数に対する2進BBP型公式の計算における除算について,2024,日本応用数理学会
高橋 大介,筑波大学,,,,二次元分割を用いた並列三次元FFTにおける計算と通信のオーバーラップの自動チューニング,2021,日本応用数理学会
高橋 大介,筑波大学,,,,二次元分割を用いた並列三次元FFTにおける計算と通信のオーバーラップの自動チューニング,2021,日本応用数理学会
高橋 大輔,早稲田大学,,,,Max-Plus版2次元Nicholson-Baileyモデルの解について,2021,日本応用数理学会
高橋 大輔,早稲田大学,,,,Max-Plus版2次元Nicholson-Baileyモデルの解について,2021,日本応用数理学会
高橋 大輔,早稲田大学,,,,ファジーセルオートマトンの漸近挙動解析,2021,日本応用数理学会
高橋 大輔,早稲田大学,,,,ファジーセルオートマトンの漸近挙動解析,2021,日本応用数理学会
高橋 大輔,早稲田大学,,,,群集を表現する数理モデルとしての5近傍セルオートマトンについて,2024,日本応用数理学会
高橋 大輔,早稲田大学,,,,群集を表現する数理モデルとしての5近傍セルオートマトンについて,2024,日本応用数理学会
高橋 大輔,早稲田大学,,,,個人行動履歴を用いた感染モデルについて,2022,日本応用数理学会
高橋 大輔,早稲田大学,,,,個人行動履歴を用いた感染モデルについて,2022,日本応用数理学会
高橋 大輔,早稲田大学基幹理工学研究科,,,,合成順序の交換によるmax-min方程式と解の構成,2021,日本応用数理学会
高橋 大輔,早稲田大学基幹理工学研究科,,,,合成順序の交換によるmax-min方程式と解の構成,2021,日本応用数理学会
高橋 大輔,早稲田大学,,,,再帰max-plus方程式の高階化で得られる漸近安定系について,2025,日本応用数理学会
高橋 大輔,早稲田大学,,,,再帰max-plus方程式の高階化で得られる漸近安定系について,2025,日本応用数理学会
高橋 大輔,早稲田大学,,,,二次元箱玉系について,2025,日本応用数理学会
高橋 大輔,早稲田大学,,,,二次元箱玉系について,2025,日本応用数理学会
高橋 直樹,福岡工業大学,,,,GANを用いた分岐パラメータに依存したカオス時系列の生成,2022,日本応用数理学会
高橋 直樹,福岡工業大学,,,,GANを用いた分岐パラメータに依存したカオス時系列の生成,2022,日本応用数理学会
高橋 徹,名古屋大学,,,,FreeFEMを用いたレベルセット法に基づくトポロジー最適化,2024,日本応用数理学会
高橋 徹,名古屋大学,,,,FreeFEMを用いたレベルセット法に基づくトポロジー最適化,2024,日本応用数理学会
高橋 怜甫,北海道大学,,,,非凸な石の摩耗過程における待ち時間効果,2022,日本応用数理学会
高橋 怜甫,北海道大学,,,,非凸な石の摩耗過程における待ち時間効果,2022,日本応用数理学会
高橋 和暉,筑波大学,,,,遅延Duffing方程式の結合系に対する同期解の精度保証付き数値計算,2022,日本応用数理学会
高橋 和暉,筑波大学,,,,遅延Duffing方程式の結合系に対する同期解の精度保証付き数値計算,2022,日本応用数理学会
高坂 良史,神戸大学,,,,Helfrich型エネルギーの勾配流に対する閾値型近似アルゴリズムについて,2024,日本応用数理学会
高坂 良史,神戸大学,,,,Helfrich型エネルギーの勾配流に対する閾値型近似アルゴリズムについて,2024,日本応用数理学会
高山 彰優,山形大学大学院理工学研究科,,,,EFG型鞍点問題に対する改良型変数低減法の収束特性,2021,日本応用数理学会
高山 彰優,山形大学大学院理工学研究科,,,,EFG型鞍点問題に対する改良型変数低減法の収束特性,2021,日本応用数理学会
高山 彰優,山形大学,,,,超伝導リニア加速システムのFEMシミュレーション：電磁石電流がペレット速度に及ぼす影響,2022,日本応用数理学会
高山 彰優,山形大学,,,,超伝導リニア加速システムのFEMシミュレーション：電磁石電流がペレット速度に及ぼす影響,2022,日本応用数理学会
高山 彰優,山形大学,,,,超伝導リニア加速システムの数値シミュレーション：電磁石の形状最適化,2021,日本応用数理学会
高山 彰優,山形大学,,,,超伝導リニア加速システムの数値シミュレーション：電磁石の形状最適化,2021,日本応用数理学会
高山 彰優,山形大学,,,,超伝導リニア加速システムの電磁石形状最適化,2024,日本応用数理学会
高山 彰優,山形大学,,,,超伝導リニア加速システムの電磁石形状最適化,2024,日本応用数理学会
高山 彰優,山形大学,,,,非対称EFG型鞍点問題に対する高性能ソルバーの一般化,2024,日本応用数理学会
高山 彰優,山形大学,,,,非対称EFG型鞍点問題に対する高性能ソルバーの一般化,2024,日本応用数理学会
高山 彰優,山形大学大学院理工学研究科,,,,非対称EFG型鞍点問題への改良型変数低減法の拡張,2022,日本応用数理学会
高山 彰優,山形大学大学院理工学研究科,,,,非対称EFG型鞍点問題への改良型変数低減法の拡張,2022,日本応用数理学会
高市 康平,九州工業大学,,,,整数化した4次元Lorenz-Stenflo方程式の出力値系列に関する乱数性の調査,2025,日本応用数理学会
高市 康平,九州工業大学,,,,整数化した4次元Lorenz-Stenflo方程式の出力値系列に関する乱数性の調査,2025,日本応用数理学会
高松 尚輝,早稲田大学基幹理工学研究科数学応用数理専攻,,,,遅延van der Pol-Duffing方程式に対する逆分岐図を用いた分数調波解の解析,2021,日本応用数理学会
高松 尚輝,早稲田大学基幹理工学研究科数学応用数理専攻,,,,遅延van der Pol-Duffing方程式に対する逆分岐図を用いた分数調波解の解析,2021,日本応用数理学会
高松 尚輝,早稲田大学応用数理学科,,,,遅延van der Pol-Duffing方程式の非周期解の数値計算,2021,日本応用数理学会
高松 尚輝,早稲田大学応用数理学科,,,,遅延van der Pol-Duffing方程式の非周期解の数値計算,2021,日本応用数理学会
高松 瑞代,中央大学,,,,ジャイレータを含む回路の微分代数方程式モデルの解析,2024,日本応用数理学会
高松 瑞代,中央大学,,,,ジャイレータを含む回路の微分代数方程式モデルの解析,2024,日本応用数理学会
高石 武史,武蔵野大学工学部,,,,2次元アーチにおけるき裂進展シミュレーション,2024,日本応用数理学会
高石 武史,武蔵野大学工学部,,,,2次元アーチにおけるき裂進展シミュレーション,2024,日本応用数理学会
高石 武史,武蔵野大学,,,,FreeFEM と IPOPT パッケージを用いた接触変形によるき裂進展の解析,2025,日本応用数理学会
高石 武史,武蔵野大学,,,,FreeFEM と IPOPT パッケージを用いた接触変形によるき裂進展の解析,2025,日本応用数理学会
高石 武史,武蔵野大学工学部,,,,FreeFEM を用いた変分不等式型き裂進展シミュレーション,2021,日本応用数理学会
高石 武史,武蔵野大学工学部,,,,FreeFEM を用いた変分不等式型き裂進展シミュレーション,2021,日本応用数理学会
高石 武史,武蔵野大学,,,,FreeFEM 講習会　-- 3次元領域での流れ問題の並列計算,2021,日本応用数理学会
高石 武史,武蔵野大学,,,,FreeFEM 講習会　-- 3次元領域での流れ問題の並列計算,2021,日本応用数理学会
高石 武史,武蔵野大学,,,,外部接触条件を加えたフェーズフィールドき裂進展シミュレーション,2022,日本応用数理学会
高石 武史,武蔵野大学,,,,外部接触条件を加えたフェーズフィールドき裂進展シミュレーション,2022,日本応用数理学会
高谷 周平,個人,,,,前処理付きCGS法に対するDeflationの適用,2025,日本応用数理学会
高谷 周平,個人,,,,前処理付きCGS法に対するDeflationの適用,2025,日本応用数理学会
高津 飛鳥,東京都立大学,,,,正則化最適輸送問題におけるスケーリングの影響,2024,日本応用数理学会
高津 飛鳥,東京都立大学,,,,正則化最適輸送問題におけるスケーリングの影響,2024,日本応用数理学会
高田 英行,東邦大学理学部情報科学科,,,,情報アプローチによるFirst-to-Default Swapプレミアムのダイナミクスについて,2021,日本応用数理学会
高田 英行,東邦大学理学部情報科学科,,,,情報アプローチによるFirst-to-Default Swapプレミアムのダイナミクスについて,2021,日本応用数理学会
高田 雅美,奈良女子大学,,,,特異値分解のための両側ヤコビ法の複素数行列に対する効率的な実装法,2021,日本応用数理学会
高田 雅美,奈良女子大学,,,,特異値分解のための両側ヤコビ法の複素数行列に対する効率的な実装法,2021,日本応用数理学会
高田 雅美,奈良女子大学,,,,分散共分散行列の逆行列の対角成分の逆数の高精度計算から拡張版 Lotka-Volterra 方程式へ,2025,日本応用数理学会
高田 雅美,奈良女子大学,,,,分散共分散行列の逆行列の対角成分の逆数の高精度計算から拡張版 Lotka-Volterra 方程式へ,2025,日本応用数理学会
高田 悠（明治大学先端数理科学インスティチュート(MIMS)）,,,,,結晶構造シミュレータの開発について,2021,日本応用数理学会
高田 悠（明治大学先端数理科学インスティチュート(MIMS)）,,,,,結晶構造シミュレータの開発について,2021,日本応用数理学会
高木 剛,東京大学大学院情報理工学系研究科,,,,効率的な同種写像計算Square-root Vélu法における最適な添え字集合の探索,2022,日本応用数理学会
高木 剛,東京大学大学院情報理工学系研究科,,,,効率的な同種写像計算Square-root Vélu法における最適な添え字集合の探索,2022,日本応用数理学会
高木 山河,株式会社　TMEIC,,,,ベイズ最適化によるプラントモデルパラメータの同定,2022,日本応用数理学会
高木 山河,株式会社　TMEIC,,,,ベイズ最適化によるプラントモデルパラメータの同定,2022,日本応用数理学会
高木 清二,公立はこだて未来大学,,,,Belousov Zhabotinsky反応を用いたリザバー計算の数理モデリング,2024,日本応用数理学会
高木 清二,公立はこだて未来大学,,,,Belousov Zhabotinsky反応を用いたリザバー計算の数理モデリング,2024,日本応用数理学会
高木 清二,公立はこだて未来大学,,,,Belousov-Zhabotinsky反応を用いたsin波を生成するレザバー計算の提案とシミュレーション,2021,日本応用数理学会
高木 清二,公立はこだて未来大学,,,,Belousov-Zhabotinsky反応を用いたsin波を生成するレザバー計算の提案とシミュレーション,2021,日本応用数理学会
高野 祥汰,立命館大学大学院,,,,冠動脈バイパス術の血流解析における循環モデルの有効性の検証,2024,日本応用数理学会
高野 祥汰,立命館大学大学院,,,,冠動脈バイパス術の血流解析における循環モデルの有効性の検証,2024,日本応用数理学会
高野 祐一,筑波大学,,,,基数制約つき分布ロバストポートフォリオ最適化,2022,日本応用数理学会
高野 祐一,筑波大学,,,,基数制約つき分布ロバストポートフォリオ最適化,2022,日本応用数理学会
高棹 圭介,京都大学大学院理学研究科,,,,フェイズフィールド法による外力項付き平均曲率流方程式の弱解の構成とその応用,2024,日本応用数理学会
高棹 圭介,京都大学大学院理学研究科,,,,フェイズフィールド法による外力項付き平均曲率流方程式の弱解の構成とその応用,2024,日本応用数理学会
高棹 圭介,京都大学大学院理学研究科,,,,固体の自己駆動体運動に対する反応拡散系モデル,2025,日本応用数理学会
高棹 圭介,京都大学大学院理学研究科,,,,固体の自己駆動体運動に対する反応拡散系モデル,2025,日本応用数理学会
合原 一幸,東京大学,,,,電力系統における潮流方程式を用いた動的頑健性の評価,2025,日本応用数理学会
合原 一幸,東京大学,,,,電力系統における潮流方程式を用いた動的頑健性の評価,2025,日本応用数理学会
合田 隆,東京大学 大学院工学系研究科,,,,解析関数に対する求積公式の最悪誤差の下界について,2024,日本応用数理学会
合田 隆,東京大学 大学院工学系研究科,,,,解析関数に対する求積公式の最悪誤差の下界について,2024,日本応用数理学会
国府 寛司,京都大学,,,,受動歩行における吸引領域の変化とそのメカニズム,2021,日本応用数理学会
国府 寛司,京都大学,,,,受動歩行における吸引領域の変化とそのメカニズム,2021,日本応用数理学会
国府 寛司,京都大学,,,,力学系のリザバー計算,2021,日本応用数理学会
国府 寛司,京都大学,,,,力学系のリザバー計算,2021,日本応用数理学会
黒岩 巧,東京理科大学大学院 理学研究科,,,,中心多様体理論を用いた時間遅れ付き離散ロトカ・ヴォルテラ方程式の局所安定性解析,2025,日本応用数理学会
黒岩 巧,東京理科大学大学院 理学研究科,,,,中心多様体理論を用いた時間遅れ付き離散ロトカ・ヴォルテラ方程式の局所安定性解析,2025,日本応用数理学会
黒田 紘敏,北海道大学,,,,４階全変動流方程式の解の挙動について,2024,日本応用数理学会
黒田 紘敏,北海道大学,,,,４階全変動流方程式の解の挙動について,2024,日本応用数理学会
今井 仁司,同志社大学,,,,破産確率の数値計算について,2022,日本応用数理学会
今井 仁司,同志社大学,,,,破産確率の数値計算について,2022,日本応用数理学会
今成 宏幸,株式会社　TMEIC,,,,ベイズ最適化によるプラントモデルパラメータの同定,2022,日本応用数理学会
今成 宏幸,株式会社　TMEIC,,,,ベイズ最適化によるプラントモデルパラメータの同定,2022,日本応用数理学会
今川 真城,京都大学,,,,自然境界条件を伴う楕円型正則化による移流方程式の数値計算,2021,日本応用数理学会
今川 真城,京都大学,,,,自然境界条件を伴う楕円型正則化による移流方程式の数値計算,2021,日本応用数理学会
今倉 暁,筑波大学,,,,DE積分型行列関数計算法に対する部分固有対デフレーションに基づく収束性改善およびその性能評価,2024,日本応用数理学会
今倉 暁,筑波大学,,,,DE積分型行列関数計算法に対する部分固有対デフレーションに基づく収束性改善およびその性能評価,2024,日本応用数理学会
今倉 暁,筑波大学,,,,シングルセル遺伝子発現データに対するクラスタリングのための差分進化に基づく特徴選択法,2025,日本応用数理学会
今倉 暁,筑波大学,,,,シングルセル遺伝子発現データに対するクラスタリングのための差分進化に基づく特徴選択法,2025,日本応用数理学会
今倉 暁,筑波大学,,,,データコラボレーション解析を用いた多機関分散fMRIデータに対する精神疾患予測,2025,日本応用数理学会
今倉 暁,筑波大学,,,,データコラボレーション解析を用いた多機関分散fMRIデータに対する精神疾患予測,2025,日本応用数理学会
今倉 暁,筑波大学,,,,一般化エルミート固有値問題に対するRayleigh-Ritz版の周回積分型精度保証付 き部分固有対計算,2022,日本応用数理学会
今倉 暁,筑波大学,,,,一般化エルミート固有値問題に対するRayleigh-Ritz版の周回積分型精度保証付 き部分固有対計算,2022,日本応用数理学会
今倉 暁,筑波大学,,,,微分作用素の固有値問題に対する複素モーメントを用いた精度保証付き数値計算とMathieu方程式およびSchrödinger方程式への応用,2025,日本応用数理学会
今倉 暁,筑波大学,,,,微分作用素の固有値問題に対する複素モーメントを用いた精度保証付き数値計算とMathieu方程式およびSchrödinger方程式への応用,2025,日本応用数理学会
今村 寿子,九州大学大学院医学研究院 系統解剖学分野,,,,食道運動の数理モデルと食道運動異常症,2022,日本応用数理学会
今村 寿子,九州大学大学院医学研究院 系統解剖学分野,,,,食道運動の数理モデルと食道運動異常症,2022,日本応用数理学会
今村 俊幸,理化学研究所計算科学センター,,,,２ステップ型反復改良法を用いた連立１次方程式の高精度計算法,2021,日本応用数理学会
今村 俊幸,理化学研究所計算科学センター,,,,２ステップ型反復改良法を用いた連立１次方程式の高精度計算法,2021,日本応用数理学会
今村 俊幸,国立研究開発法人理化学研究所,,,,CP-ALSについてのHPCからの考察と試み,2021,日本応用数理学会
今村 俊幸,国立研究開発法人理化学研究所,,,,CP-ALSについてのHPCからの考察と試み,2021,日本応用数理学会
今村 俊幸,理化学研究所,,,,CPUにおけるbatched BLASのためのタスクスケジューリング戦略,2021,日本応用数理学会
今村 俊幸,理化学研究所,,,,CPUにおけるbatched BLASのためのタスクスケジューリング戦略,2021,日本応用数理学会
今村 俊幸,理化学研究所,,,,固有値分解に対する2ステップ型反復改良法,2022,日本応用数理学会
今村 俊幸,理化学研究所,,,,固有値分解に対する2ステップ型反復改良法,2022,日本応用数理学会
今村 俊幸,理化学研究所,,,,行列積に対するGEMM-basedな試行型エミュレーションについて,2025,日本応用数理学会
今村 俊幸,理化学研究所,,,,行列積に対するGEMM-basedな試行型エミュレーションについて,2025,日本応用数理学会
今村 俊幸,理化学研究所,,,,縦長行列に対する混合精度Cholesky QRアルゴリズム,2022,日本応用数理学会
今村 俊幸,理化学研究所,,,,縦長行列に対する混合精度Cholesky QRアルゴリズム,2022,日本応用数理学会
今村 俊幸,国立研究開発法人理化学研究所,,,,非正規化合成浮動小数点数を用いた計算方法の実装方法について,2024,日本応用数理学会
今村 俊幸,国立研究開発法人理化学研究所,,,,非正規化合成浮動小数点数を用いた計算方法の実装方法について,2024,日本応用数理学会
今村 俊幸,理化学研究所計算科学研究センター,,,,尾崎スキームによる無限精度内積と再現可能疎行列反復ソルバーへの応用,2022,日本応用数理学会
今村 俊幸,理化学研究所計算科学研究センター,,,,尾崎スキームによる無限精度内積と再現可能疎行列反復ソルバーへの応用,2022,日本応用数理学会
今田 凜輝,東京大学,,,,回転対称なWaterbomb Tessellationによる波状曲面-一般展開図における安定性解析-,2021,日本応用数理学会
今田 凜輝,東京大学,,,,回転対称なWaterbomb Tessellationによる波状曲面-一般展開図における安定性解析-,2021,日本応用数理学会
今田 凜輝,東京大学,,,,折紙/切紙テッセレーションに現れるソリトンと力学系による解析,2022,日本応用数理学会
今田 凜輝,東京大学,,,,折紙/切紙テッセレーションに現れるソリトンと力学系による解析,2022,日本応用数理学会
今田 凜輝,東京大学,,,,離散力学系モデルを用いた多自由度のMaxwell origami tubeの解析,2024,日本応用数理学会
今田 凜輝,東京大学,,,,離散力学系モデルを用いた多自由度のMaxwell origami tubeの解析,2024,日本応用数理学会
今野 紀雄,立命館大学,,,,グローヴァーの探索アルゴリズムと絶対ゼータ関数,2024,日本応用数理学会
今野 紀雄,立命館大学,,,,グローヴァーの探索アルゴリズムと絶対ゼータ関数,2024,日本応用数理学会
今野 紀雄,立命館大学,,,,ランダムウォークや相関付きランダムウォークにもとづく時系列解析,2024,日本応用数理学会
今野 紀雄,立命館大学,,,,ランダムウォークや相関付きランダムウォークにもとづく時系列解析,2024,日本応用数理学会
今野 紀雄,日本大学,,,,規則的なlong edgeを追加した格子模型における量子探索の探索時間の解析的な評価,2025,日本応用数理学会
今野 紀雄,日本大学,,,,規則的なlong edgeを追加した格子模型における量子探索の探索時間の解析的な評価,2025,日本応用数理学会
今野 紀雄,立命館大学,,,,量子ウォークにもとづく 時系列解析,2024,日本応用数理学会
今野 紀雄,立命館大学,,,,量子ウォークにもとづく 時系列解析,2024,日本応用数理学会
根岸 幹太,早稲田大学 基幹理工学研究科,,,,遅延離散ロトカ・ボルテラ方程式の超離散化と遅延箱玉系,2022,日本応用数理学会
根岸 幹太,早稲田大学 基幹理工学研究科,,,,遅延離散ロトカ・ボルテラ方程式の超離散化と遅延箱玉系,2022,日本応用数理学会
根芝 冴,電気通信大学,,,,凸多角形紙片上の折り線が平行な山谷付き平坦折り問題,2021,日本応用数理学会
根芝 冴,電気通信大学,,,,凸多角形紙片上の折り線が平行な山谷付き平坦折り問題,2021,日本応用数理学会
佐々 成正,日本原子力研究開発機構,,,,4次元相空間保存系のダイナミクス,2025,日本応用数理学会
佐々 成正,日本原子力研究開発機構,,,,4次元相空間保存系のダイナミクス,2025,日本応用数理学会
佐々木 淑恵,明治大学,,,,エネルギー密度に着目した折紙構造の振動制御,2021,日本応用数理学会
佐々木 淑恵,明治大学,,,,エネルギー密度に着目した折紙構造の振動制御,2021,日本応用数理学会
佐々木 淑恵,明治大学先端数理科学インスティテュート,,,,エネルギー密度位相変更法による輸送箱の固有値制御法の提案,2022,日本応用数理学会
佐々木 淑恵,明治大学先端数理科学インスティテュート,,,,エネルギー密度位相変更法による輸送箱の固有値制御法の提案,2022,日本応用数理学会
佐々木 淑恵,明治大学,,,,折紙ヘルメットの設計とシミュレーション解析,2025,日本応用数理学会
佐々木 淑恵,明治大学,,,,折紙ヘルメットの設計とシミュレーション解析,2025,日本応用数理学会
佐々木 淑恵,明治大学,,,,折畳めるお洒落な作業ヘルメットの開発,2024,日本応用数理学会
佐々木 淑恵,明治大学,,,,折畳めるお洒落な作業ヘルメットの開発,2024,日本応用数理学会
佐々木 淑恵,明治大学先端数理科学インスティテュート,,,,扇のアプリの開発,2024,日本応用数理学会
佐々木 淑恵,明治大学先端数理科学インスティテュート,,,,扇のアプリの開発,2024,日本応用数理学会
佐々木 多希子,武蔵野大学,,,,会話分析に基づく興味関心抽出と最適トピック提案：Zero-shot learningと感情評価の統合,2025,日本応用数理学会
佐々木 多希子,武蔵野大学,,,,会話分析に基づく興味関心抽出と最適トピック提案：Zero-shot learningと感情評価の統合,2025,日本応用数理学会
佐々木 多希子,武蔵野大学,,,,非平滑関数に対する確率的勾配降下法へのチェビシェフ法の適用と収束解析,2025,日本応用数理学会
佐々木 多希子,武蔵野大学,,,,非平滑関数に対する確率的勾配降下法へのチェビシェフ法の適用と収束解析,2025,日本応用数理学会
佐々木 多希子,武蔵野大学,,,,離散半線形波動方程式の解のlifespan評価,2024,日本応用数理学会
佐々木 多希子,武蔵野大学,,,,離散半線形波動方程式の解のlifespan評価,2024,日本応用数理学会
佐々木 多希子,武蔵野大学,,,,連続最適化問題に対する線形多段法の安定性解析,2024,日本応用数理学会
佐々木 多希子,武蔵野大学,,,,連続最適化問題に対する線形多段法の安定性解析,2024,日本応用数理学会
佐川 恭平,長岡技術科学大学,,,,Haskellを用いたMin-Max-Plus方程式の求解,2021,日本応用数理学会
佐川 恭平,長岡技術科学大学,,,,Haskellを用いたMin-Max-Plus方程式の求解,2021,日本応用数理学会
佐川 遼,大阪大学,,,,SAV法に基づく連続最適化手法のロバスト性および収束速度の改善について,2025,日本応用数理学会
佐川 遼,大阪大学,,,,SAV法に基づく連続最適化手法のロバスト性および収束速度の改善について,2025,日本応用数理学会
佐竹 希一,愛媛大学,,,,複雑な境界を持つ領域への代用電荷法による数値等角写像の方法について,2021,日本応用数理学会
佐竹 希一,愛媛大学,,,,複雑な境界を持つ領域への代用電荷法による数値等角写像の方法について,2021,日本応用数理学会
佐竹 真介,核融合科学研究所,,,,辺要素有限要素法による高温超伝導テープ線材中の磁気遮蔽電流密度解析,2021,日本応用数理学会
佐竹 真介,核融合科学研究所,,,,辺要素有限要素法による高温超伝導テープ線材中の磁気遮蔽電流密度解析,2021,日本応用数理学会
佐竹 祐樹,北海道大学,,,,行列方程式に対する低ランク型Krylov部分空間法のための前処理について,2024,日本応用数理学会
佐竹 祐樹,北海道大学,,,,行列方程式に対する低ランク型Krylov部分空間法のための前処理について,2024,日本応用数理学会
佐竹 祐樹,名古屋大学,,,,行列方程式に対する反復法のためのテンソル構造保存型前処理について,2022,日本応用数理学会
佐竹 祐樹,名古屋大学,,,,行列方程式に対する反復法のためのテンソル構造保存型前処理について,2022,日本応用数理学会
佐竹 翔平,熊本大学,,,,Paley RIPとPaley graph extractor,2024,日本応用数理学会
佐竹 翔平,熊本大学,,,,Paley RIPとPaley graph extractor,2024,日本応用数理学会
佐竹 翔平,明治大学 総合数理学部,,,,Triplet graphとsextet graphのエクスパンダー性について,2022,日本応用数理学会
佐竹 翔平,明治大学 総合数理学部,,,,Triplet graphとsextet graphのエクスパンダー性について,2022,日本応用数理学会
佐竹 翔平（熊本大学 大学院先端科学研究部 (工学系)）,,,,,Paley行列のRIPとPaley graph extractor,2021,日本応用数理学会
佐竹 翔平（熊本大学 大学院先端科学研究部 (工学系)）,,,,,Paley行列のRIPとPaley graph extractor,2021,日本応用数理学会
佐藤 一宏,東京大学大学院情報理工学系研究科数理情報学専攻,,,,ランダム射影による大規模な線形安定システムの低次元化,2022,日本応用数理学会
佐藤 一宏,東京大学大学院情報理工学系研究科数理情報学専攻,,,,ランダム射影による大規模な線形安定システムの低次元化,2022,日本応用数理学会
佐藤 海斗,東京大学大学院,,,,偏微分方程式に対するダイヤモンドスキームに関する諸検討,2024,日本応用数理学会
佐藤 海斗,東京大学大学院,,,,偏微分方程式に対するダイヤモンドスキームに関する諸検討,2024,日本応用数理学会
佐藤 寛之,京都大学,,,,p-ノルム球面上の最適化の理論と応用,2022,日本応用数理学会
佐藤 寛之,京都大学,,,,p-ノルム球面上の最適化の理論と応用,2022,日本応用数理学会
佐藤 寛之,京都大学大学院情報学研究科,,,,Probabilistic Singular Value Decomposition: A Probabilistic Model on the Standard Simplex,2022,日本応用数理学会
佐藤 寛之,京都大学大学院情報学研究科,,,,Probabilistic Singular Value Decomposition: A Probabilistic Model on the Standard Simplex,2022,日本応用数理学会
佐藤 寛之,京都大学,,,,Riemann多様体上のHZ型共役勾配法の固有値問題への応用,2022,日本応用数理学会
佐藤 寛之,京都大学,,,,Riemann多様体上のHZ型共役勾配法の固有値問題への応用,2022,日本応用数理学会
佐藤 寛之,京都大学,,,,リーマン多様体上の非線形共役勾配法の新たな枠組みと数値線形代数への応用,2021,日本応用数理学会
佐藤 寛之,京都大学,,,,リーマン多様体上の非線形共役勾配法の新たな枠組みと数値線形代数への応用,2021,日本応用数理学会
佐藤 巌,小山工業高等専門学校,,,,グローヴァーの探索アルゴリズムと絶対ゼータ関数,2024,日本応用数理学会
佐藤 巌,小山工業高等専門学校,,,,グローヴァーの探索アルゴリズムと絶対ゼータ関数,2024,日本応用数理学会
佐藤 慧,早稲田大学大学院基幹理工学研究科数学応用数理専攻,,,,Einstein方程式の数値計算のための拘束条件を用いた補正の最適化,2022,日本応用数理学会
佐藤 慧,早稲田大学大学院基幹理工学研究科数学応用数理専攻,,,,Einstein方程式の数値計算のための拘束条件を用いた補正の最適化,2022,日本応用数理学会
佐藤 峻,東京大学 大学院情報理工学系研究科,,,,Nesterovの加速勾配法の可変刻み線形多段法としての解釈とその応用について,2022,日本応用数理学会
佐藤 峻,東京大学 大学院情報理工学系研究科,,,,Nesterovの加速勾配法の可変刻み線形多段法としての解釈とその応用について,2022,日本応用数理学会
佐藤 峻,東京大学大学院情報理工学系研究科,,,,勾配流に対する離散勾配を用いた最適化手法の統一的記述について,2022,日本応用数理学会
佐藤 峻,東京大学大学院情報理工学系研究科,,,,勾配流に対する離散勾配を用いた最適化手法の統一的記述について,2022,日本応用数理学会
佐藤 峻,東京大学大学院情報理工学系研究科,,,,最適化に現れる常微分方程式の本質的な収束レート,2021,日本応用数理学会
佐藤 峻,東京大学大学院情報理工学系研究科,,,,最適化に現れる常微分方程式の本質的な収束レート,2021,日本応用数理学会
佐藤 峻,東京大学大学院情報理工学系研究科,,,,最適化に適した安定な数値解法について,2021,日本応用数理学会
佐藤 峻,東京大学大学院情報理工学系研究科,,,,最適化に適した安定な数値解法について,2021,日本応用数理学会
佐藤 峻,東京大学大学院情報理工学系研究科,,,,最適化手法の連続時間モデルに関する本質的な収束率の精緻化,2024,日本応用数理学会
佐藤 峻,東京大学大学院情報理工学系研究科,,,,最適化手法の連続時間モデルに関する本質的な収束率の精緻化,2024,日本応用数理学会
佐藤 峻,東京大学大学院,,,,偏微分方程式に対するダイヤモンドスキームに関する諸検討,2024,日本応用数理学会
佐藤 峻,東京大学大学院,,,,偏微分方程式に対するダイヤモンドスキームに関する諸検討,2024,日本応用数理学会
佐藤 峻,東京大学,,,,偏微分方程式の重度演算子分解解法について,2024,日本応用数理学会
佐藤 峻,東京大学,,,,偏微分方程式の重度演算子分解解法について,2024,日本応用数理学会
佐藤 純,東京工芸大学,,,,可積分非エルミートスピン鎖におけるBetheストリング解の崩壊,2022,日本応用数理学会
佐藤 純,東京工芸大学,,,,可積分非エルミートスピン鎖におけるBetheストリング解の崩壊,2022,日本応用数理学会
佐藤 純,東京工芸大学,,,,二次元格子上の吸脱着付き非対称単純排他過程の厳密解,2024,日本応用数理学会
佐藤 純,東京工芸大学,,,,二次元格子上の吸脱着付き非対称単純排他過程の厳密解,2024,日本応用数理学会
佐藤 純,東京工芸大学,,,,量子ダークマルチソリトンのダイナミクス,2022,日本応用数理学会
佐藤 純,東京工芸大学,,,,量子ダークマルチソリトンのダイナミクス,2022,日本応用数理学会
佐藤 純,東京工芸大学,,,,量子系に現れるダークソリトン,2021,日本応用数理学会
佐藤 純,東京工芸大学,,,,量子系に現れるダークソリトン,2021,日本応用数理学会
佐藤 勝彦,北海道大学電子科学研究所,,,,細胞骨格の流れと基盤との摩擦によって誘起する細胞運動,2022,日本応用数理学会
佐藤 勝彦,北海道大学電子科学研究所,,,,細胞骨格の流れと基盤との摩擦によって誘起する細胞運動,2022,日本応用数理学会
佐藤 譲,北海道大学,,,,Existence of multiple noise-induced transitions in Lasota–Mackey maps,2022,日本応用数理学会
佐藤 譲,北海道大学,,,,Existence of multiple noise-induced transitions in Lasota–Mackey maps,2022,日本応用数理学会
佐藤 慎太郎,東北大学,,,,最適輸送と移流による流れ場の補間,2025,日本応用数理学会
佐藤 慎太郎,東北大学,,,,最適輸送と移流による流れ場の補間,2025,日本応用数理学会
佐藤 惣一郎,武蔵野大学大学院工学研究科,,,,2次元アーチにおけるき裂進展シミュレーション,2024,日本応用数理学会
佐藤 惣一郎,武蔵野大学大学院工学研究科,,,,2次元アーチにおけるき裂進展シミュレーション,2024,日本応用数理学会
佐藤 大輔,福岡工業大学,,,,可積分差分方程式によるBass モデル不適合分析,2025,日本応用数理学会
佐藤 大輔,福岡工業大学,,,,可積分差分方程式によるBass モデル不適合分析,2025,日本応用数理学会
佐藤 哲,パーソルキャリア株式会社,,,,Takens埋め込みと位相的データ解析を用いた文章埋め込みベクトル解析手法,2024,日本応用数理学会
佐藤 哲,パーソルキャリア株式会社,,,,Takens埋め込みと位相的データ解析を用いた文章埋め込みベクトル解析手法,2024,日本応用数理学会
佐藤 哲,パーソルキャリア株式会社テクノロジー本部デジタルテクノロジー統括部,,,,粒子フィルタと位相的データ解析を用いたウェアラブルPPGセンサデータ分析,2022,日本応用数理学会
佐藤 哲,パーソルキャリア株式会社テクノロジー本部デジタルテクノロジー統括部,,,,粒子フィルタと位相的データ解析を用いたウェアラブルPPGセンサデータ分析,2022,日本応用数理学会
佐藤 哲也,東京工業大学,,,,Isabelle/HOLを用いた差分プライバシーの形式的検証,2024,日本応用数理学会
佐藤 哲也,東京工業大学,,,,Isabelle/HOLを用いた差分プライバシーの形式的検証,2024,日本応用数理学会
佐藤 佑哉,東京工科大学,,,,可変的前処理付きKrylov部分空間解法と変数低減法の並列化効率,2024,日本応用数理学会
佐藤 佑哉,東京工科大学,,,,可変的前処理付きKrylov部分空間解法と変数低減法の並列化効率,2024,日本応用数理学会
佐藤 誉,早稲田大学大学院 基幹理工学研究科,,,,重定・川崎・寺本モデルの定常解の交差拡散極限,2022,日本応用数理学会
佐藤 誉,早稲田大学大学院 基幹理工学研究科,,,,重定・川崎・寺本モデルの定常解の交差拡散極限,2022,日本応用数理学会
佐藤 良亮,東京大学,,,,On Efficiency of Polyhedral Clinching Auctions,2022,日本応用数理学会
佐藤 良亮,東京大学,,,,On Efficiency of Polyhedral Clinching Auctions,2022,日本応用数理学会
佐野 英樹,神戸大学システム情報学研究科,,,,PINNを用いたSIRカトリエルモデルの係数早期決定における変分ネットワークの導入,2025,日本応用数理学会
佐野 英樹,神戸大学システム情報学研究科,,,,PINNを用いたSIRカトリエルモデルの係数早期決定における変分ネットワークの導入,2025,日本応用数理学会
佐野 崇,東洋大学,,,,On differential-equation-based-neural-networks on manifolds,2024,日本応用数理学会
佐野 崇,東洋大学,,,,On differential-equation-based-neural-networks on manifolds,2024,日本応用数理学会
佐野 良夫,筑波大学,,,,(2+1)フリーな半順序集合上の重みつき半順序マトロイド交叉問題に対する多項式時間アルゴリズム,2025,日本応用数理学会
佐野 良夫,筑波大学,,,,(2+1)フリーな半順序集合上の重みつき半順序マトロイド交叉問題に対する多項式時間アルゴリズム,2025,日本応用数理学会
左近 太佑,大阪大学大学院医学系研究科生体病態情報科学講座,,,,炎症性腸疾患に対する最適な生物学的製剤選択モデル,2025,日本応用数理学会
左近 太佑,大阪大学大学院医学系研究科生体病態情報科学講座,,,,炎症性腸疾患に対する最適な生物学的製剤選択モデル,2025,日本応用数理学会
砂山 洋祐,金沢大学 自然科学研究科 数物科学専攻,,,,Comoving mesh method:移動境界問題に対する汎用型有限要素法,2021,日本応用数理学会
砂山 洋祐,金沢大学 自然科学研究科 数物科学専攻,,,,Comoving mesh method:移動境界問題に対する汎用型有限要素法,2021,日本応用数理学会
才川 隆文,名古屋大学,,,,An Approach to Formalize Information-theoretic Security of Multiparty Computation Protocols,2025,日本応用数理学会
才川 隆文,名古屋大学,,,,An Approach to Formalize Information-theoretic Security of Multiparty Computation Protocols,2025,日本応用数理学会
斎藤 直樹,Dept.of Mathematics,Univ.of California,Davis,,Monogenic Wavelet Scattering Network for Texture Image Classification,2022,日本応用数理学会
斎藤 直樹,Dept.of Mathematics,Univ.of California,Davis,,Monogenic Wavelet Scattering Network for Texture Image Classification,2022,日本応用数理学会
斎藤 通紀,京都大学,,,,Gromov-Wasserstein最適輸送理論を用いたオミクスデータ種差解析,2024,日本応用数理学会
斎藤 通紀,京都大学,,,,Gromov-Wasserstein最適輸送理論を用いたオミクスデータ種差解析,2024,日本応用数理学会
斎藤 通紀,京都大学大学院医学研究科,京都大学高等研究院ヒト生物学高等研究拠点,,,Mapperに基づく細胞分化の位相的流れ解析,2021,日本応用数理学会
斎藤 通紀,京都大学大学院医学研究科,京都大学高等研究院ヒト生物学高等研究拠点,,,Mapperに基づく細胞分化の位相的流れ解析,2021,日本応用数理学会
斎藤 隆泰,群馬大学,,,,3次元粘弾性体中のき裂に対する形状再構成,2022,日本応用数理学会
斎藤 隆泰,群馬大学,,,,3次元粘弾性体中のき裂に対する形状再構成,2022,日本応用数理学会
斎藤 隆泰,群馬大学,,,,量子アルゴリズムを用いたトモグラフィ理論の再検討,2024,日本応用数理学会
斎藤 隆泰,群馬大学,,,,量子アルゴリズムを用いたトモグラフィ理論の再検討,2024,日本応用数理学会
斎藤 侑輝,ZOZO Research,,,,ファッションの解釈性向上のための機械学習モデルの検討,2024,日本応用数理学会
斎藤 侑輝,ZOZO Research,,,,ファッションの解釈性向上のための機械学習モデルの検討,2024,日本応用数理学会
斎藤 侑輝,ZOZO Research,,,,ファッション応用に向けた集合関数学習の新展開,2022,日本応用数理学会
斎藤 侑輝,ZOZO Research,,,,ファッション応用に向けた集合関数学習の新展開,2022,日本応用数理学会
坂井 優歩,芝浦工業大学大学院,,,,1期間3項モデルにおける金融商品の価格付けについて,2022,日本応用数理学会
坂井 優歩,芝浦工業大学大学院,,,,1期間3項モデルにおける金融商品の価格付けについて,2022,日本応用数理学会
坂下 美咲,東京理科大学,,,,トポロジー最適化の骨形態学への応用：魚類椎骨の研究を例として,2025,日本応用数理学会
坂下 美咲,東京理科大学,,,,トポロジー最適化の骨形態学への応用：魚類椎骨の研究を例として,2025,日本応用数理学会
坂元 孝志,明治大学,,,,コンパクトメトリックグラフ上でのTuring不安定性,2025,日本応用数理学会
坂元 孝志,明治大学,,,,コンパクトメトリックグラフ上でのTuring不安定性,2025,日本応用数理学会
坂口 秀,京都大学情報学研究科,,,,Anosov性を持つリンケージの構成,2025,日本応用数理学会
坂口 秀,京都大学情報学研究科,,,,Anosov性を持つリンケージの構成,2025,日本応用数理学会
坂上 貴之,京都大学,,,,2次元非圧縮キャビティ流れに対する流線トポロジー解析,2024,日本応用数理学会
坂上 貴之,京都大学,,,,2次元非圧縮キャビティ流れに対する流線トポロジー解析,2024,日本応用数理学会
坂上 貴之,京都大学大学院理学研究科,,,,カオスの流れのトポロジカルダイナミクスモデリング,2025,日本応用数理学会
坂上 貴之,京都大学大学院理学研究科,,,,カオスの流れのトポロジカルダイナミクスモデリング,2025,日本応用数理学会
坂上 貴之,京都大学理学研究科,,,,二重周期領域流れの流線トポロジカルデータ解析,2024,日本応用数理学会
坂上 貴之,京都大学理学研究科,,,,二重周期領域流れの流線トポロジカルデータ解析,2024,日本応用数理学会
坂上 貴之,京都大学,,,,流線トポロジー解析を用いた黒潮蛇行発生の特定,2022,日本応用数理学会
坂上 貴之,京都大学,,,,流線トポロジー解析を用いた黒潮蛇行発生の特定,2022,日本応用数理学会
坂上 貴之,京都大学大学院理学研究科,,,,流線トポロジカルデータ解析による大気ブロッキング現象の抽出と形態分類,2021,日本応用数理学会
坂上 貴之,京都大学大学院理学研究科,,,,流線トポロジカルデータ解析による大気ブロッキング現象の抽出と形態分類,2021,日本応用数理学会
坂上 貴之,京都大学,,,,流線トポロジカルデータ解析による二次元乱流データの判別,2025,日本応用数理学会
坂上 貴之,京都大学,,,,流線トポロジカルデータ解析による二次元乱流データの判別,2025,日本応用数理学会
坂田 逸志,理研AIP,,,,連続スペクトルの擬固有関数を用いた非線形力学におけるスペクトル解析,2024,日本応用数理学会
坂田 逸志,理研AIP,,,,連続スペクトルの擬固有関数を用いた非線形力学におけるスペクトル解析,2024,日本応用数理学会
坂田 康亮,東京大学,,,,外積代数におけるGröbner基底計算アルゴリズムの計算量評価と実装報告,2022,日本応用数理学会
坂田 康亮,東京大学,,,,外積代数におけるGröbner基底計算アルゴリズムの計算量評価と実装報告,2022,日本応用数理学会
坂本 信仁,北海道大学大学院理学院数学専攻,,,,複数のジェネレータによるエッジ置換モデルと一般化次元,2025,日本応用数理学会
坂本 信仁,北海道大学大学院理学院数学専攻,,,,複数のジェネレータによるエッジ置換モデルと一般化次元,2025,日本応用数理学会
坂本 大樹,東京大学大学院情報理工学系研究科数理情報学専攻,,,,ランダム射影による大規模な線形安定システムの低次元化,2022,日本応用数理学会
坂本 大樹,東京大学大学院情報理工学系研究科数理情報学専攻,,,,ランダム射影による大規模な線形安定システムの低次元化,2022,日本応用数理学会
坂本 大樹,みずほリサーチ&テクノロジーズ株式会社,,,,弾性変形を考慮した浮体の運動方程式における流体力の検討,2022,日本応用数理学会
坂本 大樹,みずほリサーチ&テクノロジーズ株式会社,,,,弾性変形を考慮した浮体の運動方程式における流体力の検討,2022,日本応用数理学会
坂本 亮,株式会社Preferred Networks,,,,MN-Coreと開発環境,2024,日本応用数理学会
坂本 亮,株式会社Preferred Networks,,,,MN-Coreと開発環境,2024,日本応用数理学会
阪田 直樹,お茶の水女子大学ソフトマター教育研究センター,,,,多相共連続構造の数学的モデルと安定化,2022,日本応用数理学会
阪田 直樹,お茶の水女子大学ソフトマター教育研究センター,,,,多相共連続構造の数学的モデルと安定化,2022,日本応用数理学会
堺 雄亮,ソニーコンピュータサイエンス研究所 - 京都,,,,3次元五角形格子メタマテリアルを用いた曲面の設計,2024,日本応用数理学会
堺 雄亮,ソニーコンピュータサイエンス研究所 - 京都,,,,3次元五角形格子メタマテリアルを用いた曲面の設計,2024,日本応用数理学会
堺 雄亮,ソニーコンピュータサイエンス研究所 京都研究室,,,,コンプライアントメカニズムの幾何非線形挙動を高精度かつ高速に予測するサロゲートモデルの提案,2022,日本応用数理学会
堺 雄亮,ソニーコンピュータサイエンス研究所 京都研究室,,,,コンプライアントメカニズムの幾何非線形挙動を高精度かつ高速に予測するサロゲートモデルの提案,2022,日本応用数理学会
堺 雄亮,京都大学,,,,均一な六角形ユニットを有する円筒機構の静的構造解析,2021,日本応用数理学会
堺 雄亮,京都大学,,,,均一な六角形ユニットを有する円筒機構の静的構造解析,2021,日本応用数理学会
堺 雄亮,ソニーコンピュータサイエンス研究所,,,,離散膜O曲面による形状・応力分布の同時生成,2022,日本応用数理学会
堺 雄亮,ソニーコンピュータサイエンス研究所,,,,離散膜O曲面による形状・応力分布の同時生成,2022,日本応用数理学会
榊原 航也,金沢大学,,,,Helfrich型エネルギーの勾配流に対する閾値型近似アルゴリズムについて,2024,日本応用数理学会
榊原 航也,金沢大学,,,,Helfrich型エネルギーの勾配流に対する閾値型近似アルゴリズムについて,2024,日本応用数理学会
榊原 航也,岡山理科大学,,,,Kobayashi-Warren-Carter汎関数の精密特異極限とその勾配流の挙動について,2022,日本応用数理学会
榊原 航也,岡山理科大学,,,,Kobayashi-Warren-Carter汎関数の精密特異極限とその勾配流の挙動について,2022,日本応用数理学会
榊原 航也,岡山理科大学,,,,悪条件性を緩和した代用電荷法の数学解析,2022,日本応用数理学会
榊原 航也,岡山理科大学,,,,悪条件性を緩和した代用電荷法の数学解析,2022,日本応用数理学会
榊原 航也,金沢大学理工研究域数物科学系,,,,固体の自己駆動体運動に対する反応拡散系モデル,2025,日本応用数理学会
榊原 航也,金沢大学理工研究域数物科学系,,,,固体の自己駆動体運動に対する反応拡散系モデル,2025,日本応用数理学会
榊原 航也,金沢大学,,,,正則化最適輸送問題におけるスケーリングの影響,2024,日本応用数理学会
榊原 航也,金沢大学,,,,正則化最適輸送問題におけるスケーリングの影響,2024,日本応用数理学会
崎谷 明恵,明治大学,,,,折畳み缶に関する検討,2021,日本応用数理学会
崎谷 明恵,明治大学,,,,折畳み缶に関する検討,2021,日本応用数理学会
崎谷 明恵,明治大学,,,,反転捩り折紙構造を利用した二重構造の衝撃特性,2022,日本応用数理学会
崎谷 明恵,明治大学,,,,反転捩り折紙構造を利用した二重構造の衝撃特性,2022,日本応用数理学会
笹島 学,フォスター電機（株）,,,,新しい解析技術を用いた折紙構造の吸音率の評価（三浦折り構造の低周波域挙動考察）,2025,日本応用数理学会
笹島 学,フォスター電機（株）,,,,新しい解析技術を用いた折紙構造の吸音率の評価（三浦折り構造の低周波域挙動考察）,2025,日本応用数理学会
三ツ井 孝仁,順天堂大学,,,,Littlewood-Paley分解の数学理論に立脚したリザバーコンピューティングの実装,2024,日本応用数理学会
三ツ井 孝仁,順天堂大学,,,,Littlewood-Paley分解の数学理論に立脚したリザバーコンピューティングの実装,2024,日本応用数理学会
三浦 岳,九州大学大学院医学研究院 系統解剖学分野,,,,食道運動の数理モデルと食道運動異常症,2022,日本応用数理学会
三浦 岳,九州大学大学院医学研究院 系統解剖学分野,,,,食道運動の数理モデルと食道運動異常症,2022,日本応用数理学会
三浦 均,名古屋市立大学,,,,結晶成長における不純物効果の数理モデル：ステップ動力学と吸着不純物の相互作用,2024,日本応用数理学会
三浦 均,名古屋市立大学,,,,結晶成長における不純物効果の数理モデル：ステップ動力学と吸着不純物の相互作用,2024,日本応用数理学会
三浦 憲二郎,静岡大学,,,,テオドロスの螺旋の拡張,2024,日本応用数理学会
三浦 憲二郎,静岡大学,,,,テオドロスの螺旋の拡張,2024,日本応用数理学会
三浦 憲二郎,静岡大学,,,,球面2次Bezier曲線のG2接続とその有理化,2021,日本応用数理学会
三浦 憲二郎,静岡大学,,,,球面2次Bezier曲線のG2接続とその有理化,2021,日本応用数理学会
三浦 憲二郎,静岡大学,,,,球面κ-曲線の初期値推定のための地図投影法の利用,2022,日本応用数理学会
三浦 憲二郎,静岡大学,,,,球面κ-曲線の初期値推定のための地図投影法の利用,2022,日本応用数理学会
三浦 憲二郎,静岡大学創造科学技術大学院,,,,相似幾何によるS字型離散対数型美的曲線の生成法,2021,日本応用数理学会
三浦 憲二郎,静岡大学創造科学技術大学院,,,,相似幾何によるS字型離散対数型美的曲線の生成法,2021,日本応用数理学会
三浦 正幸,東京大学,,,,腸管上皮細胞社会における脱分化現象の数理解析,2022,日本応用数理学会
三浦 正幸,東京大学,,,,腸管上皮細胞社会における脱分化現象の数理解析,2022,日本応用数理学会
三浦 達哉,京都大学,,,,無限に長い曲線を短くする,2025,日本応用数理学会
三浦 達哉,京都大学,,,,無限に長い曲線を短くする,2025,日本応用数理学会
三浦 悠希,早稲田大学,,,,遅延van der Pol-Duffing方程式の非周期解の数値計算,2021,日本応用数理学会
三浦 悠希,早稲田大学,,,,遅延van der Pol-Duffing方程式の非周期解の数値計算,2021,日本応用数理学会
三浦 悠希,早稲田大学,,,,遅延連立エルニーニョ方程式に対する逆分岐図を用いた分数調波解の解析,2022,日本応用数理学会
三浦 悠希,早稲田大学,,,,遅延連立エルニーニョ方程式に対する逆分岐図を用いた分数調波解の解析,2022,日本応用数理学会
三好 建正,理化学研究所,,,,力学系の不安定性とアンサンブルカルマンフィルタによる状態推定メカニズムの関係について,2025,日本応用数理学会
三好 建正,理化学研究所,,,,力学系の不安定性とアンサンブルカルマンフィルタによる状態推定メカニズムの関係について,2025,日本応用数理学会
三好 裕之,東京大学,,,,ネマチック液晶の持つ弾性エネルギーの陽公式に基づくトポロジカル欠陥の平衡解の解析,2024,日本応用数理学会
三好 裕之,東京大学,,,,ネマチック液晶の持つ弾性エネルギーの陽公式に基づくトポロジカル欠陥の平衡解の解析,2024,日本応用数理学会
三重野  武彦,エプソンアヴァシス株式会社,,,,ProVerif を用いたPolicy-based Chameleon Hashによる修正可能なブロックチェーンの形式化,2021,日本応用数理学会
三重野  武彦,エプソンアヴァシス株式会社,,,,ProVerif を用いたPolicy-based Chameleon Hashによる修正可能なブロックチェーンの形式化,2021,日本応用数理学会
三重野 武彦,EPSON AVASYS,信州大学,,,ProVerifによるBGPセキュリティ機構の形式的安全性検証,2025,日本応用数理学会
三重野 武彦,EPSON AVASYS,信州大学,,,ProVerifによるBGPセキュリティ機構の形式的安全性検証,2025,日本応用数理学会
三重野 武彦,EPSON AVASYS 株式会社,,,,Tamarin proverの Heuristic Oracleを利用した CPA Modelの安全性検証,2024,日本応用数理学会
三重野 武彦,EPSON AVASYS 株式会社,,,,Tamarin proverの Heuristic Oracleを利用した CPA Modelの安全性検証,2024,日本応用数理学会
三重野 武彦,EPSON AVASYS株式会社,,,,数理的技法による情報セキュリティの2024年度後半＆2025年度前半の研究動向,2025,日本応用数理学会
三重野 武彦,EPSON AVASYS株式会社,,,,数理的技法による情報セキュリティの2024年度後半＆2025年度前半の研究動向,2025,日本応用数理学会
三重野 武彦,EPSON AVASYS 株式会社,,,,数理的技法による情報セキュリティの2024年度前半の研究動向,2024,日本応用数理学会
三重野 武彦,EPSON AVASYS 株式会社,,,,数理的技法による情報セキュリティの2024年度前半の研究動向,2024,日本応用数理学会
三善 英知,大阪大学大学院医学系研究科生体病態情報科学講座,,,,炎症性腸疾患に対する最適な生物学的製剤選択モデル,2025,日本応用数理学会
三善 英知,大阪大学大学院医学系研究科生体病態情報科学講座,,,,炎症性腸疾患に対する最適な生物学的製剤選択モデル,2025,日本応用数理学会
三村 将太,東京科学大学,,,,所得格差下における第三者の給付金配分選好の実験研究,2025,日本応用数理学会
三村 将太,東京科学大学,,,,所得格差下における第三者の給付金配分選好の実験研究,2025,日本応用数理学会
三宅 庸仁,九州大学,,,,Helfrich型エネルギーの勾配流に対する閾値型近似アルゴリズムについて,2024,日本応用数理学会
三宅 庸仁,九州大学,,,,Helfrich型エネルギーの勾配流に対する閾値型近似アルゴリズムについて,2024,日本応用数理学会
三谷 純,筑波大学,,,,[企画講演] コンピュータグラフィックスから折紙へと広がる研究の歩み,2025,日本応用数理学会
三谷 純,筑波大学,,,,[企画講演] コンピュータグラフィックスから折紙へと広がる研究の歩み,2025,日本応用数理学会
三谷 純,筑波大学,,,,「折り紙制作時に生じる誤差を考慮した展開図補正法の提案」,2021,日本応用数理学会
三谷 純,筑波大学,,,,「折り紙制作時に生じる誤差を考慮した展開図補正法の提案」,2021,日本応用数理学会
三谷 純,筑波大学,,,,3Dプリントによる折り畳み式双安定性折り紙構造体の制作,2024,日本応用数理学会
三谷 純,筑波大学,,,,3Dプリントによる折り畳み式双安定性折り紙構造体の制作,2024,日本応用数理学会
三谷 純,筑波大学,,,,From 3D Model to 2D Manufacturable Design,2025,日本応用数理学会
三谷 純,筑波大学,,,,From 3D Model to 2D Manufacturable Design,2025,日本応用数理学会
三谷 純,筑波大学,,,,Logical Matrix Representations in Map Folding,2021,日本応用数理学会
三谷 純,筑波大学,,,,Logical Matrix Representations in Map Folding,2021,日本応用数理学会
三谷 純,筑波大学,,,,rulingの交差を考慮した直感的な操作による曲線折りの形状モデリング手法,2021,日本応用数理学会
三谷 純,筑波大学,,,,rulingの交差を考慮した直感的な操作による曲線折りの形状モデリング手法,2021,日本応用数理学会
三谷 純,筑波大学,,,,ガウス球上のトレース図による円錐特異点を含む離散可展面のインタラクティブモデリング,2025,日本応用数理学会
三谷 純,筑波大学,,,,ガウス球上のトレース図による円錐特異点を含む離散可展面のインタラクティブモデリング,2025,日本応用数理学会
三谷 純,筑波大学,,,,テオドロスの螺旋の拡張,2024,日本応用数理学会
三谷 純,筑波大学,,,,テオドロスの螺旋の拡張,2024,日本応用数理学会
三谷 純,筑波大学 システム情報系,,,,ねじり折りのパラメトリックな作図法の比較,2024,日本応用数理学会
三谷 純,筑波大学 システム情報系,,,,ねじり折りのパラメトリックな作図法の比較,2024,日本応用数理学会
三谷 純,筑波大学大学院,,,,ブレークを含む離散可展面の形状モデリングのためのruling制御,2024,日本応用数理学会
三谷 純,筑波大学大学院,,,,ブレークを含む離散可展面の形状モデリングのためのruling制御,2024,日本応用数理学会
三谷 純,筑波大学,,,,ブロック折り紙の対話的な設計支援システムの提案,2024,日本応用数理学会
三谷 純,筑波大学,,,,ブロック折り紙の対話的な設計支援システムの提案,2024,日本応用数理学会
三谷 純,筑波大学,,,,環状帯折りに対する考察,2025,日本応用数理学会
三谷 純,筑波大学,,,,環状帯折りに対する考察,2025,日本応用数理学会
三谷 純,筑波大学　情報システム系,,,,三角形のタイリングを用いた平織りの作図法,2021,日本応用数理学会
三谷 純,筑波大学　情報システム系,,,,三角形のタイリングを用いた平織りの作図法,2021,日本応用数理学会
三谷 純,筑波大学,,,,軸対称性を持つ立体折り紙の制作時に生じる誤差を考慮した展開図補正法,2022,日本応用数理学会
三谷 純,筑波大学,,,,軸対称性を持つ立体折り紙の制作時に生じる誤差を考慮した展開図補正法,2022,日本応用数理学会
三谷 純,筑波大学,,,,蛇腹折りを活かしたBook Foldingアート作品の展開図生成方法の提案,2021,日本応用数理学会
三谷 純,筑波大学,,,,蛇腹折りを活かしたBook Foldingアート作品の展開図生成方法の提案,2021,日本応用数理学会
三谷 純,筑波大学,,,,収縮時に図柄が現れるジャバラの設計手法の提案,2022,日本応用数理学会
三谷 純,筑波大学,,,,収縮時に図柄が現れるジャバラの設計手法の提案,2022,日本応用数理学会
三谷 純,筑波大学,,,,地図折りに基づくブール行列演算子代数の構築,2022,日本応用数理学会
三谷 純,筑波大学,,,,地図折りに基づくブール行列演算子代数の構築,2022,日本応用数理学会
三谷 純,筑波大学　システム情報系,,,,平織りのホール問題における局所平坦折り可能な解候補の生成とプリーツの交差への応用,2021,日本応用数理学会
三谷 純,筑波大学　システム情報系,,,,平織りのホール問題における局所平坦折り可能な解候補の生成とプリーツの交差への応用,2021,日本応用数理学会
三谷 純,筑波大学 システム情報系,,,,平坦折り可能な展開図間の連続変形,2022,日本応用数理学会
三谷 純,筑波大学 システム情報系,,,,平坦折り可能な展開図間の連続変形,2022,日本応用数理学会
三谷 純,筑波大学,,,,平面上でのruling配置と折り角指定による可展面形状制御インタフェース,2022,日本応用数理学会
三谷 純,筑波大学,,,,平面上でのruling配置と折り角指定による可展面形状制御インタフェース,2022,日本応用数理学会
三谷 純,筑波大学,,,,法線マップ画像操作による可展面変形インタフェースの提案,2021,日本応用数理学会
三谷 純,筑波大学,,,,法線マップ画像操作による可展面変形インタフェースの提案,2021,日本応用数理学会
三谷 純,筑波大学,,,,与えられた半順序に従った地図の折り畳み状態の存在性,2024,日本応用数理学会
三谷 純,筑波大学,,,,与えられた半順序に従った地図の折り畳み状態の存在性,2024,日本応用数理学会
三谷 大河,創価大学大学院理工学研究科情報システム工学専攻石井研究室,,,,テイラー級数法と超関数によるヒルベルト変換の考察,2024,日本応用数理学会
三谷 大河,創価大学大学院理工学研究科情報システム工学専攻石井研究室,,,,テイラー級数法と超関数によるヒルベルト変換の考察,2024,日本応用数理学会
三田 翔平,茨城大学,,,,ProVerifによる線形秘密分散の形式化とSPDZの検証への応用,2025,日本応用数理学会
三田 翔平,茨城大学,,,,ProVerifによる線形秘密分散の形式化とSPDZの検証への応用,2025,日本応用数理学会
三品 亮輔,埼玉大学大学院理工学研究科,,,,多相共連続構造の数学的モデルと安定化,2022,日本応用数理学会
三品 亮輔,埼玉大学大学院理工学研究科,,,,多相共連続構造の数学的モデルと安定化,2022,日本応用数理学会
三木 啓司,気象大学校,,,,2変数dual-Hahn多項式に付随するスピン鎖模型における量子状態転送の解析,2022,日本応用数理学会
三木 啓司,気象大学校,,,,2変数dual-Hahn多項式に付随するスピン鎖模型における量子状態転送の解析,2022,日本応用数理学会
三木 啓司,気象大学校,,,,Perfect State Transfer on ordered Hamming scheme of arbitrary depth,2022,日本応用数理学会
三木 啓司,気象大学校,,,,Perfect State Transfer on ordered Hamming scheme of arbitrary depth,2022,日本応用数理学会
三木 啓司,気象大学校,,,,例外型直交多項式に付随するグラフ上の量子ウォーク,2021,日本応用数理学会
三木 啓司,気象大学校,,,,例外型直交多項式に付随するグラフ上の量子ウォーク,2021,日本応用数理学会
三木 優彰,東京大学,,,,引っ張り圧縮混合型シェルの形状決定と主応力線による分割,2025,日本応用数理学会
三木 優彰,東京大学,,,,引っ張り圧縮混合型シェルの形状決定と主応力線による分割,2025,日本応用数理学会
三目 直登,筑波大学システム情報系,,,,一体型二層流れ解析における Krylov 部分空間法に基づく並列線形ソルバの breakdown 抑制,2025,日本応用数理学会
三目 直登,筑波大学システム情報系,,,,一体型二層流れ解析における Krylov 部分空間法に基づく並列線形ソルバの breakdown 抑制,2025,日本応用数理学会
三目 直登,筑波大学,,,,超双対数に基づく固有値微分法の開発とOgden超弾性モデルへの応用,2022,日本応用数理学会
三目 直登,筑波大学,,,,超双対数に基づく固有値微分法の開発とOgden超弾性モデルへの応用,2022,日本応用数理学会
三目 直登,筑波大学,,,,有限体積法をもとに局所保存性を担保した機械学習数値解析手法,2024,日本応用数理学会
三目 直登,筑波大学,,,,有限体積法をもとに局所保存性を担保した機械学習数値解析手法,2024,日本応用数理学会
三輪 華子,お茶の水女子大学大学院,,,,グラフの重み更新を用いた順位決定のための主成分分析による重み補正,2021,日本応用数理学会
三輪 華子,お茶の水女子大学大学院,,,,グラフの重み更新を用いた順位決定のための主成分分析による重み補正,2021,日本応用数理学会
山岡 直人,大阪公立大学理学部,,,,定数遅れ非線形微分方程式における遅延誘導ホモクリニック分岐,2025,日本応用数理学会
山岡 直人,大阪公立大学理学部,,,,定数遅れ非線形微分方程式における遅延誘導ホモクリニック分岐,2025,日本応用数理学会
山下 響生（サントリープロダクツ(株)）,,,,,流体構造連成を考慮した内部流れ場領域の形状最適化,2021,日本応用数理学会
山下 響生（サントリープロダクツ(株)）,,,,,流体構造連成を考慮した内部流れ場領域の形状最適化,2021,日本応用数理学会
山下 浩,NTTデータ 数理システム,,,,非線形最適化問題に対する２次の最適性を与える信頼領域逐次２次計画法,2022,日本応用数理学会
山下 浩,NTTデータ 数理システム,,,,非線形最適化問題に対する２次の最適性を与える信頼領域逐次２次計画法,2022,日本応用数理学会
山下 信雄,京都大学大学院情報学研究科,,,,正則化項を一般化したLevenberg-Marquardt法とその収束性,2022,日本応用数理学会
山下 信雄,京都大学大学院情報学研究科,,,,正則化項を一般化したLevenberg-Marquardt法とその収束性,2022,日本応用数理学会
山下 清隆,福井工業大学,,,,片持ち弾性送水管に生じる自励振動の実験による複素振動モードの抽出,2021,日本応用数理学会
山下 清隆,福井工業大学,,,,片持ち弾性送水管に生じる自励振動の実験による複素振動モードの抽出,2021,日本応用数理学会
山下 素数,京都大学,,,,粒子間の衝突を考慮した一方向多粒子量子ウォークの検討,2024,日本応用数理学会
山下 素数,京都大学,,,,粒子間の衝突を考慮した一方向多粒子量子ウォークの検討,2024,日本応用数理学会
山下 民岐子,西日本高速道路エンジニアリング四国株式会社,,,,コンクリート構造物の非定常熱伝導解析における解析条件の検討,2025,日本応用数理学会
山下 民岐子,西日本高速道路エンジニアリング四国株式会社,,,,コンクリート構造物の非定常熱伝導解析における解析条件の検討,2025,日本応用数理学会
山下 洋史,大阪大学 大学院情報科学研究科 情報数理学専攻,,,,周期的活性化関数を用いたニューラルネットワークによる位相振幅振動子モデルの応答特性推定,2025,日本応用数理学会
山下 洋史,大阪大学 大学院情報科学研究科 情報数理学専攻,,,,周期的活性化関数を用いたニューラルネットワークによる位相振幅振動子モデルの応答特性推定,2025,日本応用数理学会
山下 陽太朗,京都大学大学院,,,,べき指数が時間変化する非定常OU過程,2025,日本応用数理学会
山下 陽太朗,京都大学大学院,,,,べき指数が時間変化する非定常OU過程,2025,日本応用数理学会
山岸 義和,龍谷大学,,,,3次元格子のボロノイ多面体,2025,日本応用数理学会
山岸 義和,龍谷大学,,,,3次元格子のボロノイ多面体,2025,日本応用数理学会
山岸 義和,龍谷大学,,,,4次元立方体の星展開、起点展開、最遠点写像,2024,日本応用数理学会
山岸 義和,龍谷大学,,,,4次元立方体の星展開、起点展開、最遠点写像,2024,日本応用数理学会
山岸 義和,龍谷大学,,,,正五角形二面体の最遠点写像,2025,日本応用数理学会
山岸 義和,龍谷大学,,,,正五角形二面体の最遠点写像,2025,日本応用数理学会
山岸 義和,龍谷大学,,,,立方体の表面の最小跡と最遠点写像,2021,日本応用数理学会
山岸 義和,龍谷大学,,,,立方体の表面の最小跡と最遠点写像,2021,日本応用数理学会
山岸 弘幸,東京都立産業技術高等専門学校,,,,完全グラフに対応する2種類の離散 lp ソボレフ不等式の最良定数,2025,日本応用数理学会
山岸 弘幸,東京都立産業技術高等専門学校,,,,完全グラフに対応する2種類の離散 lp ソボレフ不等式の最良定数,2025,日本応用数理学会
山口 雅貴,明治大学大学院,,,,曲率半径を変更した円筒ハニカム構造のせん断弾性係数の評価,2021,日本応用数理学会
山口 雅貴,明治大学大学院,,,,曲率半径を変更した円筒ハニカム構造のせん断弾性係数の評価,2021,日本応用数理学会
山口 敬済,総合研究大学院大学,,,,超伝導リニア加速システムの数値シミュレーション：電磁石の形状最適化,2021,日本応用数理学会
山口 敬済,総合研究大学院大学,,,,超伝導リニア加速システムの数値シミュレーション：電磁石の形状最適化,2021,日本応用数理学会
山口 敬済,総合研究大学院大学,,,,辺要素有限要素法による高温超伝導テープ線材中の磁気遮蔽電流密度解析,2021,日本応用数理学会
山口 敬済,総合研究大学院大学,,,,辺要素有限要素法による高温超伝導テープ線材中の磁気遮蔽電流密度解析,2021,日本応用数理学会
山口 泰,東京大学大学院総合文化研究科広域システム科学系,,,,双対タイリング折紙の剛体折り,2021,日本応用数理学会
山口 泰,東京大学大学院総合文化研究科広域システム科学系,,,,双対タイリング折紙の剛体折り,2021,日本応用数理学会
山口 明宏,福岡工業大学 情報システム工学科,,,,Extreme Learning Machineによる越分岐予測,2025,日本応用数理学会
山口 明宏,福岡工業大学 情報システム工学科,,,,Extreme Learning Machineによる越分岐予測,2025,日本応用数理学会
山口 明宏,福岡工業大学 情報システム工学科,,,,制御入力付き学習モデルにおける力学構造の越分岐予測について,2024,日本応用数理学会
山口 明宏,福岡工業大学 情報システム工学科,,,,制御入力付き学習モデルにおける力学構造の越分岐予測について,2024,日本応用数理学会
山口 勇太郎,大阪大学大学院情報科学研究科,,,,メトリックグラフ上の単独反応拡散方程式における安定定常解集合のパラメータ依存関係,2022,日本応用数理学会
山口 勇太郎,大阪大学大学院情報科学研究科,,,,メトリックグラフ上の単独反応拡散方程式における安定定常解集合のパラメータ依存関係,2022,日本応用数理学会
山口 裕,福岡工業大学,,,,CycleGANにより構成される力学系のアトラクタ分布にみられるべき則,2022,日本応用数理学会
山口 裕,福岡工業大学,,,,CycleGANにより構成される力学系のアトラクタ分布にみられるべき則,2022,日本応用数理学会
山口 裕,福岡工業大学,,,,CycleGANを用いた繰り返し画像変換に現れるアトラクタダイナミクスの分析,2021,日本応用数理学会
山口 裕,福岡工業大学,,,,CycleGANを用いた繰り返し画像変換に現れるアトラクタダイナミクスの分析,2021,日本応用数理学会
山口 裕,福岡工業大学,,,,GANを用いたカオス時系列生成,2021,日本応用数理学会
山口 裕,福岡工業大学,,,,GANを用いたカオス時系列生成,2021,日本応用数理学会
山口 裕,福岡工業大学,,,,GANを用いた分岐パラメータに依存したカオス時系列の生成,2022,日本応用数理学会
山口 裕,福岡工業大学,,,,GANを用いた分岐パラメータに依存したカオス時系列の生成,2022,日本応用数理学会
山口 裕,福岡工業大学,,,,GANを用いて生成した擬似カオス時系列に対する非線形時系列解析,2022,日本応用数理学会
山口 裕,福岡工業大学,,,,GANを用いて生成した擬似カオス時系列に対する非線形時系列解析,2022,日本応用数理学会
山口 裕,福岡工業大学,,,,リザバーコンピューティングにおける教師の動的な選択,2021,日本応用数理学会
山口 裕,福岡工業大学,,,,リザバーコンピューティングにおける教師の動的な選択,2021,日本応用数理学会
山口 滉介,千葉工業大学,,,,Gray-Scott方程式のDirichlet境界値問題における逆作用素ノルムの評価法,2025,日本応用数理学会
山口 滉介,千葉工業大学,,,,Gray-Scott方程式のDirichlet境界値問題における逆作用素ノルムの評価法,2025,日本応用数理学会
山根 大輔,立命館大学,,,,マイクロマシンにおけるプルインとタッチダウン現象の数理解析,2025,日本応用数理学会
山根 大輔,立命館大学,,,,マイクロマシンにおけるプルインとタッチダウン現象の数理解析,2025,日本応用数理学会
山崎 義弘,早稲田大学 先進理工学部,,,,Neimark-Sacker分岐を示すトロピカル差分化されたモデルと超離散モデルとの関係について,2021,日本応用数理学会
山崎 義弘,早稲田大学 先進理工学部,,,,Neimark-Sacker分岐を示すトロピカル差分化されたモデルと超離散モデルとの関係について,2021,日本応用数理学会
山崎 義弘,早稲田大学先進理工学部物理学科,,,,Neimark-Sacker分岐を示す超離散モデルについて,2021,日本応用数理学会
山崎 義弘,早稲田大学先進理工学部物理学科,,,,Neimark-Sacker分岐を示す超離散モデルについて,2021,日本応用数理学会
山崎 義弘,早稲田大学,,,,エレメンタリーセルオートマトンのKoopmanスペクトル解析,2021,日本応用数理学会
山崎 義弘,早稲田大学,,,,エレメンタリーセルオートマトンのKoopmanスペクトル解析,2021,日本応用数理学会
山崎 義弘,早稲田大学大学院先進理工学研究科物理学及応用物理学専攻,,,,フィッシャー方程式の資源分布依存性,2025,日本応用数理学会
山崎 義弘,早稲田大学大学院先進理工学研究科物理学及応用物理学専攻,,,,フィッシャー方程式の資源分布依存性,2025,日本応用数理学会
山崎 義弘,早稲田大学,,,,ロバストカオスを生じる超離散力学系,2025,日本応用数理学会
山崎 義弘,早稲田大学,,,,ロバストカオスを生じる超離散力学系,2025,日本応用数理学会
山崎 義弘,早稲田大学先進理工学部物理学科,,,,一般化超離散Sel’kovモデルのリミットサイクルにおける状態数について,2022,日本応用数理学会
山崎 義弘,早稲田大学先進理工学部物理学科,,,,一般化超離散Sel’kovモデルのリミットサイクルにおける状態数について,2022,日本応用数理学会
山崎 義弘,早稲田大学,,,,単純な動的境界条件下におけるCahn-Hilliard方程式の緩和過程,2022,日本応用数理学会
山崎 義弘,早稲田大学,,,,単純な動的境界条件下におけるCahn-Hilliard方程式の緩和過程,2022,日本応用数理学会
山崎 桂子,明治大学,,,,Development of digital technology to eliminate the unnaturalness of fanning two-dimensional photographs and paintings,2021,日本応用数理学会
山崎 桂子,明治大学,,,,Development of digital technology to eliminate the unnaturalness of fanning two-dimensional photographs and paintings,2021,日本応用数理学会
山崎 桂子,明治大学,,,,快適音響空間創出手法の開発と折紙構造への適用,2022,日本応用数理学会
山崎 桂子,明治大学,,,,快適音響空間創出手法の開発と折紙構造への適用,2022,日本応用数理学会
山崎 桂子,明治大学,,,,新しい解析技術を用いた折紙構造の吸音率の評価（三浦折り構造の低周波域挙動考察）,2025,日本応用数理学会
山崎 桂子,明治大学,,,,新しい解析技術を用いた折紙構造の吸音率の評価（三浦折り構造の低周波域挙動考察）,2025,日本応用数理学会
山崎 桂子,明治大学,,,,折り構造を応用した音響材料設計の基礎的検討,2025,日本応用数理学会
山崎 桂子,明治大学,,,,折り構造を応用した音響材料設計の基礎的検討,2025,日本応用数理学会
山崎 桂子,明治大学,,,,折紙構造を用いた減音シェードの検討,2024,日本応用数理学会
山崎 桂子,明治大学,,,,折紙構造を用いた減音シェードの検討,2024,日本応用数理学会
山崎 桂子,明治大学先端数理科学インスティテュート,,,,扇のアプリの開発,2024,日本応用数理学会
山崎 桂子,明治大学先端数理科学インスティテュート,,,,扇のアプリの開発,2024,日本応用数理学会
山崎 市太郎,Sandia National Laboratories,,,,マルチインスタンスGPU上におけるBLR行列のQR分解,2022,日本応用数理学会
山崎 市太郎,Sandia National Laboratories,,,,マルチインスタンスGPU上におけるBLR行列のQR分解,2022,日本応用数理学会
山上 智久,みずほ第一フィナンシャルテクノロジー/ 東京大学,,,,Rough SABR Forward Market Modelの下でのスワップションプライシング,2025,日本応用数理学会
山上 智久,みずほ第一フィナンシャルテクノロジー/ 東京大学,,,,Rough SABR Forward Market Modelの下でのスワップションプライシング,2025,日本応用数理学会
山川 雄也,東京都立大学,,,,Banach空間上の最適化問題に対する安定化逐次二次計画法の局所的二次収束性,2025,日本応用数理学会
山川 雄也,東京都立大学,,,,Banach空間上の最適化問題に対する安定化逐次二次計画法の局所的二次収束性,2025,日本応用数理学会
山川 雄也,京都大学 大学院情報学研究科 数理工学専攻,,,,関数空間上の最適化問題に対する逐次二次計画法,2022,日本応用数理学会
山川 雄也,京都大学 大学院情報学研究科 数理工学専攻,,,,関数空間上の最適化問題に対する逐次二次計画法,2022,日本応用数理学会
山川 雄也,京都大学大学院情報学研究科,,,,正則化項を一般化したLevenberg-Marquardt法とその収束性,2022,日本応用数理学会
山川 雄也,京都大学大学院情報学研究科,,,,正則化項を一般化したLevenberg-Marquardt法とその収束性,2022,日本応用数理学会
山村 真太郎,東京理科大学,,,,3値ポートフォリオ最適化問題に対するQAOAミキサーの性能比較,2025,日本応用数理学会
山村 真太郎,東京理科大学,,,,3値ポートフォリオ最適化問題に対するQAOAミキサーの性能比較,2025,日本応用数理学会
山中 卓,青山学院大学,,,,信用格付判別問題に対する回帰結合型ニューラルネットワークモデルの有効性検証,2021,日本応用数理学会
山中 卓,青山学院大学,,,,信用格付判別問題に対する回帰結合型ニューラルネットワークモデルの有効性検証,2021,日本応用数理学会
山中 悠輔,東京理科大学大学院理学研究科応用数学専攻,,,,マンハッタン距離ボロノイ図の母点探索,2022,日本応用数理学会
山中 悠輔,東京理科大学大学院理学研究科応用数学専攻,,,,マンハッタン距離ボロノイ図の母点探索,2022,日本応用数理学会
山田 貴博,横浜国立大学,,,,固体構造に対する混合型定式化に基づく分離型時間積分,2024,日本応用数理学会
山田 貴博,横浜国立大学,,,,固体構造に対する混合型定式化に基づく分離型時間積分,2024,日本応用数理学会
山田 貴博,横浜国立大学,,,,微圧縮弾性体に対する分離型時間積分の安定性解析,2021,日本応用数理学会
山田 貴博,横浜国立大学,,,,微圧縮弾性体に対する分離型時間積分の安定性解析,2021,日本応用数理学会
山田 貴博,横浜国立大学,,,,微圧縮弾性体の波動伝播解析における圧力安定化１次要素の数値特性,2022,日本応用数理学会
山田 貴博,横浜国立大学,,,,微圧縮弾性体の波動伝播解析における圧力安定化１次要素の数値特性,2022,日本応用数理学会
山田 功,東京科学大学,,,,Gradient mapping型停留点評価基準に基づく近接勾配型アルゴリズムに関する一考察,2025,日本応用数理学会
山田 功,東京科学大学,,,,Gradient mapping型停留点評価基準に基づく近接勾配型アルゴリズムに関する一考察,2025,日本応用数理学会
山田 崇恭,東京大学,,,,Wasserstein空間上の勾配流によるトポロジー最適化,2025,日本応用数理学会
山田 崇恭,東京大学,,,,Wasserstein空間上の勾配流によるトポロジー最適化,2025,日本応用数理学会
山田 崇恭,東京大学,,,,境界積分方程式に対する随伴変数法と形状導関数の正則性,2024,日本応用数理学会
山田 崇恭,東京大学,,,,境界積分方程式に対する随伴変数法と形状導関数の正則性,2024,日本応用数理学会
山田 崇恭,東京大学大学院工学系研究科,,,,結び目のエネルギーとその形状導関数の数値計算について,2024,日本応用数理学会
山田 崇恭,東京大学大学院工学系研究科,,,,結び目のエネルギーとその形状導関数の数値計算について,2024,日本応用数理学会
山田 泰輝,東京大学,,,,パーシステントホモロジーによる作用素論的力学系解析手法の評価,2025,日本応用数理学会
山田 泰輝,東京大学,,,,パーシステントホモロジーによる作用素論的力学系解析手法の評価,2025,日本応用数理学会
山田 泰輝,東京大学大学院情報理工学系研究科,,,,位相的データ解析を用いた力学系の学習過程の評価,2024,日本応用数理学会
山田 泰輝,東京大学大学院情報理工学系研究科,,,,位相的データ解析を用いた力学系の学習過程の評価,2024,日本応用数理学会
山道 宏紀,大阪大学,,,,確率ファクターモデル下におけるTurnpike定理の定量的評価の導出,2025,日本応用数理学会
山道 宏紀,大阪大学,,,,確率ファクターモデル下におけるTurnpike定理の定量的評価の導出,2025,日本応用数理学会
山内 悠平,京都大学　ウイルス再生医科学研究所　数理生物学分野,,,,ステージ特異的な細胞周期調節機構の、ネットワーク構造に基づく解明,2022,日本応用数理学会
山内 悠平,京都大学　ウイルス再生医科学研究所　数理生物学分野,,,,ステージ特異的な細胞周期調節機構の、ネットワーク構造に基づく解明,2022,日本応用数理学会
山内 悠平,京都大学 医生物学研究所,,,,細胞周期ネットワークのトポロジーにより実現される、複数チェックポイントの独立制御,2024,日本応用数理学会
山内 悠平,京都大学 医生物学研究所,,,,細胞周期ネットワークのトポロジーにより実現される、複数チェックポイントの独立制御,2024,日本応用数理学会
山内 蓮太,北九州市立大学,,,,楕円曲線上のMe演算によって生成される2値系列の統計的乱数性,2025,日本応用数理学会
山内 蓮太,北九州市立大学,,,,楕円曲線上のMe演算によって生成される2値系列の統計的乱数性,2025,日本応用数理学会
山本 かけい,東京大学工学部,,,,二重指数関数型数値積分公式によるガンマ関数の数値計算法の提案,2022,日本応用数理学会
山本 かけい,東京大学工学部,,,,二重指数関数型数値積分公式によるガンマ関数の数値計算法の提案,2022,日本応用数理学会
山本 健,琉球大学,,,,一般化したトランプにおけるペア数の期待値について,2024,日本応用数理学会
山本 健,琉球大学,,,,一般化したトランプにおけるペア数の期待値について,2024,日本応用数理学会
山本 健,琉球大学,,,,整数ベクトルのつくる角に関する考察，特に30°，45°，60°の場合について,2022,日本応用数理学会
山本 健,琉球大学,,,,整数ベクトルのつくる角に関する考察，特に30°，45°，60°の場合について,2022,日本応用数理学会
山本 光晴,千葉大学,,,,数理的技法による情報セキュリティの2024年度後半＆2025年度前半の研究動向,2025,日本応用数理学会
山本 光晴,千葉大学,,,,数理的技法による情報セキュリティの2024年度後半＆2025年度前半の研究動向,2025,日本応用数理学会
山本 光晴,千葉大学,,,,数理的技法による情報セキュリティの2024年度前半の研究動向,2024,日本応用数理学会
山本 光晴,千葉大学,,,,数理的技法による情報セキュリティの2024年度前半の研究動向,2024,日本応用数理学会
山本 航,早稲田大学,,,,ファジーセルオートマトンの漸近挙動解析,2021,日本応用数理学会
山本 航,早稲田大学,,,,ファジーセルオートマトンの漸近挙動解析,2021,日本応用数理学会
山本 実央,東京都市大学,,,,可変的前処理付きblock CG法の内部と外部の反復における誤差の繋がり,2024,日本応用数理学会
山本 実央,東京都市大学,,,,可変的前処理付きblock CG法の内部と外部の反復における誤差の繋がり,2024,日本応用数理学会
山本 親,武庫川女子大学,,,,螺旋状回廊空間としてのさざえ堂の形態モデル,2024,日本応用数理学会
山本 親,武庫川女子大学,,,,螺旋状回廊空間としてのさざえ堂の形態モデル,2024,日本応用数理学会
山本 泰之,国立研究開発法人産業技術総合研究所,,,,自励発振させたマイクロカンチレバーの実験的な非線形特性の制御,2022,日本応用数理学会
山本 泰之,国立研究開発法人産業技術総合研究所,,,,自励発振させたマイクロカンチレバーの実験的な非線形特性の制御,2022,日本応用数理学会
山本 大成,東京理科大学大学院 理学研究科,,,,中心多様体理論を用いた時間遅れ付き離散ロトカ・ヴォルテラ方程式の局所安定性解析,2025,日本応用数理学会
山本 大成,東京理科大学大学院 理学研究科,,,,中心多様体理論を用いた時間遅れ付き離散ロトカ・ヴォルテラ方程式の局所安定性解析,2025,日本応用数理学会
山本 野人,電気通信大学,,,,複素自励系の時間大域解に関する精度保証について,2021,日本応用数理学会
山本 野人,電気通信大学,,,,複素自励系の時間大域解に関する精度保証について,2021,日本応用数理学会
山本 野人,電気通信大学,,,,保存量を持つ常微分方程式系の精度保証付き計算について,2022,日本応用数理学会
山本 野人,電気通信大学,,,,保存量を持つ常微分方程式系の精度保証付き計算について,2022,日本応用数理学会
山本 有作,電気通信大学,,,,DE積分型行列関数計算法に対する部分固有対デフレーションに基づく収束性改善およびその性能評価,2024,日本応用数理学会
山本 有作,電気通信大学,,,,DE積分型行列関数計算法に対する部分固有対デフレーションに基づく収束性改善およびその性能評価,2024,日本応用数理学会
山本 有作,電気通信大学,,,,MINRES法に基づくシフト線形方程式および一般化シフト線形方程式解法の性能評価,2025,日本応用数理学会
山本 有作,電気通信大学,,,,MINRES法に基づくシフト線形方程式および一般化シフト線形方程式解法の性能評価,2025,日本応用数理学会
山本 有作,電気通信大学,,,,ブロック赤黒順序付けされた摂動付き修正不完全分解前処理の収束性解析,2021,日本応用数理学会
山本 有作,電気通信大学,,,,ブロック赤黒順序付けされた摂動付き修正不完全分解前処理の収束性解析,2021,日本応用数理学会
山本 有作,電通大,,,,ベイズ推定による超並列計算の性能予測,2021,日本応用数理学会
山本 有作,電通大,,,,ベイズ推定による超並列計算の性能予測,2021,日本応用数理学会
山本 有作,電気通信大学,,,,運搬車容量付きの箱に番号が付いた箱玉系とシフト付きLR変換との対応,2022,日本応用数理学会
山本 有作,電気通信大学,,,,運搬車容量付きの箱に番号が付いた箱玉系とシフト付きLR変換との対応,2022,日本応用数理学会
山本 有作,電気通信大学,,,,原点シフト付きロトカ・ボルテラ系に対する超離散化から得られる箱玉系の性質について,2021,日本応用数理学会
山本 有作,電気通信大学,,,,原点シフト付きロトカ・ボルテラ系に対する超離散化から得られる箱玉系の性質について,2021,日本応用数理学会
山本 有作,電気通信大学,,,,線形一般固有値問題に対する非線形べき乗法の収束解析,2022,日本応用数理学会
山本 有作,電気通信大学,,,,線形一般固有値問題に対する非線形べき乗法の収束解析,2022,日本応用数理学会
山本 有作,電気通信大学 情報理工学研究科,,,,中心多様体理論を用いた時間遅れ付き離散ロトカ・ヴォルテラ方程式の局所安定性解析,2025,日本応用数理学会
山本 有作,電気通信大学 情報理工学研究科,,,,中心多様体理論を用いた時間遅れ付き離散ロトカ・ヴォルテラ方程式の局所安定性解析,2025,日本応用数理学会
山本 有作,電気通信大学,,,,二重指数関数型数値積分公式を用いた行列符号関数の計算の改良および応用,2022,日本応用数理学会
山本 有作,電気通信大学,,,,二重指数関数型数値積分公式を用いた行列符号関数の計算の改良および応用,2022,日本応用数理学会
山本 有作,電気通信大学,,,,分散共分散行列の逆行列の対角成分の逆数の高精度計算から拡張版 Lotka-Volterra 方程式へ,2025,日本応用数理学会
山本 有作,電気通信大学,,,,分散共分散行列の逆行列の対角成分の逆数の高精度計算から拡張版 Lotka-Volterra 方程式へ,2025,日本応用数理学会
山本 有作,電気通信大学,,,,離散相対論的戸田方程式から導かれる交通流モデル,2021,日本応用数理学会
山本 有作,電気通信大学,,,,離散相対論的戸田方程式から導かれる交通流モデル,2021,日本応用数理学会
山本 有作,電気通信大学,,,,量子力学固有値問題の数値不定積分による数値解法,2022,日本応用数理学会
山本 有作,電気通信大学,,,,量子力学固有値問題の数値不定積分による数値解法,2022,日本応用数理学会
山本 陽平,高知工業高等専門学校 ソーシャルデザイン工学科,,,,ねじり折りのパラメトリックな作図法の比較,2024,日本応用数理学会
山本 陽平,高知工業高等専門学校 ソーシャルデザイン工学科,,,,ねじり折りのパラメトリックな作図法の比較,2024,日本応用数理学会
山本 陽平,筑波大学 情報システム研究科,,,,三角形のタイリングを用いた平織りの作図法,2021,日本応用数理学会
山本 陽平,筑波大学 情報システム研究科,,,,三角形のタイリングを用いた平織りの作図法,2021,日本応用数理学会
山本 陽平,筑波大学,,,,蛇腹折りを活かしたBook Foldingアート作品の展開図生成方法の提案,2021,日本応用数理学会
山本 陽平,筑波大学,,,,蛇腹折りを活かしたBook Foldingアート作品の展開図生成方法の提案,2021,日本応用数理学会
山本 陽平,筑波大学,,,,収縮時に図柄が現れるジャバラの設計手法の提案,2022,日本応用数理学会
山本 陽平,筑波大学,,,,収縮時に図柄が現れるジャバラの設計手法の提案,2022,日本応用数理学会
山本 陽平,筑波大学　システム情報工学研究群,,,,平織りのホール問題における局所平坦折り可能な解候補の生成とプリーツの交差への応用,2021,日本応用数理学会
山本 陽平,筑波大学　システム情報工学研究群,,,,平織りのホール問題における局所平坦折り可能な解候補の生成とプリーツの交差への応用,2021,日本応用数理学会
山本 陽平,筑波大学 システム情報系,,,,平坦折り可能な展開図間の連続変形,2022,日本応用数理学会
山本 陽平,筑波大学 システム情報系,,,,平坦折り可能な展開図間の連続変形,2022,日本応用数理学会
山本 涼介,アイシン・ソフトウェア株式会社,,,,制御理論を用いたLSTMのレジリエンスの定式化と保証手法,2025,日本応用数理学会
山本 涼介,アイシン・ソフトウェア株式会社,,,,制御理論を用いたLSTMのレジリエンスの定式化と保証手法,2025,日本応用数理学会
山本 怜佳,奈良女子大学修了,,,,Waterbomb tessellationのcylindrer solutionの存在条件について,2022,日本応用数理学会
山本 怜佳,奈良女子大学修了,,,,Waterbomb tessellationのcylindrer solutionの存在条件について,2022,日本応用数理学会
山﨑 功貴,同志社大学大学院理工学研究科,,,,加重平均型3値3近傍ファジーCAの収束性と数え上げ,2021,日本応用数理学会
山﨑 功貴,同志社大学大学院理工学研究科,,,,加重平均型3値3近傍ファジーCAの収束性と数え上げ,2021,日本応用数理学会
四ツ谷 晶二,龍谷大学,,,,非局所項をもつ反応拡散方程式の２次分岐について,2025,日本応用数理学会
四ツ谷 晶二,龍谷大学,,,,非局所項をもつ反応拡散方程式の２次分岐について,2025,日本応用数理学会
市原 数馬,筑波大学,,,,シングルセル遺伝子発現データに対するクラスタリングのための差分進化に基づく特徴選択法,2025,日本応用数理学会
市原 数馬,筑波大学,,,,シングルセル遺伝子発現データに対するクラスタリングのための差分進化に基づく特徴選択法,2025,日本応用数理学会
市川 尚文,京都大学,,,,TDAに基づく胚細胞膜画像のセグメンテーションおよびトラッキング技術,2024,日本応用数理学会
市川 尚文,京都大学,,,,TDAに基づく胚細胞膜画像のセグメンテーションおよびトラッキング技術,2024,日本応用数理学会
市川 正敏,京都大学,,,,Marangoni効果により駆動される液滴の運動の常微分方程式系による記述,2021,日本応用数理学会
市川 正敏,京都大学,,,,Marangoni効果により駆動される液滴の運動の常微分方程式系による記述,2021,日本応用数理学会
市川 龍太郎,京都大学大学院 情報学研究科,,,,折り紙写像における不変曲線とアトラクターの存在について,2025,日本応用数理学会
市川 龍太郎,京都大学大学院 情報学研究科,,,,折り紙写像における不変曲線とアトラクターの存在について,2025,日本応用数理学会
市川 龍太郎,京都大学大学院情報学研究科数理工学コース,,,,折り紙写像における不変曲線の存在について,2024,日本応用数理学会
市川 龍太郎,京都大学大学院情報学研究科数理工学コース,,,,折り紙写像における不変曲線の存在について,2024,日本応用数理学会
市田 優,関西学院大学,,,,マイクロマシンにおけるプルインとタッチダウン現象の数理解析,2025,日本応用数理学会
市田 優,関西学院大学,,,,マイクロマシンにおけるプルインとタッチダウン現象の数理解析,2025,日本応用数理学会
市田 優,関西学院大学理学部数理科学科,,,,空間1次元退化放物型方程式における進行波の幾何学的構造,2025,日本応用数理学会
市田 優,関西学院大学理学部数理科学科,,,,空間1次元退化放物型方程式における進行波の幾何学的構造,2025,日本応用数理学会
市田 優,明治大学大学院理工学研究科数学専攻,,,,空間1次元退化放物型方程式における非負の進行波解の分類,2022,日本応用数理学会
市田 優,明治大学大学院理工学研究科数学専攻,,,,空間1次元退化放物型方程式における非負の進行波解の分類,2022,日本応用数理学会
市田 優,関西学院大学,,,,分布型遅延の解の爆発に与える影響についての考察,2025,日本応用数理学会
市田 優,関西学院大学,,,,分布型遅延の解の爆発に与える影響についての考察,2025,日本応用数理学会
志賀 大知,元芝浦工業大学大学院理工学研究科,,,,時間非整数階移流方程式に対する単調性保存スキーム,2022,日本応用数理学会
志賀 大知,元芝浦工業大学大学院理工学研究科,,,,時間非整数階移流方程式に対する単調性保存スキーム,2022,日本応用数理学会
志村 将也,名古屋大学大学院多元数理科学研究科,,,,制御理論を用いたLSTMのレジリエンスの定式化と保証手法,2025,日本応用数理学会
志村 将也,名古屋大学大学院多元数理科学研究科,,,,制御理論を用いたLSTMのレジリエンスの定式化と保証手法,2025,日本応用数理学会
志波 直明,早稲田大学基幹理工学研究科,,,,Pfaffian解を持つHungry Lotka-Volterra型方程式とソリトン解,2021,日本応用数理学会
志波 直明,早稲田大学基幹理工学研究科,,,,Pfaffian解を持つHungry Lotka-Volterra型方程式とソリトン解,2021,日本応用数理学会
似鳥 啓吾,理化学研究所計算科学研究センター,,,,「富岳」での混合精度LINPACKベンチマーク,2022,日本応用数理学会
似鳥 啓吾,理化学研究所計算科学研究センター,,,,「富岳」での混合精度LINPACKベンチマーク,2022,日本応用数理学会
児嶋 佑太,慶應義塾大学理工学部,,,,三次元畳み込みニューラルネットワークを用いた有限差分時間領域法による光学シミュレーションの時間発展予測,2022,日本応用数理学会
児嶋 佑太,慶應義塾大学理工学部,,,,三次元畳み込みニューラルネットワークを用いた有限差分時間領域法による光学シミュレーションの時間発展予測,2022,日本応用数理学会
寺川 峻平,神戸大学大学院システム情報学研究科,,,,ハミルトン系からなる連成系のシンプレクティック性について,2021,日本応用数理学会
寺川 峻平,神戸大学大学院システム情報学研究科,,,,ハミルトン系からなる連成系のシンプレクティック性について,2021,日本応用数理学会
寺田 耕輔,明星大学,,,,折畳めるお洒落な作業ヘルメットの開発,2024,日本応用数理学会
寺田 耕輔,明星大学,,,,折畳めるお洒落な作業ヘルメットの開発,2024,日本応用数理学会
寺尾 剛史,理化学研究所計算科学センター,,,,２ステップ型反復改良法を用いた連立１次方程式の高精度計算法,2021,日本応用数理学会
寺尾 剛史,理化学研究所計算科学センター,,,,２ステップ型反復改良法を用いた連立１次方程式の高精度計算法,2021,日本応用数理学会
寺尾 剛史,理化学研究所,,,,3つの点行列の積の包含法とその解析について,2022,日本応用数理学会
寺尾 剛史,理化学研究所,,,,3つの点行列の積の包含法とその解析について,2022,日本応用数理学会
寺尾 剛史,九州大学,,,,一般疎行列系連立1次方程式に対する精度保証付き数値計算,2024,日本応用数理学会
寺尾 剛史,九州大学,,,,一般疎行列系連立1次方程式に対する精度保証付き数値計算,2024,日本応用数理学会
寺尾 剛史,理化学研究所,,,,固有値分解に対する2ステップ型反復改良法,2022,日本応用数理学会
寺尾 剛史,理化学研究所,,,,固有値分解に対する2ステップ型反復改良法,2022,日本応用数理学会
寺尾 剛史,九州大学,,,,実対称行列に対する部分固有対の逆反復改良法,2024,日本応用数理学会
寺尾 剛史,九州大学,,,,実対称行列に対する部分固有対の逆反復改良法,2024,日本応用数理学会
寺尾 剛史,理化学研究所,,,,縦長行列に対する混合精度Cholesky QRアルゴリズム,2022,日本応用数理学会
寺尾 剛史,理化学研究所,,,,縦長行列に対する混合精度Cholesky QRアルゴリズム,2022,日本応用数理学会
寺尾 剛史,理化学研究所,,,,数値線形代数の諸問題に対する真の解がわかるテスト行列の生成法,2022,日本応用数理学会
寺尾 剛史,理化学研究所,,,,数値線形代数の諸問題に対する真の解がわかるテスト行列の生成法,2022,日本応用数理学会
寺尾 剛史,九州大学,,,,前進誤差に焦点を当てた固有値分解の反復改良法,2025,日本応用数理学会
寺尾 剛史,九州大学,,,,前進誤差に焦点を当てた固有値分解の反復改良法,2025,日本応用数理学会
寺尾 剛史,九州大学,,,,微分方程式の作用素解析で用いられる行列ノルムの精度保証,2024,日本応用数理学会
寺尾 剛史,九州大学,,,,微分方程式の作用素解析で用いられる行列ノルムの精度保証,2024,日本応用数理学会
寺尾 樹哉,数理解析研究所,,,,マトロイド制約下での劣モジュラ関数最大化に対する高速なアルゴリズム,2024,日本応用数理学会
寺尾 樹哉,数理解析研究所,,,,マトロイド制約下での劣モジュラ関数最大化に対する高速なアルゴリズム,2024,日本応用数理学会
寺本 央,関西大学,,,,Wasserstein距離に基づくかたちの交叉：進化的トポロジー最適化への展開,2025,日本応用数理学会
寺本 央,関西大学,,,,Wasserstein距離に基づくかたちの交叉：進化的トポロジー最適化への展開,2025,日本応用数理学会
寺本 敬,京都女子大学,,,,ポリマー微粒子内の相分離構造に関する数値的・数理的解析,2024,日本応用数理学会
寺本 敬,京都女子大学,,,,ポリマー微粒子内の相分離構造に関する数値的・数理的解析,2024,日本応用数理学会
時弘 哲治,武蔵野大学工学研究科,,,,2のべき乗を位数とする有限体上の可積分系,2024,日本応用数理学会
時弘 哲治,武蔵野大学工学研究科,,,,2のべき乗を位数とする有限体上の可積分系,2024,日本応用数理学会
時弘 哲治,武蔵野大学工学研究科数理工学専攻,,,,一般化したファジーエレメンタリセルオートマトンによるパターン形成,2024,日本応用数理学会
時弘 哲治,武蔵野大学工学研究科数理工学専攻,,,,一般化したファジーエレメンタリセルオートマトンによるパターン形成,2024,日本応用数理学会
時弘 哲治,武蔵野大学,,,,離散半線形波動方程式の解のlifespan評価,2024,日本応用数理学会
時弘 哲治,武蔵野大学,,,,離散半線形波動方程式の解のlifespan評価,2024,日本応用数理学会
鹿島 柾,慶應義塾大学,日本学術振興会特別研究員PD,,,Chvatal-Erdos型の条件の緩和とグラフの2-因子の存在,2025,日本応用数理学会
鹿島 柾,慶應義塾大学,日本学術振興会特別研究員PD,,,Chvatal-Erdos型の条件の緩和とグラフの2-因子の存在,2025,日本応用数理学会
軸丸 芳揮,東洋大学,,,,可積分離散べき函数から構成されるMichell-Prager型トラス構造,2025,日本応用数理学会
軸丸 芳揮,東洋大学,,,,可積分離散べき函数から構成されるMichell-Prager型トラス構造,2025,日本応用数理学会
軸丸 芳揮,九州大学マス・フォア・インダストリ研究所,,,,相似幾何における相似捩率一定空間曲線の可積分変形の生成する曲面,2022,日本応用数理学会
軸丸 芳揮,九州大学マス・フォア・インダストリ研究所,,,,相似幾何における相似捩率一定空間曲線の可積分変形の生成する曲面,2022,日本応用数理学会
軸丸 芳揮,九州大学マス・フォア・インダストリ研究所,,,,相似幾何によるS字型離散対数型美的曲線の生成法,2021,日本応用数理学会
軸丸 芳揮,九州大学マス・フォア・インダストリ研究所,,,,相似幾何によるS字型離散対数型美的曲線の生成法,2021,日本応用数理学会
軸丸 芳揮,九州大学マス・フォア・インダストリ研究所,,,,相似幾何学における空間曲線の時間発展に現れるsine-Gordon方程式,2021,日本応用数理学会
軸丸 芳揮,九州大学マス・フォア・インダストリ研究所,,,,相似幾何学における空間曲線の時間発展に現れるsine-Gordon方程式,2021,日本応用数理学会
軸丸 芳揮,東洋大学,,,,第1種・第2種の膜O曲面について,2025,日本応用数理学会
軸丸 芳揮,東洋大学,,,,第1種・第2種の膜O曲面について,2025,日本応用数理学会
軸丸 芳揮,東洋大学,,,,薄肉シェルの変形に現れる対称性,2024,日本応用数理学会
軸丸 芳揮,東洋大学,,,,薄肉シェルの変形に現れる対称性,2024,日本応用数理学会
軸丸 芳揮,東洋大学,,,,薄肉シェルの変形理論を用いた変分公式の導出,2024,日本応用数理学会
軸丸 芳揮,東洋大学,,,,薄肉シェルの変形理論を用いた変分公式の導出,2024,日本応用数理学会
軸丸 芳揮,東洋大学,,,,非等方的平均曲率一定閉超曲面の非一意性,2024,日本応用数理学会
軸丸 芳揮,東洋大学,,,,非等方的平均曲率一定閉超曲面の非一意性,2024,日本応用数理学会
軸丸 芳揮,九州大学マス・フォア・インダストリ研究所,,,,離散曲面に対する非等方的エネルギーの停留曲面の幾何,2021,日本応用数理学会
軸丸 芳揮,九州大学マス・フォア・インダストリ研究所,,,,離散曲面に対する非等方的エネルギーの停留曲面の幾何,2021,日本応用数理学会
軸丸 芳揮,九州大学マス・フォア・インダストリ研究所,,,,離散正則函数を用いたMichellトラス型構造について,2022,日本応用数理学会
軸丸 芳揮,九州大学マス・フォア・インダストリ研究所,,,,離散正則函数を用いたMichellトラス型構造について,2022,日本応用数理学会
軸丸 芳揮,九州大学,,,,離散膜O曲面による形状・応力分布の同時生成,2022,日本応用数理学会
軸丸 芳揮,九州大学,,,,離散膜O曲面による形状・応力分布の同時生成,2022,日本応用数理学会
室井 謙吾,みずほリサーチ&テクノロジーズ株式会社,,,,弾性変形を考慮した浮体の運動方程式における流体力の検討,2022,日本応用数理学会
室井 謙吾,みずほリサーチ&テクノロジーズ株式会社,,,,弾性変形を考慮した浮体の運動方程式における流体力の検討,2022,日本応用数理学会
篠崎 裕司,一橋大学,,,,ラフ・ボラティリティ・モデルの高次弱近似：マルコフ化と楠岡近似によるアプローチ,2025,日本応用数理学会
篠崎 裕司,一橋大学,,,,ラフ・ボラティリティ・モデルの高次弱近似：マルコフ化と楠岡近似によるアプローチ,2025,日本応用数理学会
篠崎 裕司,武蔵野大学,,,,確率微分方程式の弱近似のための再結合測度法のアルゴリズム,2024,日本応用数理学会
篠崎 裕司,武蔵野大学,,,,確率微分方程式の弱近似のための再結合測度法のアルゴリズム,2024,日本応用数理学会
篠田 淳一,Interlocus Inc,,,,切紙ロボット開発の一考察 (A consideration on development of Kirigami robot),2022,日本応用数理学会
篠田 淳一,Interlocus Inc,,,,切紙ロボット開発の一考察 (A consideration on development of Kirigami robot),2022,日本応用数理学会
柴山 允瑠,京都大学情報学研究科,,,,Anosov性を持つリンケージの構成,2025,日本応用数理学会
柴山 允瑠,京都大学情報学研究科,,,,Anosov性を持つリンケージの構成,2025,日本応用数理学会
柴山 允瑠,京都大学,,,,Hamiltonian systems and monotone twist maps for braids,2025,日本応用数理学会
柴山 允瑠,京都大学,,,,Hamiltonian systems and monotone twist maps for braids,2025,日本応用数理学会
柴山 允瑠,京都大学,,,,ビリヤード写像における不変曲線が存在しないための十分条件,2024,日本応用数理学会
柴山 允瑠,京都大学,,,,ビリヤード写像における不変曲線が存在しないための十分条件,2024,日本応用数理学会
柴山 允瑠,京都大学大学院 情報学研究科,,,,折り紙写像における不変曲線とアトラクターの存在について,2025,日本応用数理学会
柴山 允瑠,京都大学大学院 情報学研究科,,,,折り紙写像における不変曲線とアトラクターの存在について,2025,日本応用数理学会
柴山 允瑠,京都大学,,,,折り紙写像における不変曲線の存在について,2024,日本応用数理学会
柴山 允瑠,京都大学,,,,折り紙写像における不変曲線の存在について,2024,日本応用数理学会
柴山 允瑠,京都大学,,,,平面2n体問題の周期解から作られるbraid type,2022,日本応用数理学会
柴山 允瑠,京都大学,,,,平面2n体問題の周期解から作られるbraid type,2022,日本応用数理学会
柴山 允瑠,京都大学,,,,平面Sitnikov問題におけるヘテロクリニック軌道の変分的構成,2025,日本応用数理学会
柴山 允瑠,京都大学,,,,平面Sitnikov問題におけるヘテロクリニック軌道の変分的構成,2025,日本応用数理学会
柴山 允瑠,京都大学大学院情報学研究科,,,,変分法と力学系理論による探査機の軌道設計,2024,日本応用数理学会
柴山 允瑠,京都大学大学院情報学研究科,,,,変分法と力学系理論による探査機の軌道設計,2024,日本応用数理学会
柴山 允瑠,京都大学,,,,変分法による空間Hill 問題の周期軌道の存在証明,2021,日本応用数理学会
柴山 允瑠,京都大学,,,,変分法による空間Hill 問題の周期軌道の存在証明,2021,日本応用数理学会
柴山 允瑠,京都大学,,,,面積保存ツイスト写像の不変曲線の非存在証明,2022,日本応用数理学会
柴山 允瑠,京都大学,,,,面積保存ツイスト写像の不変曲線の非存在証明,2022,日本応用数理学会
柴田 恭子,福島県立医科大学,,,,糖尿病網膜症治療薬としてプロプラノロールの効果に関する計算論的アプローチ研究,2025,日本応用数理学会
柴田 恭子,福島県立医科大学,,,,糖尿病網膜症治療薬としてプロプラノロールの効果に関する計算論的アプローチ研究,2025,日本応用数理学会
柴田 恭子,福島県立医科大学,,,,糖尿病網膜症治療薬としてメマンチンの効果に関する計算論的アプローチ研究,2024,日本応用数理学会
柴田 恭子,福島県立医科大学,,,,糖尿病網膜症治療薬としてメマンチンの効果に関する計算論的アプローチ研究,2024,日本応用数理学会
柴田 達夫,理化学研究所,,,,細胞のシグナル伝達系のデータ同化,2022,日本応用数理学会
柴田 達夫,理化学研究所,,,,細胞のシグナル伝達系のデータ同化,2022,日本応用数理学会
謝 施遥,九州大学,,,,テンソルトレイン分解の領域分割型並列計算アルゴリズムPTTD,2022,日本応用数理学会
謝 施遥,九州大学,,,,テンソルトレイン分解の領域分割型並列計算アルゴリズムPTTD,2022,日本応用数理学会
若松 大誠,早稲田大学大学院 基幹理工学研究科,,,,Calogero-Bogoyavlenskii-Schiff方程式の楕円ソリトン解,2025,日本応用数理学会
若松 大誠,早稲田大学大学院 基幹理工学研究科,,,,Calogero-Bogoyavlenskii-Schiff方程式の楕円ソリトン解,2025,日本応用数理学会
守安 毅,福井大学工学部,,,,カオス超越性を用いたレーザーカオスによるTHｚ波の出力,2025,日本応用数理学会
守安 毅,福井大学工学部,,,,カオス超越性を用いたレーザーカオスによるTHｚ波の出力,2025,日本応用数理学会
守谷 共起,東京大学大学院情報理工学系研究科,,,,Radical Isogenies on Montgomery Curves,2021,日本応用数理学会
守谷 共起,東京大学大学院情報理工学系研究科,,,,Radical Isogenies on Montgomery Curves,2021,日本応用数理学会
守谷 共起,東京大学,,,,種数3における分解 Richelot 同種写像を計算するアルゴリズムとその応用,2022,日本応用数理学会
守谷 共起,東京大学,,,,種数3における分解 Richelot 同種写像を計算するアルゴリズムとその応用,2022,日本応用数理学会
守田 智,静岡大学,,,,２人２戦略対称ゲームのネットワーク効果分析,2022,日本応用数理学会
守田 智,静岡大学,,,,２人２戦略対称ゲームのネットワーク効果分析,2022,日本応用数理学会
守田 智,静岡大学,,,,人流による空間的伝播,2021,日本応用数理学会
守田 智,静岡大学,,,,人流による空間的伝播,2021,日本応用数理学会
守本 晃,大阪教育大学,,,,Parseval Frame に関する不等式について,2021,日本応用数理学会
守本 晃,大阪教育大学,,,,Parseval Frame に関する不等式について,2021,日本応用数理学会
守本 晃,大阪教育大学,,,,Parseval Frame に関する不等式について２,2022,日本応用数理学会
守本 晃,大阪教育大学,,,,Parseval Frame に関する不等式について２,2022,日本応用数理学会
守本 晃,大阪教育大学,,,,フーリエ・メリン変換を用いたスケールパラメータと平行移動パラメータの推定,2021,日本応用数理学会
守本 晃,大阪教育大学,,,,フーリエ・メリン変換を用いたスケールパラメータと平行移動パラメータの推定,2021,日本応用数理学会
守本 晃,大阪教育大学,,,,連続ウェーブレット変換による音声信号の拡大率を判定する試み,2022,日本応用数理学会
守本 晃,大阪教育大学,,,,連続ウェーブレット変換による音声信号の拡大率を判定する試み,2022,日本応用数理学会
手老 篤史,九州大学 マス・フォア・インダストリ研究所,,,,空間離散的な反応拡散系に基づく真正粘菌の記憶メカニズムの数理モデリング,2025,日本応用数理学会
手老 篤史,九州大学 マス・フォア・インダストリ研究所,,,,空間離散的な反応拡散系に基づく真正粘菌の記憶メカニズムの数理モデリング,2025,日本応用数理学会
手老 篤史,九州大学 マス・フォア・インダストリ研究所,,,,形成・破壊粒⼦を⽤いたバイアス付き拡散律速凝集によるプラーク起因⾎管狭窄の数値 シミュレーション,2025,日本応用数理学会
手老 篤史,九州大学 マス・フォア・インダストリ研究所,,,,形成・破壊粒⼦を⽤いたバイアス付き拡散律速凝集によるプラーク起因⾎管狭窄の数値 シミュレーション,2025,日本応用数理学会
狩野 隼輔,東北大学 数理科学共創社会センター,,,,因果解析とマグニチュードホモロジー,2025,日本応用数理学会
狩野 隼輔,東北大学 数理科学共創社会センター,,,,因果解析とマグニチュードホモロジー,2025,日本応用数理学会
酒井 裕行,明治大学大学院,,,,Riemann多様体上のHZ型共役勾配法の固有値問題への応用,2022,日本応用数理学会
酒井 裕行,明治大学大学院,,,,Riemann多様体上のHZ型共役勾配法の固有値問題への応用,2022,日本応用数理学会
酒井 裕行,明治大学大学院,,,,リーマン多様体上の最適化アルゴリズムの固有値問題への応用,2024,日本応用数理学会
酒井 裕行,明治大学大学院,,,,リーマン多様体上の最適化アルゴリズムの固有値問題への応用,2024,日本応用数理学会
首藤 啓,東京都立大学理学研究科,,,,結合エノン写像における一様双曲領域について,2024,日本応用数理学会
首藤 啓,東京都立大学理学研究科,,,,結合エノン写像における一様双曲領域について,2024,日本応用数理学会
秋元 琢磨,東京理科大学,,,,階段状の超一般化Boole変換における異常拡散,2022,日本応用数理学会
秋元 琢磨,東京理科大学,,,,階段状の超一般化Boole変換における異常拡散,2022,日本応用数理学会
秋山 俊太,東京大学情報理工学系研究科数理情報学専攻,,,,全勾配を用いない勾配推定量: 1次及び2次の最適性と連合学習への応用,2022,日本応用数理学会
秋山 俊太,東京大学情報理工学系研究科数理情報学専攻,,,,全勾配を用いない勾配推定量: 1次及び2次の最適性と連合学習への応用,2022,日本応用数理学会
秋山 正和（明治大学先端数理科学インスティチュート(MIMS)）,,,,,結晶構造シミュレータの開発について,2021,日本応用数理学会
秋山 正和（明治大学先端数理科学インスティチュート(MIMS)）,,,,,結晶構造シミュレータの開発について,2021,日本応用数理学会
秋田 康輔,大阪大学大学院情報科学研究科情報基礎数学専攻,,,,観測演算子の推測に深層学習を用いるデータ同化推定,2021,日本応用数理学会
秋田 康輔,大阪大学大学院情報科学研究科情報基礎数学専攻,,,,観測演算子の推測に深層学習を用いるデータ同化推定,2021,日本応用数理学会
秋田 大,東京大学大学院情報理工学系研究科知能機械情報学専攻,,,,試行間平均によるリザバー計算の情報処理能力の拡張,2025,日本応用数理学会
秋田 大,東京大学大学院情報理工学系研究科知能機械情報学専攻,,,,試行間平均によるリザバー計算の情報処理能力の拡張,2025,日本応用数理学会
秋田 大,東京大学,,,,線路ネットワークの一方向性とその幾何学的ルール,2025,日本応用数理学会
秋田 大,東京大学,,,,線路ネットワークの一方向性とその幾何学的ルール,2025,日本応用数理学会
秋葉 博,日本応用数理学会・会長,,,,会長挨拶,2022,日本応用数理学会
秋葉 博,日本応用数理学会・会長,,,,会長挨拶,2022,日本応用数理学会
秋葉 博,日本応用数理学会・会長,,,,表彰式,2022,日本応用数理学会
秋葉 博,日本応用数理学会・会長,,,,表彰式,2022,日本応用数理学会
重田 雄樹,東京経済大学経済学部,,,,時間非整合的な最適消費投資問題における二つの均衡の同値性について,2024,日本応用数理学会
重田 雄樹,東京経済大学経済学部,,,,時間非整合的な最適消費投資問題における二つの均衡の同値性について,2024,日本応用数理学会
重富 尚太,九州大学マス・フォア・インダストリ研究所,,,,カライドサイクルの存在証明,2025,日本応用数理学会
重富 尚太,九州大学マス・フォア・インダストリ研究所,,,,カライドサイクルの存在証明,2025,日本応用数理学会
重富 尚太,九州大学大学院数理学府,,,,カライドサイクルの明示公式,2022,日本応用数理学会
重富 尚太,九州大学大学院数理学府,,,,カライドサイクルの明示公式,2022,日本応用数理学会
重富 尚太,九州大学大学院数理学府,,,,捩率一定空間曲線およびtorsion angle一定空間離散曲線に対する楕円テータ函数による明示公式,2021,日本応用数理学会
重富 尚太,九州大学大学院数理学府,,,,捩率一定空間曲線およびtorsion angle一定空間離散曲線に対する楕円テータ函数による明示公式,2021,日本応用数理学会
出原 浩史,宮崎大学,,,,3成分燃焼モデルと燃焼界面,2025,日本応用数理学会
出原 浩史,宮崎大学,,,,3成分燃焼モデルと燃焼界面,2025,日本応用数理学会
出原 浩史,宮崎大学,,,,Free boundary problems related to controlling invasive aline species,2022,日本応用数理学会
出原 浩史,宮崎大学,,,,Free boundary problems related to controlling invasive aline species,2022,日本応用数理学会
出原 浩史,宮崎大学,,,,遅延を含むFisher-KPP方程式のsemi-waveについて -数値計算の視点から-,2024,日本応用数理学会
出原 浩史,宮崎大学,,,,遅延を含むFisher-KPP方程式のsemi-waveについて -数値計算の視点から-,2024,日本応用数理学会
出口 哲生,お茶の水女子大学,,,,高分子のファントムネットワークにおける架橋鎖揺らぎの普遍性と弾性率の微視的厳密解,2022,日本応用数理学会
出口 哲生,お茶の水女子大学,,,,高分子のファントムネットワークにおける架橋鎖揺らぎの普遍性と弾性率の微視的厳密解,2022,日本応用数理学会
出口 哲生,お茶の水女子大学,,,,量子ダークマルチソリトンのダイナミクス,2022,日本応用数理学会
出口 哲生,お茶の水女子大学,,,,量子ダークマルチソリトンのダイナミクス,2022,日本応用数理学会
出口 哲生,お茶の水女子大学,,,,量子系に現れるダークソリトン,2021,日本応用数理学会
出口 哲生,お茶の水女子大学,,,,量子系に現れるダークソリトン,2021,日本応用数理学会
出口 翔大,筑波大学,日本学術振興会特別研究員PD,,,Physics-Informed Neural Networkに対する距離関数・動的重みの導入と非圧縮流の逆解析への適用,2025,日本応用数理学会
出口 翔大,筑波大学,日本学術振興会特別研究員PD,,,Physics-Informed Neural Networkに対する距離関数・動的重みの導入と非圧縮流の逆解析への適用,2025,日本応用数理学会
春名 純一,京都大学,,,,Reservoir computing における普遍性と計算性能,2022,日本応用数理学会
春名 純一,京都大学,,,,Reservoir computing における普遍性と計算性能,2022,日本応用数理学会
緒方 秀教,電気通信大学,,,,IMT-DE変換を⽤いた関数近似,2025,日本応用数理学会
緒方 秀教,電気通信大学,,,,IMT-DE変換を⽤いた関数近似,2025,日本応用数理学会
緒方 秀教,電気通信大学大学院情報理工学研究科情報・ネットワーク工学専攻,,,,IMT型変換と周期的Sinc近似による数値不定積分,2021,日本応用数理学会
緒方 秀教,電気通信大学大学院情報理工学研究科情報・ネットワーク工学専攻,,,,IMT型変換と周期的Sinc近似による数値不定積分,2021,日本応用数理学会
緒方 秀教,電気通信大学,,,,IMT型変数変換を用いた常微分方程式初期値問題の数値解法,2022,日本応用数理学会
緒方 秀教,電気通信大学,,,,IMT型変数変換を用いた常微分方程式初期値問題の数値解法,2022,日本応用数理学会
緒方 秀教,電気通信大学大学院情報理工学研究科情報・ネットワーク工学専攻,,,,佐藤超函数論に基づく無限区間上での関数近似、数値微分および数値不定積分,2021,日本応用数理学会
緒方 秀教,電気通信大学大学院情報理工学研究科情報・ネットワーク工学専攻,,,,佐藤超函数論に基づく無限区間上での関数近似、数値微分および数値不定積分,2021,日本応用数理学会
緒方 秀教,電気通信大学,,,,数値積分に対するDE公式とIMT型公式との関係について,2024,日本応用数理学会
緒方 秀教,電気通信大学,,,,数値積分に対するDE公式とIMT型公式との関係について,2024,日本応用数理学会
緒方 秀教,電気通信大学,,,,線形一般固有値問題に対する非線形べき乗法の収束解析,2022,日本応用数理学会
緒方 秀教,電気通信大学,,,,線形一般固有値問題に対する非線形べき乗法の収束解析,2022,日本応用数理学会
緒方 秀教,電気通信大学,,,,量子力学固有値問題の数値不定積分による数値解法,2022,日本応用数理学会
緒方 秀教,電気通信大学,,,,量子力学固有値問題の数値不定積分による数値解法,2022,日本応用数理学会
諸星 穂積,政策研究大学院大学,,,,シミュレーションを用いた議席配分問題における公平性基準の分析,2022,日本応用数理学会
諸星 穂積,政策研究大学院大学,,,,シミュレーションを用いた議席配分問題における公平性基準の分析,2022,日本応用数理学会
諸星 穂積,政策研究大学院大学,,,,感度解析を利用した得票数と獲得議席数の関係分析,2024,日本応用数理学会
諸星 穂積,政策研究大学院大学,,,,感度解析を利用した得票数と獲得議席数の関係分析,2024,日本応用数理学会
諸星 穂積,政策研究大学院大学,,,,議席配分問題における公平性と最小議席数の関係について,2021,日本応用数理学会
諸星 穂積,政策研究大学院大学,,,,議席配分問題における公平性と最小議席数の関係について,2021,日本応用数理学会
諸星 穂積,政策研究大学院大学,,,,得票数と投票力指数の感度分析,2025,日本応用数理学会
諸星 穂積,政策研究大学院大学,,,,得票数と投票力指数の感度分析,2025,日本応用数理学会
徐 百歌,神戸大学大学院システム情報学研究科計算科学専攻,,,,GENERICシステムに対する構造保存型深層物理モデル,2022,日本応用数理学会
徐 百歌,神戸大学大学院システム情報学研究科計算科学専攻,,,,GENERICシステムに対する構造保存型深層物理モデル,2022,日本応用数理学会
徐 百歌,神戸大学,,,,Navier-Stokes方程式に対するPINNsの残差学習による事後誤差推定,2025,日本応用数理学会
徐 百歌,神戸大学,,,,Navier-Stokes方程式に対するPINNsの残差学習による事後誤差推定,2025,日本応用数理学会
徐 百歌,神戸大学大学院理学研究科,,,,言語のための状態空間モデルによるハミルトン力学の時系列予測の試み,2025,日本応用数理学会
徐 百歌,神戸大学大学院理学研究科,,,,言語のための状態空間モデルによるハミルトン力学の時系列予測の試み,2025,日本応用数理学会
徐 百歌,神戸大学,,,,交流アンケートデータからのネットワーク特徴量推定について,2022,日本応用数理学会
徐 百歌,神戸大学,,,,交流アンケートデータからのネットワーク特徴量推定について,2022,日本応用数理学会
徐 百歌,神戸大学大学院理学研究科,,,,非線形波動のモデリングのためのハミルトニアン密度の作用素学習,2024,日本応用数理学会
徐 百歌,神戸大学大学院理学研究科,,,,非線形波動のモデリングのためのハミルトニアン密度の作用素学習,2024,日本応用数理学会
徐 百歌,神戸大学大学院理学研究科,,,,複数のハミルトン系を同時に学習するシンプレクティックニューラルネットワーク,2025,日本応用数理学会
徐 百歌,神戸大学大学院理学研究科,,,,複数のハミルトン系を同時に学習するシンプレクティックニューラルネットワーク,2025,日本応用数理学会
徐 芷萱,名古屋大学工学研究科応用物理学専攻,,,,行列の積を係数行列に持つ線形方程式ABx＝bに対するクリロフ部分空間法の適用について,2024,日本応用数理学会
徐 芷萱,名古屋大学工学研究科応用物理学専攻,,,,行列の積を係数行列に持つ線形方程式ABx＝bに対するクリロフ部分空間法の適用について,2024,日本応用数理学会
小磯 深幸,九州大学,,,,2つの互いに平行な超平面上に自由境界を持つ平均曲率一定超曲面の安定性,2021,日本応用数理学会
小磯 深幸,九州大学,,,,2つの互いに平行な超平面上に自由境界を持つ平均曲率一定超曲面の安定性,2021,日本応用数理学会
小磯 深幸,九州大学 マス・フォア・インダストリ研究所,,,,Geometry of anisotropic double crystals,2021,日本応用数理学会
小磯 深幸,九州大学 マス・フォア・インダストリ研究所,,,,Geometry of anisotropic double crystals,2021,日本応用数理学会
小磯 深幸,九州大学,,,,ピローボックスの曲線折り形状による仮設構造物の多目的最適化,2024,日本応用数理学会
小磯 深幸,九州大学,,,,ピローボックスの曲線折り形状による仮設構造物の多目的最適化,2024,日本応用数理学会
小磯 深幸,九州大学,,,,ピローボックスの等長変形,2025,日本応用数理学会
小磯 深幸,九州大学,,,,ピローボックスの等長変形,2025,日本応用数理学会
小磯 深幸,九州大学マス・フォア・インダストリ研究所,,,,ピロー型ボックスの体積最大解の存在と一意性,2022,日本応用数理学会
小磯 深幸,九州大学マス・フォア・インダストリ研究所,,,,ピロー型ボックスの体積最大解の存在と一意性,2022,日本応用数理学会
小磯 深幸,九州大学,,,,区分的に連続な曲線と曲面の幾何,2021,日本応用数理学会
小磯 深幸,九州大学,,,,区分的に連続な曲線と曲面の幾何,2021,日本応用数理学会
小磯 深幸,九州大学,,,,非等方的平均曲率一定閉超曲面の非一意性,2024,日本応用数理学会
小磯 深幸,九州大学,,,,非等方的平均曲率一定閉超曲面の非一意性,2024,日本応用数理学会
小笠原 義仁,芝浦工業大学,三芳合金工業株式会社,,,Primitive Chaosの認識論への応用,2025,日本応用数理学会
小笠原 義仁,芝浦工業大学,三芳合金工業株式会社,,,Primitive Chaosの認識論への応用,2025,日本応用数理学会
小笠原 隆行,ソニーセミコンダクタソリューションズ株式会社,,,,三次元畳み込みニューラルネットワークを用いた有限差分時間領域法による光学シミュレーションの時間発展予測,2022,日本応用数理学会
小笠原 隆行,ソニーセミコンダクタソリューションズ株式会社,,,,三次元畳み込みニューラルネットワークを用いた有限差分時間領域法による光学シミュレーションの時間発展予測,2022,日本応用数理学会
小貫 啓史,東京大学,,,,2次元同種写像を用いたDeuring対応計算アルゴリズム,2024,日本応用数理学会
小貫 啓史,東京大学,,,,2次元同種写像を用いたDeuring対応計算アルゴリズム,2024,日本応用数理学会
小貫 啓史,東京大学大学院情報理工学系研究科,,,,Radical Isogenies on Montgomery Curves,2021,日本応用数理学会
小貫 啓史,東京大学大学院情報理工学系研究科,,,,Radical Isogenies on Montgomery Curves,2021,日本応用数理学会
小貫 啓史,東京大学大学院情報理工学系研究科,,,,効率的な同種写像計算Square-root Vélu法における最適な添え字集合の探索,2022,日本応用数理学会
小貫 啓史,東京大学大学院情報理工学系研究科,,,,効率的な同種写像計算Square-root Vélu法における最適な添え字集合の探索,2022,日本応用数理学会
小貫 啓史,東京大学,,,,次元2の同種写像を用いるハッシュ関数に対しての衝突発見アルゴリズム,2024,日本応用数理学会
小貫 啓史,東京大学,,,,次元2の同種写像を用いるハッシュ関数に対しての衝突発見アルゴリズム,2024,日本応用数理学会
小宮 聖司,神奈川工科大学創造工学部自動車システム開発工学科,,,,積分区間分割によるピーク型関数の数値積分,2021,日本応用数理学会
小宮 聖司,神奈川工科大学創造工学部自動車システム開発工学科,,,,積分区間分割によるピーク型関数の数値積分,2021,日本応用数理学会
小橋 恒士,鳥取大,,,,ベイズ推定による超並列計算の性能予測,2021,日本応用数理学会
小橋 恒士,鳥取大,,,,ベイズ推定による超並列計算の性能予測,2021,日本応用数理学会
小穴 智大,慶應義塾大学,,,,Faster algorithms on linear delta-matroids,2025,日本応用数理学会
小穴 智大,慶應義塾大学,,,,Faster algorithms on linear delta-matroids,2025,日本応用数理学会
小原 光暁,東京大学,,,,リーマン多様体上の不等式制約付き 最適化問題に対する信頼領域内点法,2025,日本応用数理学会
小原 光暁,東京大学,,,,リーマン多様体上の不等式制約付き 最適化問題に対する信頼領域内点法,2025,日本応用数理学会
小山 翔平,立命館大学,,,,ランダムウォークや相関付きランダムウォークにもとづく時系列解析,2024,日本応用数理学会
小山 翔平,立命館大学,,,,ランダムウォークや相関付きランダムウォークにもとづく時系列解析,2024,日本応用数理学会
小山 翔平,立命館大学,,,,量子ウォークにもとづく 時系列解析,2024,日本応用数理学会
小山 翔平,立命館大学,,,,量子ウォークにもとづく 時系列解析,2024,日本応用数理学会
小山田 耕二,大阪成蹊大学,,,,データ駆動型の偏微分方程式の推定~可積分系を用いた実験,2024,日本応用数理学会
小山田 耕二,大阪成蹊大学,,,,データ駆動型の偏微分方程式の推定~可積分系を用いた実験,2024,日本応用数理学会
小山田 耕二,京都大学,,,,ニューラルネットワークを用いた偏微分方程式の解法,2021,日本応用数理学会
小山田 耕二,京都大学,,,,ニューラルネットワークを用いた偏微分方程式の解法,2021,日本応用数理学会
小松 弘和,豊田工業高等専門学校,,,,環境変動を考慮した時間遅れを伴う化学反応ネットワークのPersistence,2021,日本応用数理学会
小松 弘和,豊田工業高等専門学校,,,,環境変動を考慮した時間遅れを伴う化学反応ネットワークのPersistence,2021,日本応用数理学会
小松 弘和,近畿大学工学部,,,,時間遅れを伴うcomplex balancedな化学反応ネットワークの線形安定性解析,2024,日本応用数理学会
小松 弘和,近畿大学工学部,,,,時間遅れを伴うcomplex balancedな化学反応ネットワークの線形安定性解析,2024,日本応用数理学会
小松 弘和,近畿大学工学部,,,,時間遅れを伴う可逆な有向道反応ネットワークの大域的漸近安定性,2025,日本応用数理学会
小松 弘和,近畿大学工学部,,,,時間遅れを伴う可逆な有向道反応ネットワークの大域的漸近安定性,2025,日本応用数理学会
小松 弘和,豊田高専,,,,電極触媒の劣化速度に関する力学系モデルの構築,2024,日本応用数理学会
小松 弘和,豊田高専,,,,電極触媒の劣化速度に関する力学系モデルの構築,2024,日本応用数理学会
小松 弘和,豊田工業高等専門学校,,,,非質量作用におけるDeficiency Zero Theoremの時間遅れ系への拡張,2022,日本応用数理学会
小松 弘和,豊田工業高等専門学校,,,,非質量作用におけるDeficiency Zero Theoremの時間遅れ系への拡張,2022,日本応用数理学会
小松 弘和,近畿大学工学部,,,,面光源の照射角に伴う立体影の幾何的形状と面積の変化に関する可視化手法の開発,2024,日本応用数理学会
小松 弘和,近畿大学工学部,,,,面光源の照射角に伴う立体影の幾何的形状と面積の変化に関する可視化手法の開発,2024,日本応用数理学会
小松 瑞果,神戸大学,,,,遅延微分方程式に基づく馴化の数理モデルとその入力感受性に関する考察,2025,日本応用数理学会
小松 瑞果,神戸大学,,,,遅延微分方程式に基づく馴化の数理モデルとその入力感受性に関する考察,2025,日本応用数理学会
小針 由椰,東京工科大学,,,,経験的モード分解を用いた電磁波伝播現象解析,2022,日本応用数理学会
小針 由椰,東京工科大学,,,,経験的モード分解を用いた電磁波伝播現象解析,2022,日本応用数理学会
小正路 崚太郎,東京大学物性研究所,,,,数理結晶化学：無機結晶化学の定式化に基づくイオン結合性結晶の探索と酸化物結晶構造の系統的解析,2025,日本応用数理学会
小正路 崚太郎,東京大学物性研究所,,,,数理結晶化学：無機結晶化学の定式化に基づくイオン結合性結晶の探索と酸化物結晶構造の系統的解析,2025,日本応用数理学会
小西 哲郎,中部大学,,,,バネ玉ハミルトン力学系における遅い緩和・形態変化・分岐,2025,日本応用数理学会
小西 哲郎,中部大学,,,,バネ玉ハミルトン力学系における遅い緩和・形態変化・分岐,2025,日本応用数理学会
小川 佳宏,九州大学大学院医学研究院 病態制御内科学,,,,食道運動の数理モデルと食道運動異常症,2022,日本応用数理学会
小川 佳宏,九州大学大学院医学研究院 病態制御内科学,,,,食道運動の数理モデルと食道運動異常症,2022,日本応用数理学会
小川 国大,核融合科学研究所,,,,バーチャルリアリティ可視化によるプラズマ対向壁と高速トリトン粒子衝突点の解析,2021,日本応用数理学会
小川 国大,核融合科学研究所,,,,バーチャルリアリティ可視化によるプラズマ対向壁と高速トリトン粒子衝突点の解析,2021,日本応用数理学会
小川 実里,お茶の水女子大学大学院/理化学研究所革新知能統合研究センター,,,,半群理論を用いた分布型時間遅れをもつバーガーズ方程式の時間大域解について,2025,日本応用数理学会
小川 実里,お茶の水女子大学大学院/理化学研究所革新知能統合研究センター,,,,半群理論を用いた分布型時間遅れをもつバーガーズ方程式の時間大域解について,2025,日本応用数理学会
小川 将輝,埼玉大学大学院理工学研究科,,,,多相共連続構造の数学的モデルと安定化,2022,日本応用数理学会
小川 将輝,埼玉大学大学院理工学研究科,,,,多相共連続構造の数学的モデルと安定化,2022,日本応用数理学会
小川 知之,明治大学,,,,Chimera and Multichimera behaviors in nonlocally coupled oscillator system,2022,日本応用数理学会
小川 知之,明治大学,,,,Chimera and Multichimera behaviors in nonlocally coupled oscillator system,2022,日本応用数理学会
小川 知之,明治大学,,,,コンパクトメトリックグラフ上でのTuring不安定性,2025,日本応用数理学会
小川 知之,明治大学,,,,コンパクトメトリックグラフ上でのTuring不安定性,2025,日本応用数理学会
小川 洋,株式会社デンソー,,,,FreeFEMによるろう付け形状予測と実形状部品への適用,2021,日本応用数理学会
小川 洋,株式会社デンソー,,,,FreeFEMによるろう付け形状予測と実形状部品への適用,2021,日本応用数理学会
小泉 透,名古屋工業大学,,,,"FMAを巧みに利用した疑似4,6,8倍精度行列積の設計",2024,日本応用数理学会
小泉 透,名古屋工業大学,,,,"FMAを巧みに利用した疑似4,6,8倍精度行列積の設計",2024,日本応用数理学会
小沢 誠,駒澤大学総合教育研究部,,,,多相共連続構造の数学的モデルと安定化,2022,日本応用数理学会
小沢 誠,駒澤大学総合教育研究部,,,,多相共連続構造の数学的モデルと安定化,2022,日本応用数理学会
小谷野 仁,農研機構,,,,与えられたアルファベット上の文字列の位相半群における球の体積公式,2021,日本応用数理学会
小谷野 仁,農研機構,,,,与えられたアルファベット上の文字列の位相半群における球の体積公式,2021,日本応用数理学会
小池 元,京都大学大学院情報学研究科,,,,GDP成長率の統計則について,2025,日本応用数理学会
小池 元,京都大学大学院情報学研究科,,,,GDP成長率の統計則について,2025,日本応用数理学会
小池 元,東京工業大学情報理工学院,,,,重力相互作用モデルの1次元リング構造における多様な解について,2024,日本応用数理学会
小池 元,東京工業大学情報理工学院,,,,重力相互作用モデルの1次元リング構造における多様な解について,2024,日本応用数理学会
小池 正史,宇都宮大学,,,,スケールフリーネットワーク上のSIRモデルにおける感染率と感染者数の対数関係,2024,日本応用数理学会
小池 正史,宇都宮大学,,,,スケールフリーネットワーク上のSIRモデルにおける感染率と感染者数の対数関係,2024,日本応用数理学会
小池 正史,宇都宮大学,,,,ネットワーク上のSIRモデルにおける感染率と最大感染者数の関係,2025,日本応用数理学会
小池 正史,宇都宮大学,,,,ネットワーク上のSIRモデルにおける感染率と最大感染者数の関係,2025,日本応用数理学会
小池 竜太朗,神戸大学システム情報学研究科,,,,PINNを用いたSIRカトリエルモデルの係数早期決定における変分ネットワークの導入,2025,日本応用数理学会
小池 竜太朗,神戸大学システム情報学研究科,,,,PINNを用いたSIRカトリエルモデルの係数早期決定における変分ネットワークの導入,2025,日本応用数理学会
小鳥居 祐香,広島大学,理化学研究所,,,絡み目の絡み目ホモトピー類の分類と判定について,2025,日本応用数理学会
小鳥居 祐香,広島大学,理化学研究所,,,絡み目の絡み目ホモトピー類の分類と判定について,2025,日本応用数理学会
小堤 幹太,早稲田大学,,,,Boltzmann Samplerを用いた重み付きカクタスグラフのランダムサンプリング,2024,日本応用数理学会
小堤 幹太,早稲田大学,,,,Boltzmann Samplerを用いた重み付きカクタスグラフのランダムサンプリング,2024,日本応用数理学会
小田中 嵐,公立はこだて未来大学システム情報科学研究科,,,,環境の感知と運動の制御を同時に行う化学反応系ロボットの数理モデリング,2022,日本応用数理学会
小田中 嵐,公立はこだて未来大学システム情報科学研究科,,,,環境の感知と運動の制御を同時に行う化学反応系ロボットの数理モデリング,2022,日本応用数理学会
小島 直泰,東京大学大学院工学系研究科航空宇宙工学専攻,,,,変分原理に基づく圧縮性Euler方程式の構造保存縮約モデル,2022,日本応用数理学会
小島 直泰,東京大学大学院工学系研究科航空宇宙工学専攻,,,,変分原理に基づく圧縮性Euler方程式の構造保存縮約モデル,2022,日本応用数理学会
小島 洋児,京都大学iPS細胞研究所,,,,Mapperに基づく細胞分化の位相的流れ解析,2021,日本応用数理学会
小島 洋児,京都大学iPS細胞研究所,,,,Mapperに基づく細胞分化の位相的流れ解析,2021,日本応用数理学会
小島 諒介,京都大学,,,,粒子間の衝突を考慮した一方向多粒子量子ウォークの検討,2024,日本応用数理学会
小島 諒介,京都大学,,,,粒子間の衝突を考慮した一方向多粒子量子ウォークの検討,2024,日本応用数理学会
小嶋 大瑛,早稲田大学基幹理工学研究科数学応用数理専攻,,,,木の数え上げに現れる特殊な分割数~再帰式と母関数およびその解析学的な解釈~,2022,日本応用数理学会
小嶋 大瑛,早稲田大学基幹理工学研究科数学応用数理専攻,,,,木の数え上げに現れる特殊な分割数~再帰式と母関数およびその解析学的な解釈~,2022,日本応用数理学会
小野 謙二,九州大学,,,,テンソルトレイン分解の領域分割型並列計算アルゴリズムPTTD,2022,日本応用数理学会
小野 謙二,九州大学,,,,テンソルトレイン分解の領域分割型並列計算アルゴリズムPTTD,2022,日本応用数理学会
小野 謙二,九州大学 情報基盤研究開発センター,,,,テンソルトレイン分解を導入したKrylov部分空間法の検討と収束特性の解析,2025,日本応用数理学会
小野 謙二,九州大学 情報基盤研究開発センター,,,,テンソルトレイン分解を導入したKrylov部分空間法の検討と収束特性の解析,2025,日本応用数理学会
小野 勝男,株式会社LIXIL,,,,剛性異方性を持つサンドイッチ材を用いた曲線折紙機構,2021,日本応用数理学会
小野 勝男,株式会社LIXIL,,,,剛性異方性を持つサンドイッチ材を用いた曲線折紙機構,2021,日本応用数理学会
小野 悠介,慶應義塾大学理工学研究科開放環境科学専修,,,,the total Bregman divergenceを用いた外れ値検知とそのロバスト性解析,2022,日本応用数理学会
小野 悠介,慶應義塾大学理工学研究科開放環境科学専修,,,,the total Bregman divergenceを用いた外れ値検知とそのロバスト性解析,2022,日本応用数理学会
小野 悠介,慶應義塾大学,,,,オイラー・ポアンカレリダクションによるunderwater vehicleダイナミクスの定式化,2024,日本応用数理学会
小野 悠介,慶應義塾大学,,,,オイラー・ポアンカレリダクションによるunderwater vehicleダイナミクスの定式化,2024,日本応用数理学会
小林 幹,立正大学,,,,リザーバーコンピューティングの高次元空間における力学系構造解析,2025,日本応用数理学会
小林 幹,立正大学,,,,リザーバーコンピューティングの高次元空間における力学系構造解析,2025,日本応用数理学会
小林 幹,立正大学,,,,機械学習時間発展モデルの力学系解析,2022,日本応用数理学会
小林 幹,立正大学,,,,機械学習時間発展モデルの力学系解析,2022,日本応用数理学会
小林 幹,立正大学,,,,小さな変化が（カオスによらず）大きな影響をもたらす場合について,2025,日本応用数理学会
小林 幹,立正大学,,,,小さな変化が（カオスによらず）大きな影響をもたらす場合について,2025,日本応用数理学会
小林 健,東京工業大学,,,,基数制約つき分布ロバストポートフォリオ最適化,2022,日本応用数理学会
小林 健,東京工業大学,,,,基数制約つき分布ロバストポートフォリオ最適化,2022,日本応用数理学会
小林 健太,一橋大学大学院経営管理研究科,,,,アメリカン・プット・オプションの最適権利行使境界の高精度数値計算,2025,日本応用数理学会
小林 健太,一橋大学大学院経営管理研究科,,,,アメリカン・プット・オプションの最適権利行使境界の高精度数値計算,2025,日本応用数理学会
小林 健太,一橋大学,,,,悪い要素を含む有限要素法の誤差解析,2024,日本応用数理学会
小林 健太,一橋大学,,,,悪い要素を含む有限要素法の誤差解析,2024,日本応用数理学会
小林 健太,一橋大学,,,,四面体の最大角条件と同値な幾何学的条件について,2021,日本応用数理学会
小林 健太,一橋大学,,,,四面体の最大角条件と同値な幾何学的条件について,2021,日本応用数理学会
小林 康明,城西大学,,,,2次元シートから3次元円筒構造へ至る皮膚付属器の形態形成を再現する数理モデル,2025,日本応用数理学会
小林 康明,城西大学,,,,2次元シートから3次元円筒構造へ至る皮膚付属器の形態形成を再現する数理モデル,2025,日本応用数理学会
小林 康明,城西大学,,,,細胞周期と細胞外環境を制御する数値シミュレーションに基づく毛包形態形成の再現,2024,日本応用数理学会
小林 康明,城西大学,,,,細胞周期と細胞外環境を制御する数値シミュレーションに基づく毛包形態形成の再現,2024,日本応用数理学会
小林 康明,北海道大学 電子科学研究所,,,,自発的に振動する薄膜の数理モデル,2021,日本応用数理学会
小林 康明,北海道大学 電子科学研究所,,,,自発的に振動する薄膜の数理モデル,2021,日本応用数理学会
小林 康明,北海道大学,,,,表皮数理モデルを用いた基底膜形状と培養皮膚への応用,2021,日本応用数理学会
小林 康明,北海道大学,,,,表皮数理モデルを用いた基底膜形状と培養皮膚への応用,2021,日本応用数理学会
小林 高士,日本電信電話株式会社 宇宙環境エネルギー研究所,,,,最適化手法を用いた海洋生態系モデルパラメータの同定,2024,日本応用数理学会
小林 高士,日本電信電話株式会社 宇宙環境エネルギー研究所,,,,最適化手法を用いた海洋生態系モデルパラメータの同定,2024,日本応用数理学会
小林 克樹,京都大学大学院 情報学研究科,,,,基本図を厳密に導出可能なセルオートマトンのクラスについて,2024,日本応用数理学会
小林 克樹,京都大学大学院 情報学研究科,,,,基本図を厳密に導出可能なセルオートマトンのクラスについて,2024,日本応用数理学会
小林 克樹,京都大学大学院 情報学研究科,,,,非自励離散基本戸田軌道の導出とその超離散化について,2021,日本応用数理学会
小林 克樹,京都大学大学院 情報学研究科,,,,非自励離散基本戸田軌道の導出とその超離散化について,2021,日本応用数理学会
小林 俊介,宮崎大学,,,,コンパクトメトリックグラフ上でのTuring不安定性,2025,日本応用数理学会
小林 俊介,宮崎大学,,,,コンパクトメトリックグラフ上でのTuring不安定性,2025,日本応用数理学会
小林 俊介,京都大学,,,,膨張する円周上におけるKuramoto--Sivashinsky方程式に対するCrank--Nicolsonスキームの解の存在性・一意性・収束性,2021,日本応用数理学会
小林 俊介,京都大学,,,,膨張する円周上におけるKuramoto--Sivashinsky方程式に対するCrank--Nicolsonスキームの解の存在性・一意性・収束性,2021,日本応用数理学会
小林 舜典,大阪大学大学院基礎工学研究科,,,,Riemann-Cartan多様体による転位のモデル化と力学場の有限要素解析,2021,日本応用数理学会
小林 舜典,大阪大学大学院基礎工学研究科,,,,Riemann-Cartan多様体による転位のモデル化と力学場の有限要素解析,2021,日本応用数理学会
小林 未知数,高知工科大学,,,,有限巡回群の対称性を有するゴールドストーン模型と有限要素法を用いた基底状態探索アプローチ,2025,日本応用数理学会
小林 未知数,高知工科大学,,,,有限巡回群の対称性を有するゴールドストーン模型と有限要素法を用いた基底状態探索アプローチ,2025,日本応用数理学会
小林 佑輔,数理解析研究所,,,,マトロイド制約下での劣モジュラ関数最大化に対する高速なアルゴリズム,2024,日本応用数理学会
小林 佑輔,数理解析研究所,,,,マトロイド制約下での劣モジュラ関数最大化に対する高速なアルゴリズム,2024,日本応用数理学会
小林 佑輔,京都大学,,,,三角形フリー２マッチング問題に対する(1-ε)-近似アルゴリズム,2024,日本応用数理学会
小林 佑輔,京都大学,,,,三角形フリー２マッチング問題に対する(1-ε)-近似アルゴリズム,2024,日本応用数理学会
小林 祐貴,大阪市立大学工学部,,,,切頂八面体のスポンジ膜：基本展開図のタイリングと変形構造,2021,日本応用数理学会
小林 祐貴,大阪市立大学工学部,,,,切頂八面体のスポンジ膜：基本展開図のタイリングと変形構造,2021,日本応用数理学会
小林 領,帝京平成大学,,,,制約条件付き凸計画問題の解に対する成分毎精度保証付き数値計算法,2024,日本応用数理学会
小林 領,帝京平成大学,,,,制約条件付き凸計画問題の解に対する成分毎精度保証付き数値計算法,2024,日本応用数理学会
小澤 一文,秋田県立大学名誉教授,,,,非線形方程式の数値解法の多倍長演算におけるコストについて,2022,日本応用数理学会
小澤 一文,秋田県立大学名誉教授,,,,非線形方程式の数値解法の多倍長演算におけるコストについて,2022,日本応用数理学会
昇 幹征,愛媛大学大学院 理工学研究科 理工学専攻,,,,3つの行列によるBottcher-Wenzel不等式の一般化について,2025,日本応用数理学会
昇 幹征,愛媛大学大学院 理工学研究科 理工学専攻,,,,3つの行列によるBottcher-Wenzel不等式の一般化について,2025,日本応用数理学会
松井 一徳,成蹊大学,,,,Navier-Stokes方程式の同値な表現に対するLagrange-Galerkin法,2022,日本応用数理学会
松井 一徳,成蹊大学,,,,Navier-Stokes方程式の同値な表現に対するLagrange-Galerkin法,2022,日本応用数理学会
松井 一徳,東京海洋大学,,,,降伏曲面が時間に依存する弾塑性モデルに対する有限要素解法,2025,日本応用数理学会
松井 一徳,東京海洋大学,,,,降伏曲面が時間に依存する弾塑性モデルに対する有限要素解法,2025,日本応用数理学会
松井 充,三菱電機株式会社,,,,共通鍵暗号今昔物語,2021,日本応用数理学会
松井 充,三菱電機株式会社,,,,共通鍵暗号今昔物語,2021,日本応用数理学会
松浦 望,久留米工業大学,,,,離散キルヒホフ弾性棒の明示公式,2021,日本応用数理学会
松浦 望,久留米工業大学,,,,離散キルヒホフ弾性棒の明示公式,2021,日本応用数理学会
松永 秀章,大阪公立大学,,,,２種類の遅延項をもつ線形微分方程式の漸近安定性,2024,日本応用数理学会
松永 秀章,大阪公立大学,,,,２種類の遅延項をもつ線形微分方程式の漸近安定性,2024,日本応用数理学会
松岡 宏,早稲田大学大学院基幹理工学研究科,,,,3階再帰方程式の探索と高階再帰方程式への拡張,2024,日本応用数理学会
松岡 宏,早稲田大学大学院基幹理工学研究科,,,,3階再帰方程式の探索と高階再帰方程式への拡張,2024,日本応用数理学会
松岡 宏,早稲田大学大学院基幹理工学研究科,,,,遅延ソリトン方程式と遅延パンルヴェ方程式：双線形方程式，Lax pair，保存量,2024,日本応用数理学会
松岡 宏,早稲田大学大学院基幹理工学研究科,,,,遅延ソリトン方程式と遅延パンルヴェ方程式：双線形方程式，Lax pair，保存量,2024,日本応用数理学会
松下 智,立命館大学大学院理工学研究科,,,,不均一経済主体におけるリスクモデルについて,2025,日本応用数理学会
松下 智,立命館大学,,,,不均一経済主体におけるリスクモデルについて,2025,日本応用数理学会
松下 智,立命館大学大学院理工学研究科,,,,不均一経済主体におけるリスクモデルについて,2025,日本応用数理学会
松下 智,立命館大学,,,,不均一経済主体におけるリスクモデルについて,2025,日本応用数理学会
松下 祐樹,東京大学情報理工学系研究科数理情報学専攻,,,,漸化式を用いた多面体上の格子点の数え上げ,2021,日本応用数理学会
松下 祐樹,東京大学情報理工学系研究科数理情報学専攻,,,,漸化式を用いた多面体上の格子点の数え上げ,2021,日本応用数理学会
松家 敬介,武蔵野大学,,,,常微分方程式で記述された人口動態モデルの離散化,2025,日本応用数理学会
松家 敬介,武蔵野大学,,,,常微分方程式で記述された人口動態モデルの離散化,2025,日本応用数理学会
松家 敬介,武蔵野大学,,,,離散半線形波動方程式の解のlifespan評価,2024,日本応用数理学会
松家 敬介,武蔵野大学,,,,離散半線形波動方程式の解のlifespan評価,2024,日本応用数理学会
松橋 眞生,京都大学大学院医学研究科てんかん・運動異常生理学講座,,,,順列エントロピーによるてんかん発作の特徴づけ,2024,日本応用数理学会
松橋 眞生,京都大学大学院医学研究科てんかん・運動異常生理学講座,,,,順列エントロピーによるてんかん発作の特徴づけ,2024,日本応用数理学会
松原 宰栄,熊本大学,,,,代数方程式系と線形偏微分方程式系,2024,日本応用数理学会
松原 宰栄,熊本大学,,,,代数方程式系と線形偏微分方程式系,2024,日本応用数理学会
松原 崇,大阪大学,,,,ハミルトニアンニューラルネットワークの近似性能評価,2021,日本応用数理学会
松原 崇,大阪大学,,,,ハミルトニアンニューラルネットワークの近似性能評価,2021,日本応用数理学会
松原 崇,北海道大学,,,,ポアソン＝ディラック構造を用いた深層学習による連成系のモデル化,2025,日本応用数理学会
松原 崇,北海道大学,,,,ポアソン＝ディラック構造を用いた深層学習による連成系のモデル化,2025,日本応用数理学会
松原 崇,大阪大学,,,,深層学習を用いてデータから力学系の第一積分を発見し保存するモデル化法,2022,日本応用数理学会
松原 崇,大阪大学,,,,深層学習を用いてデータから力学系の第一積分を発見し保存するモデル化法,2022,日本応用数理学会
松原 崇,大阪大学大学院基礎工学研究科,,,,深層離散時間ラグランジュ力学モデル,2021,日本応用数理学会
松原 崇,大阪大学大学院基礎工学研究科,,,,深層離散時間ラグランジュ力学モデル,2021,日本応用数理学会
松原 崇,北海道大学大学院情報科学研究院,,,,非線形波動のモデリングのためのハミルトニアン密度の作用素学習,2024,日本応用数理学会
松原 崇,北海道大学大学院情報科学研究院,,,,非線形波動のモデリングのためのハミルトニアン密度の作用素学習,2024,日本応用数理学会
松原 崇,北海道大学,,,,無限次元ハミルトン系を学習するための近似的なシンプレクティックニューラル作用素,2025,日本応用数理学会
松原 崇,北海道大学,,,,無限次元ハミルトン系を学習するための近似的なシンプレクティックニューラル作用素,2025,日本応用数理学会
松江 要,九州大学,,,,Green関数による解包含理論：非凸多次元領域上におけるPoisson方程式への適用,2024,日本応用数理学会
松江 要,九州大学,,,,Green関数による解包含理論：非凸多次元領域上におけるPoisson方程式への適用,2024,日本応用数理学会
松崎 竜之介,明治大学,,,,Cerebras CS-2における疑似倍精度行列積,2025,日本応用数理学会
松崎 竜之介,明治大学,,,,Cerebras CS-2における疑似倍精度行列積,2025,日本応用数理学会
松田 孟留,理化学研究所,,,,一般化近単調回帰と常微分方程式の数値計算の誤差推定,2021,日本応用数理学会
松田 孟留,理化学研究所,,,,一般化近単調回帰と常微分方程式の数値計算の誤差推定,2021,日本応用数理学会
松島 慶,東京大学大学院工学系研究科,,,,FreeFEMを用いた外部Helmholtz問題のmode-matching有限要素解析について,2022,日本応用数理学会
松島 慶,東京大学大学院工学系研究科,,,,FreeFEMを用いた外部Helmholtz問題のmode-matching有限要素解析について,2022,日本応用数理学会
松島 慶,東京大学,,,,境界積分方程式に対する随伴変数法と形状導関数の正則性,2024,日本応用数理学会
松島 慶,東京大学,,,,境界積分方程式に対する随伴変数法と形状導関数の正則性,2024,日本応用数理学会
松島 慶,東京大学大学院工学系研究科,,,,結び目のエネルギーとその形状導関数の数値計算について,2024,日本応用数理学会
松島 慶,東京大学大学院工学系研究科,,,,結び目のエネルギーとその形状導関数の数値計算について,2024,日本応用数理学会
松尾 宇泰,東京大学 大学院情報理工学系研究科,,,,Nesterovの加速勾配法の可変刻み線形多段法としての解釈とその応用について,2022,日本応用数理学会
松尾 宇泰,東京大学 大学院情報理工学系研究科,,,,Nesterovの加速勾配法の可変刻み線形多段法としての解釈とその応用について,2022,日本応用数理学会
松尾 宇泰,東京大学大学院 情報理工学系研究科,,,,Zakharov方程式の構造保存スキームの数学的解析と数値実験による比較,2022,日本応用数理学会
松尾 宇泰,東京大学大学院 情報理工学系研究科,,,,Zakharov方程式の構造保存スキームの数学的解析と数値実験による比較,2022,日本応用数理学会
松尾 宇泰,東京大学大学院情報理工学系研究科,,,,勾配流に対する離散勾配を用いた最適化手法の統一的記述について,2022,日本応用数理学会
松尾 宇泰,東京大学大学院情報理工学系研究科,,,,勾配流に対する離散勾配を用いた最適化手法の統一的記述について,2022,日本応用数理学会
松尾 宇泰,東京大学大学院情報理工学系研究科,,,,最適化に現れる常微分方程式の本質的な収束レート,2021,日本応用数理学会
松尾 宇泰,東京大学大学院情報理工学系研究科,,,,最適化に現れる常微分方程式の本質的な収束レート,2021,日本応用数理学会
松尾 宇泰,東京大学大学院情報理工学系研究科,,,,最適化に適した安定な数値解法について,2021,日本応用数理学会
松尾 宇泰,東京大学大学院情報理工学系研究科,,,,最適化に適した安定な数値解法について,2021,日本応用数理学会
松尾 宇泰,東京大学大学院情報理工学系研究科,,,,最適化手法の連続時間モデルに関する本質的な収束率の精緻化,2024,日本応用数理学会
松尾 宇泰,東京大学大学院情報理工学系研究科,,,,最適化手法の連続時間モデルに関する本質的な収束率の精緻化,2024,日本応用数理学会
松尾 宇泰,東京大学大学院情報理工学系研究科,,,,二重指数関数型数値積分公式によるガンマ関数の数値計算法の提案,2022,日本応用数理学会
松尾 宇泰,東京大学大学院情報理工学系研究科,,,,二重指数関数型数値積分公式によるガンマ関数の数値計算法の提案,2022,日本応用数理学会
松尾 宇泰,東京大学大学院,,,,偏微分方程式に対するダイヤモンドスキームに関する諸検討,2024,日本応用数理学会
松尾 宇泰,東京大学大学院,,,,偏微分方程式に対するダイヤモンドスキームに関する諸検討,2024,日本応用数理学会
松尾 宇泰,東京大学,,,,偏微分方程式の重度演算子分解解法について,2024,日本応用数理学会
松尾 宇泰,東京大学,,,,偏微分方程式の重度演算子分解解法について,2024,日本応用数理学会
松尾 孝太郎,東京大学,,,,剛体折紙ユニットを用いた平坦折り可能なトーラスとマスト構造,2025,日本応用数理学会
松尾 孝太郎,東京大学,,,,剛体折紙ユニットを用いた平坦折り可能なトーラスとマスト構造,2025,日本応用数理学会
松尾 朝日,大阪大学,,,,受動歩行の脚質量に応じたフラクタルな吸引領域の変化,2024,日本応用数理学会
松尾 朝日,大阪大学,,,,受動歩行の脚質量に応じたフラクタルな吸引領域の変化,2024,日本応用数理学会
松本 健宏,東北大学理学研究科数学専攻,,,,大規模灌漑システムの最適制御に向けたVAR-LiNGAMによる因果解析,2025,日本応用数理学会
松本 健宏,東北大学理学研究科数学専攻,,,,大規模灌漑システムの最適制御に向けたVAR-LiNGAMによる因果解析,2025,日本応用数理学会
松本 剛,京都大学,,,,2次元非圧縮キャビティ流れに対する流線トポロジー解析,2024,日本応用数理学会
松本 剛,京都大学,,,,2次元非圧縮キャビティ流れに対する流線トポロジー解析,2024,日本応用数理学会
松本 剛,京都大学大学院理学研究科,,,,カオスの流れのトポロジカルダイナミクスモデリング,2025,日本応用数理学会
松本 剛,京都大学大学院理学研究科,,,,カオスの流れのトポロジカルダイナミクスモデリング,2025,日本応用数理学会
松本 剛,京都大学,,,,流線トポロジカルデータ解析による二次元乱流データの判別,2025,日本応用数理学会
松本 剛,京都大学,,,,流線トポロジカルデータ解析による二次元乱流データの判別,2025,日本応用数理学会
松本 壮平,国立研究開発法人産業技術総合研究所,,,,自励発振させたマイクロカンチレバーの実験的な非線形特性の制御,2022,日本応用数理学会
松本 壮平,国立研究開発法人産業技術総合研究所,,,,自励発振させたマイクロカンチレバーの実験的な非線形特性の制御,2022,日本応用数理学会
松本 敏郎,名古屋大学,,,,FreeFEMを用いたレベルセット法に基づくトポロジー最適化,2024,日本応用数理学会
松本 敏郎,名古屋大学,,,,FreeFEMを用いたレベルセット法に基づくトポロジー最適化,2024,日本応用数理学会
松葉 達也,東京工業大学,,,,ゲーリッツ不変量による結び目データ解析,2024,日本応用数理学会
松葉 達也,東京工業大学,,,,ゲーリッツ不変量による結び目データ解析,2024,日本応用数理学会
上岡 修平,京都大学大学院情報学研究科,,,,Askey-Wilson多項式から導かれる一般化hook-content公式,2021,日本応用数理学会
上岡 修平,京都大学大学院情報学研究科,,,,Askey-Wilson多項式から導かれる一般化hook-content公式,2021,日本応用数理学会
上岡 修平,大阪成蹊大学,,,,データ駆動型の偏微分方程式の推定~可積分系を用いた実験,2024,日本応用数理学会
上岡 修平,大阪成蹊大学,,,,データ駆動型の偏微分方程式の推定~可積分系を用いた実験,2024,日本応用数理学会
上岡 修平,大阪成蹊大学,,,,パフィアンの恒等式を用いた対称平面分割の解析,2025,日本応用数理学会
上岡 修平,大阪成蹊大学,,,,パフィアンの恒等式を用いた対称平面分割の解析,2025,日本応用数理学会
上岡 修平,京都大学,,,,離散戸田方程式のソリトン解から得られるタイリングのよい分配関数,2021,日本応用数理学会
上岡 修平,京都大学,,,,離散戸田方程式のソリトン解から得られるタイリングのよい分配関数,2021,日本応用数理学会
上原 恵理香,京都大学大学院情報学研究科,,,,一般化ブール変換により生成されるランダムウォークを利用したリーマン予想の確率的検証,2025,日本応用数理学会
上原 恵理香,京都大学大学院情報学研究科,,,,一般化ブール変換により生成されるランダムウォークを利用したリーマン予想の確率的検証,2025,日本応用数理学会
上原 恵理香,お茶の水女子大学,,,,高分子のファントムネットワークにおける架橋鎖揺らぎの普遍性と弾性率の微視的厳密解,2022,日本応用数理学会
上原 恵理香,お茶の水女子大学,,,,高分子のファントムネットワークにおける架橋鎖揺らぎの普遍性と弾性率の微視的厳密解,2022,日本応用数理学会
上原 聡,北九州市立大学,,,,整数化した4次元Lorenz-Stenflo方程式の出力値系列に関する乱数性の調査,2025,日本応用数理学会
上原 聡,北九州市立大学,,,,整数化した4次元Lorenz-Stenflo方程式の出力値系列に関する乱数性の調査,2025,日本応用数理学会
上原 聡,北九州市立大学,,,,整数化した4次元Lorenz-Stenflo方程式を用いた擬似乱数ビット列共有手法における同期に関する一考察,2025,日本応用数理学会
上原 聡,北九州市立大学,,,,整数化した4次元Lorenz-Stenflo方程式を用いた擬似乱数ビット列共有手法における同期に関する一考察,2025,日本応用数理学会
上原 聡,北九州市立大学,,,,楕円曲線上のMe演算によって生成される2値系列の統計的乱数性,2025,日本応用数理学会
上原 聡,北九州市立大学,,,,楕円曲線上のMe演算によって生成される2値系列の統計的乱数性,2025,日本応用数理学会
上原 隆平,北陸先端科学技術大学院大学,,,,Logical Matrix Representations in Map Folding,2021,日本応用数理学会
上原 隆平,北陸先端科学技術大学院大学,,,,Logical Matrix Representations in Map Folding,2021,日本応用数理学会
上原 隆平,北陸先端科学技術大学院大学,,,,一次元折り紙の計算複雑性とその電子署名方式への応用,2022,日本応用数理学会
上原 隆平,北陸先端科学技術大学院大学,,,,一次元折り紙の計算複雑性とその電子署名方式への応用,2022,日本応用数理学会
上原 隆平,北陸先端科学技術大学院大学,,,,細胞折紙と計算折紙による細胞の立体構造の最適化,2022,日本応用数理学会
上原 隆平,北陸先端科学技術大学院大学,,,,細胞折紙と計算折紙による細胞の立体構造の最適化,2022,日本応用数理学会
上原 隆平,北陸先端科学技術大学院大学,,,,多面体の共通展開図の非存在性,2022,日本応用数理学会
上原 隆平,北陸先端科学技術大学院大学,,,,多面体の共通展開図の非存在性,2022,日本応用数理学会
上坂 正晃,Arithmer株式会社,,,,Kobayashi-Warren-Carter汎関数の精密特異極限とその勾配流の挙動について,2022,日本応用数理学会
上坂 正晃,Arithmer株式会社,,,,Kobayashi-Warren-Carter汎関数の精密特異極限とその勾配流の挙動について,2022,日本応用数理学会
上田 好寛,神戸大学,,,,時間遅れをもつ粘性Burgers方程式の解の性質について,2021,日本応用数理学会
上田 好寛,神戸大学,,,,時間遅れをもつ粘性Burgers方程式の解の性質について,2021,日本応用数理学会
上田 修功,理化学研究所,,,,Physics-informed深層学習による地震時地殻変動解析,2024,日本応用数理学会
上田 修功,理化学研究所,,,,Physics-informed深層学習による地震時地殻変動解析,2024,日本応用数理学会
上田 修功,理化学研究所革新知能統合研究センター,,,,転位の形状不変性と物理深層学習を用いた地殻変動観測からの地震断層推定,2025,日本応用数理学会
上田 修功,理化学研究所革新知能統合研究センター,,,,転位の形状不変性と物理深層学習を用いた地殻変動観測からの地震断層推定,2025,日本応用数理学会
上田 祐暉,北海道大学,,,,9-コンパートメントグルコース・インスリン体循環数理モデルのパラメータ推定及び関連する医学的知見の考察,2024,日本応用数理学会
上田 祐暉,北海道大学,,,,9-コンパートメントグルコース・インスリン体循環数理モデルのパラメータ推定及び関連する医学的知見の考察,2024,日本応用数理学会
上田 祐暉,北海道大学電子科学研究所,,,,９-コンパートメントグルコース・インスリン体循環数理モデルを用いた時系列マウスデータ解析,2024,日本応用数理学会
上田 祐暉,北海道大学電子科学研究所,,,,９-コンパートメントグルコース・インスリン体循環数理モデルを用いた時系列マウスデータ解析,2024,日本応用数理学会
上野 嘉夫,京都薬科大学,,,,量子統計多様体の余接バンドルを相空間とする3種の測地線の表現と求積性,2025,日本応用数理学会
上野 嘉夫,京都薬科大学,,,,量子統計多様体の余接バンドルを相空間とする3種の測地線の表現と求積性,2025,日本応用数理学会
上林 恵太,長岡技術科学大学,,,,粒子成長の再現シミュレーションを目的としたフェーズフィールド解析における化学的駆動力の同定解析,2025,日本応用数理学会
上林 恵太,長岡技術科学大学,,,,粒子成長の再現シミュレーションを目的としたフェーズフィールド解析における化学的駆動力の同定解析,2025,日本応用数理学会
植村 芳樹,椿岸神社,,,,可能性理論によるアナログ波動方程式簡略型解法の提案,2024,日本応用数理学会
植村 芳樹,椿岸神社,,,,可能性理論によるアナログ波動方程式簡略型解法の提案,2024,日本応用数理学会
植村 芳樹,椿岸神社,,,,事後識別不能状態と事前無差別状態を伴う可能性マルコフ連鎖,2024,日本応用数理学会
植村 芳樹,椿岸神社,,,,事後識別不能状態と事前無差別状態を伴う可能性マルコフ連鎖,2024,日本応用数理学会
植田 彩加,龍谷大学,,,,正五角形二面体の最遠点写像,2025,日本応用数理学会
植田 彩加,龍谷大学,,,,正五角形二面体の最遠点写像,2025,日本応用数理学会
織田 遥向,東京大学,,,,TDAに基づく胚細胞膜画像のセグメンテーションおよびトラッキング技術,2024,日本応用数理学会
織田 遥向,東京大学,,,,TDAに基づく胚細胞膜画像のセグメンテーションおよびトラッキング技術,2024,日本応用数理学会
織田 遥向,東京大学,,,,パーシステントホモロジーによる枝構造解析ツール,2025,日本応用数理学会
織田 遥向,東京大学,,,,パーシステントホモロジーによる枝構造解析ツール,2025,日本応用数理学会
織田 遥向,東京大学,,,,画像解析ツールとしてのTDA,2024,日本応用数理学会
織田 遥向,東京大学,,,,画像解析ツールとしてのTDA,2024,日本応用数理学会
織田 遥向,東京大学,,,,周期境界パーシステントホモロジーと時系列データ物体検出,2024,日本応用数理学会
織田 遥向,東京大学,,,,周期境界パーシステントホモロジーと時系列データ物体検出,2024,日本応用数理学会
新庄 雅斗,同志社大学　理工学部,,,,拡張q-戸田方程式の固有値計算への応用,2021,日本応用数理学会
新庄 雅斗,同志社大学　理工学部,,,,拡張q-戸田方程式の固有値計算への応用,2021,日本応用数理学会
新庄 雅斗,大阪成蹊大学,,,,分散共分散行列の逆行列の対角成分の逆数の高精度計算から拡張版 Lotka-Volterra 方程式へ,2025,日本応用数理学会
新庄 雅斗,大阪成蹊大学,,,,分散共分散行列の逆行列の対角成分の逆数の高精度計算から拡張版 Lotka-Volterra 方程式へ,2025,日本応用数理学会
新川 恵理子,東北大学 材料科学高等研究所,,,,Geometry of anisotropic double crystals,2021,日本応用数理学会
新川 恵理子,東北大学 材料科学高等研究所,,,,Geometry of anisotropic double crystals,2021,日本応用数理学会
新川 恵理子,東北大学,,,,Theoretical and Simulation-Based Evaluation of Topological Approaches for Mixing Process Optimization,2025,日本応用数理学会
新川 恵理子,東北大学,,,,Theoretical and Simulation-Based Evaluation of Topological Approaches for Mixing Process Optimization,2025,日本応用数理学会
新谷 誠,静岡大学,,,,RAIDのための完全グラフの辺順序,2025,日本応用数理学会
新谷 誠,静岡大学,,,,RAIDのための完全グラフの辺順序,2025,日本応用数理学会
新田 光輝,電気通信大学,,,,複素自励系の時間大域解に関する精度保証について,2021,日本応用数理学会
新田 光輝,電気通信大学,,,,複素自励系の時間大域解に関する精度保証について,2021,日本応用数理学会
新田 光輝,電気通信大学,,,,保存量を持つ常微分方程式系の精度保証付き計算について,2022,日本応用数理学会
新田 光輝,電気通信大学,,,,保存量を持つ常微分方程式系の精度保証付き計算について,2022,日本応用数理学会
新田 宗土,慶應義塾大学,,,,磁壁に閉じ込められたスキルミオン格子,2024,日本応用数理学会
新田 宗土,慶應義塾大学,,,,磁壁に閉じ込められたスキルミオン格子,2024,日本応用数理学会
新田 宗土,慶應義塾大学,,,,有限巡回群の対称性を有するゴールドストーン模型と有限要素法を用いた基底状態探索アプローチ,2025,日本応用数理学会
新田 宗土,慶應義塾大学,,,,有限巡回群の対称性を有するゴールドストーン模型と有限要素法を用いた基底状態探索アプローチ,2025,日本応用数理学会
新納 和樹,京都大学,,,,Characteristic Basis Function MethodとCalderonの前処理を用いた誘電体の散乱解析に関する一考察,2022,日本応用数理学会
新納 和樹,京都大学,,,,Characteristic Basis Function MethodとCalderonの前処理を用いた誘電体の散乱解析に関する一考察,2022,日本応用数理学会
新納 和樹,京都大学,,,,Maxwell方程式に対する選点法を用いたisogeometric境界要素法における斜交メッシュ上でのCalderonの前処理に関する一考察,2021,日本応用数理学会
新納 和樹,京都大学,,,,Maxwell方程式に対する選点法を用いたisogeometric境界要素法における斜交メッシュ上でのCalderonの前処理に関する一考察,2021,日本応用数理学会
森 竜樹,武蔵野大学,,,,1次元フェーズフィールドモデルの空間非対称な定常解に対応する固有値と固有関数,2025,日本応用数理学会
森 竜樹,武蔵野大学,,,,1次元フェーズフィールドモデルの空間非対称な定常解に対応する固有値と固有関数,2025,日本応用数理学会
森 竜樹,武蔵野大学,,,,1次元フェーズフィールドモデルの定常解の数値的安定性,2024,日本応用数理学会
森 竜樹,武蔵野大学,,,,1次元フェーズフィールドモデルの定常解の数値的安定性,2024,日本応用数理学会
森 竜樹,武蔵野大学,,,,非局所項をもつ反応拡散方程式の２次分岐について,2025,日本応用数理学会
森 竜樹,武蔵野大学,,,,非局所項をもつ反応拡散方程式の２次分岐について,2025,日本応用数理学会
森岡 悠,愛媛大学理工学研究科,,,,格子上のシュレーディンガー作用素と逆問題,2022,日本応用数理学会
森岡 悠,愛媛大学理工学研究科,,,,格子上のシュレーディンガー作用素と逆問題,2022,日本応用数理学会
森岡 悠,愛媛大学,,,,波動方程式の逆散乱による超音波物質同定問題の基礎研究,2024,日本応用数理学会
森岡 悠,愛媛大学,,,,波動方程式の逆散乱による超音波物質同定問題の基礎研究,2024,日本応用数理学会
森下 敬悟,東北大学大学院理学研究科数学専攻,,,,複素準周期性をもつヘルムホルツ方程式に対する数理解析基盤の構築,2025,日本応用数理学会
森下 敬悟,東北大学大学院理学研究科数学専攻,,,,複素準周期性をもつヘルムホルツ方程式に対する数理解析基盤の構築,2025,日本応用数理学会
森下 誠,名古屋大学,,,,疑似量子アニーリングにおける自動チューニングの適用,2024,日本応用数理学会
森下 誠,名古屋大学,,,,疑似量子アニーリングにおける自動チューニングの適用,2024,日本応用数理学会
森戸 春彦（東北大学金属材料研究所（東北大金研））,,,,,結晶構造シミュレータの開発について,2021,日本応用数理学会
森戸 春彦（東北大学金属材料研究所（東北大金研））,,,,,結晶構造シミュレータの開発について,2021,日本応用数理学会
森川 健太郎,京都大学工学研究科マイクロエンジニアリング専攻,,,,Feedback Vertex Setと振動領域を利用したBoolean Networkの低次元化手法,2022,日本応用数理学会
森川 健太郎,京都大学工学研究科マイクロエンジニアリング専攻,,,,Feedback Vertex Setと振動領域を利用したBoolean Networkの低次元化手法,2022,日本応用数理学会
森川 治,海上保安大学校,,,,カオス超越性を用いたレーザーカオスによるTHｚ波の出力,2025,日本応用数理学会
森川 治,海上保安大学校,,,,カオス超越性を用いたレーザーカオスによるTHｚ波の出力,2025,日本応用数理学会
森川 治,海保⼤,,,,レーザーカオスにおけるのモードの同時性,2021,日本応用数理学会
森川 治,海保⼤,,,,レーザーカオスにおけるのモードの同時性,2021,日本応用数理学会
森川 治,海上保安大学校,,,,光ビートの効率解析によるレーザーカオスにおけるモードの同時性の証明,2022,日本応用数理学会
森川 治,海上保安大学校,,,,光ビートの効率解析によるレーザーカオスにおけるモードの同時性の証明,2022,日本応用数理学会
森泉 寿士,東京大学医科学研究所,,,,放射線と抗がん剤併用医療の多細胞応答数理シミュレーション,2024,日本応用数理学会
森泉 寿士,東京大学医科学研究所,,,,放射線と抗がん剤併用医療の多細胞応答数理シミュレーション,2024,日本応用数理学会
森田 英俊,四天王寺大学,,,,ハイブリッド力学系における新しい分岐：ヒトの歩行・走行モデルの一般化,2024,日本応用数理学会
森田 英俊,四天王寺大学,,,,ハイブリッド力学系における新しい分岐：ヒトの歩行・走行モデルの一般化,2024,日本応用数理学会
森田 善久,龍谷大学,,,,メトリックグラフ上の反応拡散方程式のフロント定在波の存在と安定性,2021,日本応用数理学会
森田 善久,龍谷大学,,,,メトリックグラフ上の反応拡散方程式のフロント定在波の存在と安定性,2021,日本応用数理学会
森田 善久,龍谷大学 先端理工学部,,,,星状グラフの分岐点における2種競争拡散系のフロント解の通過・停止,2021,日本応用数理学会
森田 善久,龍谷大学 先端理工学部,,,,星状グラフの分岐点における2種競争拡散系のフロント解の通過・停止,2021,日本応用数理学会
森田 直樹,筑波大学,,,,一体型二層流れ解析における Krylov 部分空間法に基づく並列線形ソルバの breakdown 抑制,2025,日本応用数理学会
森田 直樹,筑波大学,,,,一体型二層流れ解析における Krylov 部分空間法に基づく並列線形ソルバの breakdown 抑制,2025,日本応用数理学会
森田 梨津子,大阪大学,,,,2次元シートから3次元円筒構造へ至る皮膚付属器の形態形成を再現する数理モデル,2025,日本応用数理学会
森田 梨津子,大阪大学,,,,2次元シートから3次元円筒構造へ至る皮膚付属器の形態形成を再現する数理モデル,2025,日本応用数理学会
森田 梨津子,大阪大学,,,,細胞周期と細胞外環境を制御する数値シミュレーションに基づく毛包形態形成の再現,2024,日本応用数理学会
森田 梨津子,大阪大学,,,,細胞周期と細胞外環境を制御する数値シミュレーションに基づく毛包形態形成の再現,2024,日本応用数理学会
森藤 紳哉,奈良女子大学,,,,パンディ--ウパディヤイのウェーブレット変換と関数の超局所的特異性について,2024,日本応用数理学会
森藤 紳哉,奈良女子大学,,,,パンディ--ウパディヤイのウェーブレット変換と関数の超局所的特異性について,2024,日本応用数理学会
森野 佳生,九州大学,東京大学,,,電力系統における潮流方程式を用いた動的頑健性の評価,2025,日本応用数理学会
森野 佳生,九州大学,東京大学,,,電力系統における潮流方程式を用いた動的頑健性の評価,2025,日本応用数理学会
森澤 亮司,芝浦工業大学大学院理工学研究科,,,,一次多項式で表現される保存量をもつ多値セルオートマトン,2024,日本応用数理学会
森澤 亮司,芝浦工業大学大学院理工学研究科,,,,一次多項式で表現される保存量をもつ多値セルオートマトン,2024,日本応用数理学会
深川 宏樹,DeepFlow株式会社,,,,シミュレーションにおける局所性と並列性の離散微分形式による実現,2021,日本応用数理学会
深川 宏樹,DeepFlow株式会社,,,,シミュレーションにおける局所性と並列性の離散微分形式による実現,2021,日本応用数理学会
深川 宏樹,DeepFlow株式会社,,,,非ホロノミック拘束を受ける連続体の微分形式による運動の定式化,2021,日本応用数理学会
深川 宏樹,DeepFlow株式会社,,,,非ホロノミック拘束を受ける連続体の微分形式による運動の定式化,2021,日本応用数理学会
深谷 猛,北海道大学,JST さきがけ,,,GMRES(m)法に対する低精度演算・データの積極的導入の可能性に関する検証,2021,日本応用数理学会
深谷 猛,北海道大学,JST さきがけ,,,GMRES(m)法に対する低精度演算・データの積極的導入の可能性に関する検証,2021,日本応用数理学会
深谷 猛,北海道大学,,,,GPUに適した近似逆行列前処理の簡略化手法,2021,日本応用数理学会
深谷 猛,北海道大学,,,,GPUに適した近似逆行列前処理の簡略化手法,2021,日本応用数理学会
深谷 猛,北海道大学,,,,ICCG法における反復回数と前処理後の係数行列の固有値分布の関係性,2024,日本応用数理学会
深谷 猛,北海道大学,,,,ICCG法における反復回数と前処理後の係数行列の固有値分布の関係性,2024,日本応用数理学会
深谷 猛,北海道大学,,,,ブロック構造に基づくフィルイン制御を用いたSIMD演算に適したILU分解前処理手法,2022,日本応用数理学会
深谷 猛,北海道大学,,,,ブロック構造に基づくフィルイン制御を用いたSIMD演算に適したILU分解前処理手法,2022,日本応用数理学会
深谷 猛,北大,,,,ベイズ推定による超並列計算の性能予測,2021,日本応用数理学会
深谷 猛,北大,,,,ベイズ推定による超並列計算の性能予測,2021,日本応用数理学会
深谷 猛,北海道大学,,,,誤差ベクトルサンプリングに基づく非対称行列向けSubspace Correction前処理法による複数連立一次方程式の求解高速化,2024,日本応用数理学会
深谷 猛,北海道大学,,,,誤差ベクトルサンプリングに基づく非対称行列向けSubspace Correction前処理法による複数連立一次方程式の求解高速化,2024,日本応用数理学会
深谷 猛,北海道大学,,,,縦長行列のQR分解に対する様々なアルゴリズムの性能評価,2024,日本応用数理学会
深谷 猛,北海道大学,,,,縦長行列のQR分解に対する様々なアルゴリズムの性能評価,2024,日本応用数理学会
深谷 猛,北海道大学,,,,縦長行列の列ピボット付きQR分解に対するコレスキーQR型アルゴリズムの実装方法改良の検討,2025,日本応用数理学会
深谷 猛,北海道大学,,,,縦長行列の列ピボット付きQR分解に対するコレスキーQR型アルゴリズムの実装方法改良の検討,2025,日本応用数理学会
深澤 正彰,大阪大学,,,,Rough SABR Forward Market Modelの下でのスワップションプライシング,2025,日本応用数理学会
深澤 正彰,大阪大学,,,,Rough SABR Forward Market Modelの下でのスワップションプライシング,2025,日本応用数理学会
深澤 正彰,大阪大学,,,,安定指数が2に収束するときのGeneralized Tempered Stable 過程の極限分布およびファイナンスへの応用,2025,日本応用数理学会
深澤 正彰,大阪大学,,,,安定指数が2に収束するときのGeneralized Tempered Stable 過程の極限分布およびファイナンスへの応用,2025,日本応用数理学会
真田 将英,株式会社　アースライズカンパニー,,,,水底地形の作成に関する計測とデータ解析手法および解析結果についての考察,2021,日本応用数理学会
真田 将英,株式会社　アースライズカンパニー,,,,水底地形の作成に関する計測とデータ解析手法および解析結果についての考察,2021,日本応用数理学会
真田 将英,株式会社　アースライズカンパニー,,,,船体の運動にともなう測位ー測深誤差の補正手法に関する考察,2022,日本応用数理学会
真田 将英,株式会社　アースライズカンパニー,,,,船体の運動にともなう測位ー測深誤差の補正手法に関する考察,2022,日本応用数理学会
真尾 朋行,東芝情報システム株式会社,,,,心拍変動における加齢に伴うカオス尺度の変化,2025,日本応用数理学会
真尾 朋行,東芝情報システム株式会社,,,,心拍変動における加齢に伴うカオス尺度の変化,2025,日本応用数理学会
真尾 朋行,京都大学大学院情報学研究科,東芝情報システム株式会社,,,測度補正による修正カオス尺度について,2022,日本応用数理学会
真尾 朋行,京都大学大学院情報学研究科,東芝情報システム株式会社,,,測度補正による修正カオス尺度について,2022,日本応用数理学会
真尾 朋行,京都大学大学院情報学研究科,東芝情報システム株式会社,,,非対象テント写像におけるカオス尺度の極限値の解析,2022,日本応用数理学会
真尾 朋行,京都大学大学院情報学研究科,東芝情報システム株式会社,,,非対象テント写像におけるカオス尺度の極限値の解析,2022,日本応用数理学会
真尾 朋行,東芝情報システム株式会社,,,,有限分割のKolmogorov-Sinaiエントロピーとカオス尺度,2025,日本応用数理学会
真尾 朋行,東芝情報システム株式会社,,,,有限分割のKolmogorov-Sinaiエントロピーとカオス尺度,2025,日本応用数理学会
神原 玲花,立命館大学,,,,PDF法によるボラティリティ推定,2025,日本応用数理学会
神原 玲花,立命館大学,,,,PDF法によるボラティリティ推定,2025,日本応用数理学会
神戸 祐太,三菱電機株式会社,,,,構成的Deuring対応の計算可能性について,2022,日本応用数理学会
神戸 祐太,三菱電機株式会社,,,,構成的Deuring対応の計算可能性について,2022,日本応用数理学会
神戸 祐太,三菱電機株式会社,,,,ρ法による超特異同種写像グラフにおけるサイクル探索,2022,日本応用数理学会
神戸 祐太,三菱電機株式会社,,,,ρ法による超特異同種写像グラフにおけるサイクル探索,2022,日本応用数理学会
神谷 海登,信州大学,,,,ProVerifによるBGPセキュリティ機構の形式的安全性検証,2025,日本応用数理学会
神谷 海登,信州大学,,,,ProVerifによるBGPセキュリティ機構の形式的安全性検証,2025,日本応用数理学会
神谷 賢一,滋賀医科大学,,,,冠動脈バイパス術の血流解析における循環モデルの有効性の検証,2024,日本応用数理学会
神谷 賢一,滋賀医科大学,,,,冠動脈バイパス術の血流解析における循環モデルの有効性の検証,2024,日本応用数理学会
神谷 淳,山形大学大学院理工学研究科,,,,EFG型鞍点問題に対する改良型変数低減法の収束特性,2021,日本応用数理学会
神谷 淳,山形大学大学院理工学研究科,,,,EFG型鞍点問題に対する改良型変数低減法の収束特性,2021,日本応用数理学会
神谷 淳,山形大学,,,,可変的前処理付きKrylov部分空間解法と変数低減法の並列化効率,2024,日本応用数理学会
神谷 淳,山形大学,,,,可変的前処理付きKrylov部分空間解法と変数低減法の並列化効率,2024,日本応用数理学会
神谷 淳,山形大学,,,,超伝導リニア加速システムのFEMシミュレーション：電磁石電流がペレット速度に及ぼす影響,2022,日本応用数理学会
神谷 淳,山形大学,,,,超伝導リニア加速システムのFEMシミュレーション：電磁石電流がペレット速度に及ぼす影響,2022,日本応用数理学会
神谷 淳,山形大学,,,,超伝導リニア加速システムの数値シミュレーション：電磁石の形状最適化,2021,日本応用数理学会
神谷 淳,山形大学,,,,超伝導リニア加速システムの数値シミュレーション：電磁石の形状最適化,2021,日本応用数理学会
神谷 淳,山形大学,,,,超伝導リニア加速システムの電磁石形状最適化,2024,日本応用数理学会
神谷 淳,山形大学,,,,超伝導リニア加速システムの電磁石形状最適化,2024,日本応用数理学会
神谷 淳,山形大学,,,,非対称EFG型鞍点問題に対する高性能ソルバーの一般化,2024,日本応用数理学会
神谷 淳,山形大学,,,,非対称EFG型鞍点問題に対する高性能ソルバーの一般化,2024,日本応用数理学会
神谷 淳,山形大学大学院理工学研究科,,,,非対称EFG型鞍点問題への改良型変数低減法の拡張,2022,日本応用数理学会
神谷 淳,山形大学大学院理工学研究科,,,,非対称EFG型鞍点問題への改良型変数低減法の拡張,2022,日本応用数理学会
神谷 創一朗,大阪大学,,,,粒子フィルタにおける繰り返しリサンプリングを用いた粒子選抜手法の検討,2025,日本応用数理学会
神谷 創一朗,大阪大学,,,,粒子フィルタにおける繰り返しリサンプリングを用いた粒子選抜手法の検討,2025,日本応用数理学会
神保 秀一,北海道大学,,,,メトリックグラフ上の反応拡散方程式のフロント定在波の存在と安定性,2021,日本応用数理学会
神保 秀一,北海道大学,,,,メトリックグラフ上の反応拡散方程式のフロント定在波の存在と安定性,2021,日本応用数理学会
神保 秀一,北海道大学,,,,極端なアスペクト比を伴う断面をもつ細い弾性体に関する固有値問題,2022,日本応用数理学会
神保 秀一,北海道大学,,,,極端なアスペクト比を伴う断面をもつ細い弾性体に関する固有値問題,2022,日本応用数理学会
神保 秀司,岡山大学,,,,水底地形の作成に関する計測とデータ解析手法および解析結果についての考察,2021,日本応用数理学会
神保 秀司,岡山大学,,,,水底地形の作成に関する計測とデータ解析手法および解析結果についての考察,2021,日本応用数理学会
神保 秀司,岡山大学客員研究員,,,,船体の運動にともなう測位ー測深誤差の補正手法に関する考察,2022,日本応用数理学会
神保 秀司,岡山大学客員研究員,,,,船体の運動にともなう測位ー測深誤差の補正手法に関する考察,2022,日本応用数理学会
神野 拓哉,富山大学,,,,Littlewood-Paley分解の数学理論に立脚したリザバーコンピューティングの実装,2024,日本応用数理学会
神野 拓哉,富山大学,,,,Littlewood-Paley分解の数学理論に立脚したリザバーコンピューティングの実装,2024,日本応用数理学会
神﨑 啓志,九州工業大学,,,,整数化した4次元Lorenz-Stenflo方程式の出力値系列に関する乱数性の調査,2025,日本応用数理学会
神﨑 啓志,九州工業大学,,,,整数化した4次元Lorenz-Stenflo方程式の出力値系列に関する乱数性の調査,2025,日本応用数理学会
須志田 隆道,福知山公立大学,,,,3次元格子のボロノイ多面体,2025,日本応用数理学会
須志田 隆道,福知山公立大学,,,,3次元格子のボロノイ多面体,2025,日本応用数理学会
須志田 隆道,サレジオ工業高等専門学校情報工学科,,,,フェーズフィールド法による三次元細胞運動モデルと集団回転運動の数値シミュレーション,2022,日本応用数理学会
須志田 隆道,サレジオ工業高等専門学校情報工学科,,,,フェーズフィールド法による三次元細胞運動モデルと集団回転運動の数値シミュレーション,2022,日本応用数理学会
須田 沙織,京都大学,,,,Marangoni効果により駆動される液滴の運動の常微分方程式系による記述,2021,日本応用数理学会
須田 沙織,京都大学,,,,Marangoni効果により駆動される液滴の運動の常微分方程式系による記述,2021,日本応用数理学会
須田 智晴,慶應義塾大学,,,,Marangoni効果により駆動される液滴の運動の常微分方程式系による記述,2021,日本応用数理学会
須田 智晴,慶應義塾大学,,,,Marangoni効果により駆動される液滴の運動の常微分方程式系による記述,2021,日本応用数理学会
須田 智晴,理研,東京理科大,,,化学反応ネットワークにおける速度と駆動力の関係性,2025,日本応用数理学会
須田 智晴,理研,東京理科大,,,化学反応ネットワークにおける速度と駆動力の関係性,2025,日本応用数理学会
須田 智晴,慶應義塾大学理工学部,,,,常微分方程式の公理的理論による「力学系」の記述と分類,2022,日本応用数理学会
須田 智晴,慶應義塾大学理工学部,,,,常微分方程式の公理的理論による「力学系」の記述と分類,2022,日本応用数理学会
須田 智晴,理研CSRS,,,,電極触媒の劣化速度に関する力学系モデルの構築,2024,日本応用数理学会
須田 智晴,理研CSRS,,,,電極触媒の劣化速度に関する力学系モデルの構築,2024,日本応用数理学会
須田 智晴,東京理科大学,,,,微分包含式による力学系的性質の表現について,2025,日本応用数理学会
須田 智晴,東京理科大学,,,,微分包含式による力学系的性質の表現について,2025,日本応用数理学会
須田 智晴,東京理科大学,,,,力学系と時系列データの圏について,2024,日本応用数理学会
須田 智晴,東京理科大学,,,,力学系と時系列データの圏について,2024,日本応用数理学会
須藤 海,Nature Architects 株式会社,,,,コンプライアントメカニズムの幾何非線形挙動を高精度かつ高速に予測するサロゲートモデルの提案,2022,日本応用数理学会
須藤 海,Nature Architects 株式会社,,,,コンプライアントメカニズムの幾何非線形挙動を高精度かつ高速に予測するサロゲートモデルの提案,2022,日本応用数理学会
須藤 海,東京大学,,,,剛性異方性を持つサンドイッチ材を用いた曲線折紙機構,2021,日本応用数理学会
須藤 海,東京大学,,,,剛性異方性を持つサンドイッチ材を用いた曲線折紙機構,2021,日本応用数理学会
須藤 海,東京大学,,,,折紙テセレーションを用いた曲面間の折写像設計,2022,日本応用数理学会
須藤 海,東京大学,,,,折紙テセレーションを用いた曲面間の折写像設計,2022,日本応用数理学会
垂水 竜一,大阪大学大学院基礎工学研究科,,,,Riemann-Cartan多様体による転位のモデル化と力学場の有限要素解析,2021,日本応用数理学会
垂水 竜一,大阪大学大学院基礎工学研究科,,,,Riemann-Cartan多様体による転位のモデル化と力学場の有限要素解析,2021,日本応用数理学会
水口 信,中央大学,,,,3つのHilbert空間の組における最良な射影誤差定数について,2022,日本応用数理学会
水口 信,中央大学,,,,3つのHilbert空間の組における最良な射影誤差定数について,2022,日本応用数理学会
水口 信,中央大学,,,,Gray-Scott方程式のDirichlet境界値問題における逆作用素ノルムの評価法,2025,日本応用数理学会
水口 信,中央大学,,,,Gray-Scott方程式のDirichlet境界値問題における逆作用素ノルムの評価法,2025,日本応用数理学会
水口 信,中央大学,,,,楕円型方程式と放物型方程式に対する半離散ガレルキン近似の誤差定数について,2021,日本応用数理学会
水口 信,中央大学,,,,楕円型方程式と放物型方程式に対する半離散ガレルキン近似の誤差定数について,2021,日本応用数理学会
水口 信,中央大学,,,,熱方程式のPetrov型全離散ガレルキン近似の事前誤差評価,2024,日本応用数理学会
水口 信,中央大学,,,,熱方程式のPetrov型全離散ガレルキン近似の事前誤差評価,2024,日本応用数理学会
水口 信,中央大学,,,,放物型方程式の全離散近似に対する誤差評価について,2022,日本応用数理学会
水口 信,中央大学,,,,放物型方程式の全離散近似に対する誤差評価について,2022,日本応用数理学会
水谷 圭佑,日建設計,,,,離散膜O曲面による形状・応力分布の同時生成,2022,日本応用数理学会
水谷 圭佑,日建設計,,,,離散膜O曲面による形状・応力分布の同時生成,2022,日本応用数理学会
水谷 航大,三重大学,,,,流体構造連成を考慮した粘性流れ場における流速制御のための形状設計,2024,日本応用数理学会
水谷 航大,三重大学,,,,流体構造連成を考慮した粘性流れ場における流速制御のための形状設計,2024,日本応用数理学会
水藤 寛,東北大学,,,,9-コンパートメントグルコース・インスリン体循環数理モデルのパラメータ推定及び関連する医学的知見の考察,2024,日本応用数理学会
水藤 寛,東北大学,,,,9-コンパートメントグルコース・インスリン体循環数理モデルのパラメータ推定及び関連する医学的知見の考察,2024,日本応用数理学会
水藤 寛,東北大学,,,,９-コンパートメントグルコース・インスリン体循環数理モデルを用いた時系列マウスデータ解析,2024,日本応用数理学会
水藤 寛,東北大学,,,,９-コンパートメントグルコース・インスリン体循環数理モデルを用いた時系列マウスデータ解析,2024,日本応用数理学会
水藤 寛,東北大学,,,,Theoretical and Simulation-Based Evaluation of Topological Approaches for Mixing Process Optimization,2025,日本応用数理学会
水藤 寛,東北大学,,,,Theoretical and Simulation-Based Evaluation of Topological Approaches for Mixing Process Optimization,2025,日本応用数理学会
水藤 寛,東北大学,,,,血流分布の自動調節を可能にするマルチスケール血液循環モデル,2025,日本応用数理学会
水藤 寛,東北大学,,,,血流分布の自動調節を可能にするマルチスケール血液循環モデル,2025,日本応用数理学会
水藤 寛,東北大学材料科学高等研究所,,,,大規模灌漑システムの最適制御に向けたVAR-LiNGAMによる因果解析,2025,日本応用数理学会
水藤 寛,東北大学材料科学高等研究所,,,,大規模灌漑システムの最適制御に向けたVAR-LiNGAMによる因果解析,2025,日本応用数理学会
水野 将司,日本大学理工学部,,,,空間不均一な拡散を持つ非線形Fokker-Planck方程式の自由エネルギーの長時間挙動,2024,日本応用数理学会
水野 将司,日本大学理工学部,,,,空間不均一な拡散を持つ非線形Fokker-Planck方程式の自由エネルギーの長時間挙動,2024,日本応用数理学会
水野 大樹,千葉大学,,,,熱交換および相依存駆動力を組み込んだ結晶粒界運動モデルの最適制御問題,2025,日本応用数理学会
水野 大樹,千葉大学,,,,熱交換および相依存駆動力を組み込んだ結晶粒界運動モデルの最適制御問題,2025,日本応用数理学会
水落 樹,金沢大学,,,,1次元保存則のためのラグランジュ移動メッシュ法,2024,日本応用数理学会
水落 樹,金沢大学,,,,1次元保存則のためのラグランジュ移動メッシュ法,2024,日本応用数理学会
水澤 篤彦,早稲田大学(非常勤講師),,,,絡み目の絡み目ホモトピー類の分類と判定について,2025,日本応用数理学会
水澤 篤彦,早稲田大学(非常勤講師),,,,絡み目の絡み目ホモトピー類の分類と判定について,2025,日本応用数理学会
杉原 光太,所属無し,,,,任意インデックスの正方行列の特異系とランク落ち長方行列の最小二乗問題に対するNR-SSOR右前処理RRGMRES法,2025,日本応用数理学会
杉原 光太,所属無し,,,,任意インデックスの正方行列の特異系とランク落ち長方行列の最小二乗問題に対するNR-SSOR右前処理RRGMRES法,2025,日本応用数理学会
杉原 厚吉,明治大学先端数理科学インスティテュート,,,,360度カメラ画像からのシーンのありのままの姿の復元,2022,日本応用数理学会
杉原 厚吉,明治大学先端数理科学インスティテュート,,,,360度カメラ画像からのシーンのありのままの姿の復元,2022,日本応用数理学会
杉原 厚吉,明治大学,,,,参加型不可能立体遊具の設計と実装,2025,日本応用数理学会
杉原 厚吉,明治大学,,,,参加型不可能立体遊具の設計と実装,2025,日本応用数理学会
杉原 厚吉,明治大学研究・知財戦略機構先端数理科学インスティテュート,,,,写真から真の姿を知る「ありのままディスプレイ」の提案,2021,日本応用数理学会
杉原 厚吉,明治大学研究・知財戦略機構先端数理科学インスティテュート,,,,写真から真の姿を知る「ありのままディスプレイ」の提案,2021,日本応用数理学会
杉山 航平,信州大学,,,,ProVerif を用いたPolicy-based Chameleon Hashによる修正可能なブロックチェーンの形式化,2021,日本応用数理学会
杉山 航平,信州大学,,,,ProVerif を用いたPolicy-based Chameleon Hashによる修正可能なブロックチェーンの形式化,2021,日本応用数理学会
杉山 博紀,東京大学大学院 工学系研究科 応用化学専攻,,,,細胞周期ネットワークのトポロジーにより実現される、複数チェックポイントの独立制御,2024,日本応用数理学会
杉山 博紀,東京大学大学院 工学系研究科 応用化学専攻,,,,細胞周期ネットワークのトポロジーにより実現される、複数チェックポイントの独立制御,2024,日本応用数理学会
杉山 文子,就実大学,,,,ミウラ折り扇を用いた空間・流体・時間軌跡の可視化と身体芸術的応用,2025,日本応用数理学会
杉山 文子,就実大学,,,,ミウラ折り扇を用いた空間・流体・時間軌跡の可視化と身体芸術的応用,2025,日本応用数理学会
杉山 有希子,明治大学,,,,ミウラ折り扇を用いた空間・流体・時間軌跡の可視化と身体芸術的応用,2025,日本応用数理学会
杉山 有希子,明治大学,,,,ミウラ折り扇を用いた空間・流体・時間軌跡の可視化と身体芸術的応用,2025,日本応用数理学会
杉田 恭将,一橋大学大学院経営管理研究科,,,,アメリカン・プット・オプションの最適権利行使境界の高精度数値計算,2025,日本応用数理学会
杉田 恭将,一橋大学大学院経営管理研究科,,,,アメリカン・プット・オプションの最適権利行使境界の高精度数値計算,2025,日本応用数理学会
杉田 幸亮,Wayne State University,,,,3次元Poisson方程式の境界値問題のための有限要素法におけるメッシュ分割,2025,日本応用数理学会
杉田 幸亮,Wayne State University,,,,3次元Poisson方程式の境界値問題のための有限要素法におけるメッシュ分割,2025,日本応用数理学会
菅沼 夏樹,筑波大学理工情報生命学術院,,,,複数右辺連立一次方程式に対するブロック・グローバルクリロフ混合型反復法の構築と性能評価,2022,日本応用数理学会
菅沼 夏樹,筑波大学理工情報生命学術院,,,,複数右辺連立一次方程式に対するブロック・グローバルクリロフ混合型反復法の構築と性能評価,2022,日本応用数理学会
菅野 美優,武蔵野大学,,,,常微分方程式で記述された人口動態モデルの離散化,2025,日本応用数理学会
菅野 美優,武蔵野大学,,,,常微分方程式で記述された人口動態モデルの離散化,2025,日本応用数理学会
瀬野 智也,神戸大学,,,,Darboux transformations and discretization of the mKdV equation,2021,日本応用数理学会
瀬野 智也,神戸大学,,,,Darboux transformations and discretization of the mKdV equation,2021,日本応用数理学会
勢登 遥,香川大学,,,,コンクリート構造物の非定常熱伝導解析における解析条件の検討,2025,日本応用数理学会
勢登 遥,香川大学,,,,コンクリート構造物の非定常熱伝導解析における解析条件の検討,2025,日本応用数理学会
成島 康史,慶應義塾大学,,,,Global convergence of a Newton-type proximal gradient method for multi-objective optimization with composite D.C. functions,2022,日本応用数理学会
成島 康史,慶應義塾大学,,,,Global convergence of a Newton-type proximal gradient method for multi-objective optimization with composite D.C. functions,2022,日本応用数理学会
成島 康史,慶應義塾大学,,,,L1正則化項を持つ無制約最適化問題に対するニュートン型近接勾配法の上界近似を用いた加速と切り替え規則について,2024,日本応用数理学会
成島 康史,慶應義塾大学,,,,L1正則化項を持つ無制約最適化問題に対するニュートン型近接勾配法の上界近似を用いた加速と切り替え規則について,2024,日本応用数理学会
成島 康史,慶應義塾大学理工学部,,,,L1正則化項を持つ無制約最適化問題に対する上界近似を用いたニュートン型近接勾配法,2022,日本応用数理学会
成島 康史,慶應義塾大学理工学部,,,,L1正則化項を持つ無制約最適化問題に対する上界近似を用いたニュートン型近接勾配法,2022,日本応用数理学会
成島 康史,慶應義塾大学,,,,微分不可能な正則化項を含む多目的最適化問題に対する準ニュートン型近接勾配法について,2024,日本応用数理学会
成島 康史,慶應義塾大学,,,,微分不可能な正則化項を含む多目的最適化問題に対する準ニュートン型近接勾配法について,2024,日本応用数理学会
政田 智秋,九州大学,,,,可積分離散べき函数から構成されるMichell-Prager型トラス構造,2025,日本応用数理学会
政田 智秋,九州大学,,,,可積分離散べき函数から構成されるMichell-Prager型トラス構造,2025,日本応用数理学会
星 健夫,鳥取大,,,,ベイズ推定による超並列計算の性能予測,2021,日本応用数理学会
星 健夫,鳥取大,,,,ベイズ推定による超並列計算の性能予測,2021,日本応用数理学会
星 健夫,鳥取大学,KEK,,,ポピュレーションアニーリング型モンテカルロ法における分布診断法と全反射高速陽電子回折実験への応用,2022,日本応用数理学会
星 健夫,鳥取大学,KEK,,,ポピュレーションアニーリング型モンテカルロ法における分布診断法と全反射高速陽電子回折実験への応用,2022,日本応用数理学会
星 健夫,鳥取大院工,KEK物構研低速陽電子,,,先端測定データ解析に向けた超並列モンテカルロ法計算,2021,日本応用数理学会
星 健夫,鳥取大院工,KEK物構研低速陽電子,,,先端測定データ解析に向けた超並列モンテカルロ法計算,2021,日本応用数理学会
星野 秀朋,早稲田大学大学院,,,,Einstein方程式の拘束条件の破れを抑えるような離散スキームについて,2022,日本応用数理学会
星野 秀朋,早稲田大学大学院,,,,Einstein方程式の拘束条件の破れを抑えるような離散スキームについて,2022,日本応用数理学会
星野 秀朋,早稲田大学大学院基幹理工学研究科数学応用数理専攻,,,,Einstein方程式の数値計算のための拘束条件を用いた補正の最適化,2022,日本応用数理学会
星野 秀朋,早稲田大学大学院基幹理工学研究科数学応用数理専攻,,,,Einstein方程式の数値計算のための拘束条件を用いた補正の最適化,2022,日本応用数理学会
星野 秀朋,早稲田大学大学院,,,,拘束条件の保存性に着目したEinstein方程式の数値計算法,2021,日本応用数理学会
星野 秀朋,早稲田大学大学院,,,,拘束条件の保存性に着目したEinstein方程式の数値計算法,2021,日本応用数理学会
星野 哲也,名古屋大学,,,,HPC-GENIE: LLMを利用したHPCコード自動生成プロジェクト -- 概要とケーススタディ--,2025,日本応用数理学会
星野 哲也,名古屋大学,,,,HPC-GENIE: LLMを利用したHPCコード自動生成プロジェクト -- 概要とケーススタディ--,2025,日本応用数理学会
星野 哲也,名古屋大学,,,,疑似量子アニーリングにおける自動チューニングの適用,2024,日本応用数理学会
星野 哲也,名古屋大学,,,,疑似量子アニーリングにおける自動チューニングの適用,2024,日本応用数理学会
清水 清隆,武蔵野大学工学研究科数理工学専攻,,,,一般化したファジーエレメンタリセルオートマトンによるパターン形成,2024,日本応用数理学会
清水 清隆,武蔵野大学工学研究科数理工学専攻,,,,一般化したファジーエレメンタリセルオートマトンによるパターン形成,2024,日本応用数理学会
清水 寧,立命館大学,,,,バネ玉ハミルトン力学系における遅い緩和・形態変化・分岐,2025,日本応用数理学会
清水 寧,立命館大学,,,,バネ玉ハミルトン力学系における遅い緩和・形態変化・分岐,2025,日本応用数理学会
清水 雄貴,富山大学,,,,"袖の""かたち""が制御する熱の伝播",2024,日本応用数理学会
清水 雄貴,富山大学,,,,"袖の""かたち""が制御する熱の伝播",2024,日本応用数理学会
生子 花,東京工業大学,,,,波動伝搬に対するself-consistent methodを用いた数値均質化の基礎的検討,2024,日本応用数理学会
生子 花,東京工業大学,,,,波動伝搬に対するself-consistent methodを用いた数値均質化の基礎的検討,2024,日本応用数理学会
生野 壮一郎,東京工科大学,,,,モーションデータを用いたEMDによる人型ロボットの動作学習最適化,2022,日本応用数理学会
生野 壮一郎,東京工科大学,,,,モーションデータを用いたEMDによる人型ロボットの動作学習最適化,2022,日本応用数理学会
生野 壮一郎,東京工科大学,,,,可変的前処理付きKrylov部分空間解法と変数低減法の並列化効率,2024,日本応用数理学会
生野 壮一郎,東京工科大学,,,,可変的前処理付きKrylov部分空間解法と変数低減法の並列化効率,2024,日本応用数理学会
生野 壮一郎,東京工科大学,,,,経験的モード分解を用いた電磁波伝播現象解析,2022,日本応用数理学会
生野 壮一郎,東京工科大学,,,,経験的モード分解を用いた電磁波伝播現象解析,2022,日本応用数理学会
生野 壮一郎,東京工科大学,,,,経験的モード分解を用いた東京都COVID-19新規感染者のトレンド解析,2021,日本応用数理学会
生野 壮一郎,東京工科大学,,,,経験的モード分解を用いた東京都COVID-19新規感染者のトレンド解析,2021,日本応用数理学会
生野 壮一郎,東京工科大学,,,,斜め入射における円筒導波管のモード解析,2022,日本応用数理学会
生野 壮一郎,東京工科大学,,,,斜め入射における円筒導波管のモード解析,2022,日本応用数理学会
西 慧,京都産業大学,,,,分岐構造にもとづいた局在解の運動制御について,2025,日本応用数理学会
西 慧,京都産業大学,,,,分岐構造にもとづいた局在解の運動制御について,2025,日本応用数理学会
西 康汰,九州大学大学院 マス・フォア・イノベーション連係学府,,,,空間離散的な反応拡散系に基づく真正粘菌の記憶メカニズムの数理モデリング,2025,日本応用数理学会
西 康汰,九州大学大学院 マス・フォア・イノベーション連係学府,,,,空間離散的な反応拡散系に基づく真正粘菌の記憶メカニズムの数理モデリング,2025,日本応用数理学会
西浦 廉政,北海道大学,,,,"Traveling pulses with oscillatory tails, figure-eight-like stack of isolas, and sensitive dependence on initial data in heterogeneous media",2021,日本応用数理学会
西浦 廉政,北海道大学,,,,"Traveling pulses with oscillatory tails, figure-eight-like stack of isolas, and sensitive dependence on initial data in heterogeneous media",2021,日本応用数理学会
西浦 廉政,北海道大学,,,,数理モデルがもたらす新たな世界観,2024,日本応用数理学会
西浦 廉政,北海道大学,,,,数理モデルがもたらす新たな世界観,2024,日本応用数理学会
西岡 暁,東京大学,,,,トポロジー最適化における不連続・非有界な一般化固有値関数に対する近似関数の構成,2024,日本応用数理学会
西岡 暁,東京大学,,,,トポロジー最適化における不連続・非有界な一般化固有値関数に対する近似関数の構成,2024,日本応用数理学会
西岡 暁,東京科学大学,,,,均質化法を用いたトポロジー最適化における擬凹性と大域的最適化,2025,日本応用数理学会
西岡 暁,東京科学大学,,,,均質化法を用いたトポロジー最適化における擬凹性と大域的最適化,2025,日本応用数理学会
西口 純矢,東北大学,,,,遅延系のダイナミクスと発展方程式表現,2024,日本応用数理学会
西口 純矢,東北大学,,,,遅延系のダイナミクスと発展方程式表現,2024,日本応用数理学会
西口 純矢,東北大学,,,,遅延微分方程式と定数変化法公式,2022,日本応用数理学会
西口 純矢,東北大学,,,,遅延微分方程式と定数変化法公式,2022,日本応用数理学会
西口 純矢,摂南大学理工学部 / 東北大学材料科学高等研究所,,,,定数遅れ非線形微分方程式における遅延誘導ホモクリニック分岐,2025,日本応用数理学会
西口 純矢,摂南大学理工学部 / 東北大学材料科学高等研究所,,,,定数遅れ非線形微分方程式における遅延誘導ホモクリニック分岐,2025,日本応用数理学会
西口 純矢,東北大学材料科学高等研究所 数学連携グループ,,,,平面上のある微分遅れ系の線型安定性のための臨界遅れの導出,2021,日本応用数理学会
西口 純矢,東北大学材料科学高等研究所 数学連携グループ,,,,平面上のある微分遅れ系の線型安定性のための臨界遅れの導出,2021,日本応用数理学会
西山 智也,芝浦工業大学大学院理工学研究科,,,,Kaczmarz法の超離散化とmin-plus代数におけるダイクストラ法との対応,2021,日本応用数理学会
西山 智也,芝浦工業大学大学院理工学研究科,,,,Kaczmarz法の超離散化とmin-plus代数におけるダイクストラ法との対応,2021,日本応用数理学会
西出 千晶,大阪大学,,,,周期軌道からの分岐現象のデータ駆動予測に向けたアプローチ,2024,日本応用数理学会
西出 千晶,大阪大学,,,,周期軌道からの分岐現象のデータ駆動予測に向けたアプローチ,2024,日本応用数理学会
西上 幸範,北海道大学 電子科学研究所,,,,空間離散的な反応拡散系に基づく真正粘菌の記憶メカニズムの数理モデリング,2025,日本応用数理学会
西上 幸範,北海道大学 電子科学研究所,,,,空間離散的な反応拡散系に基づく真正粘菌の記憶メカニズムの数理モデリング,2025,日本応用数理学会
西成 活裕,東京大学,,,,TASEPを用いた新しい航空機搭乗の評価,2022,日本応用数理学会
西成 活裕,東京大学,,,,TASEPを用いた新しい航空機搭乗の評価,2022,日本応用数理学会
西成 活裕,東京大学工学系研究科航空宇宙工学専攻,,,,クーロン相互作用を有する格子気体モデルにおける秩序形成と拡散特性,2025,日本応用数理学会
西成 活裕,東京大学工学系研究科航空宇宙工学専攻,,,,クーロン相互作用を有する格子気体モデルにおける秩序形成と拡散特性,2025,日本応用数理学会
西成 活裕,東京大学,,,,可積分非エルミートスピン鎖におけるBetheストリング解の崩壊,2022,日本応用数理学会
西成 活裕,東京大学,,,,可積分非エルミートスピン鎖におけるBetheストリング解の崩壊,2022,日本応用数理学会
西成 活裕,東京大学,,,,群集マネジメント理論とその社会実践,2022,日本応用数理学会
西成 活裕,東京大学,,,,群集マネジメント理論とその社会実践,2022,日本応用数理学会
西成 活裕,東京大学,,,,重力モデルによる歩行者のOD交通量予測と測定誤差の影響,2022,日本応用数理学会
西成 活裕,東京大学,,,,重力モデルによる歩行者のOD交通量予測と測定誤差の影響,2022,日本応用数理学会
西成 活裕,東京大学先端科学技術研究センター,,,,情報提供の遅れによる待ち時間の挙動の解析,2022,日本応用数理学会
西成 活裕,東京大学先端科学技術研究センター,,,,情報提供の遅れによる待ち時間の挙動の解析,2022,日本応用数理学会
西成 活裕,東京大学 先端科学技術研究センター,,,,大規模イベント会場における規制退場の最適化,2022,日本応用数理学会
西成 活裕,東京大学 先端科学技術研究センター,,,,大規模イベント会場における規制退場の最適化,2022,日本応用数理学会
西川 壮真,三菱電機,,,,自由曲面の区分可展面近似,2022,日本応用数理学会
西川 壮真,三菱電機,,,,自由曲面の区分可展面近似,2022,日本応用数理学会
西川 翔,立命館大学,,,,Ross Recovery の無限次元的拡張としての熱核法,2024,日本応用数理学会
西川 翔,立命館大学,,,,Ross Recovery の無限次元的拡張としての熱核法,2024,日本応用数理学会
西村 直志,京都大学,,,,Characteristic Basis Function MethodとCalderonの前処理を用いた誘電体の散乱解析に関する一考察,2022,日本応用数理学会
西村 直志,京都大学,,,,Characteristic Basis Function MethodとCalderonの前処理を用いた誘電体の散乱解析に関する一考察,2022,日本応用数理学会
西田 優樹,同志社大学研究開発推進機構,,,,Alternating-MethodによるMax-Plus線形方程式の解空間の近似,2021,日本応用数理学会
西田 優樹,同志社大学研究開発推進機構,,,,Alternating-MethodによるMax-Plus線形方程式の解空間の近似,2021,日本応用数理学会
西田 優樹,同志社大学,,,,Max-plus対称行列の代数的固有ベクトルの直交性,2021,日本応用数理学会
西田 優樹,同志社大学,,,,Max-plus対称行列の代数的固有ベクトルの直交性,2021,日本応用数理学会
西田 優樹,京都府立大学,,,,Supertropical代数上の行列の特異値分解に対する組合せ論的アルゴリズム,2024,日本応用数理学会
西田 優樹,京都府立大学,,,,Supertropical代数上の行列の特異値分解に対する組合せ論的アルゴリズム,2024,日本応用数理学会
西田 優樹,同志社大学研究開発推進機構,,,,アークに重みのある時間付きマークグラフのMax-plus発展方程式,2021,日本応用数理学会
西田 優樹,同志社大学研究開発推進機構,,,,アークに重みのある時間付きマークグラフのMax-plus発展方程式,2021,日本応用数理学会
西田 優樹,同志社大学研究開発推進機構,,,,加重平均型3値3近傍ファジーCAの収束性と数え上げ,2021,日本応用数理学会
西田 優樹,同志社大学研究開発推進機構,,,,加重平均型3値3近傍ファジーCAの収束性と数え上げ,2021,日本応用数理学会
西田 優樹,京都府立大学,,,,差分方程式の無限遠点におけるトロピカル線形化と安定性解析,2025,日本応用数理学会
西田 優樹,京都府立大学,,,,差分方程式の無限遠点におけるトロピカル線形化と安定性解析,2025,日本応用数理学会
西田 優樹,東京理科大学,,,,優対角なmin-plus行列の上三角化とその交通流モデルへの応用,2022,日本応用数理学会
西田 優樹,東京理科大学,,,,優対角なmin-plus行列の上三角化とその交通流モデルへの応用,2022,日本応用数理学会
西島 光洋,東京工業大学,,,,対称錐上の共正値錐および完全正値錐の面的構造,2024,日本応用数理学会
西島 光洋,東京工業大学,,,,対称錐上の共正値錐および完全正値錐の面的構造,2024,日本応用数理学会
西本 清里,東京大学,,,,弾性測地線シザーズによる曲面展開機構の設計とシミュレーション,2025,日本応用数理学会
西本 清里,東京大学,,,,弾性測地線シザーズによる曲面展開機構の設計とシミュレーション,2025,日本応用数理学会
西本 博之,大阪産業大学,,,,錯視が紐解く，スケールの観測性,2024,日本応用数理学会
西本 博之,大阪産業大学,,,,錯視が紐解く，スケールの観測性,2024,日本応用数理学会
西本 博之,大阪産業大学,,,,視空間モデル,2025,日本応用数理学会
西本 博之,大阪産業大学,,,,視空間モデル,2025,日本応用数理学会
西本 博之,大阪産業大学,,,,臨床試験でヒストリカル対照群を使用するための研究デザイン,2024,日本応用数理学会
西本 博之,大阪産業大学,,,,臨床試験でヒストリカル対照群を使用するための研究デザイン,2024,日本応用数理学会
西脇 友哉,芝浦工業大学,,,,運搬車容量付きの箱に番号が付いた箱玉系とシフト付きLR変換との対応,2022,日本応用数理学会
西脇 友哉,芝浦工業大学,,,,運搬車容量付きの箱に番号が付いた箱玉系とシフト付きLR変換との対応,2022,日本応用数理学会
西澤 郁弥,筑波大学,,,,平面上でのruling配置と折り角指定による可展面形状制御インタフェース,2022,日本応用数理学会
西澤 郁弥,筑波大学,,,,平面上でのruling配置と折り角指定による可展面形状制御インタフェース,2022,日本応用数理学会
西澤 郁弥,筑波大学,,,,法線マップ画像操作による可展面変形インタフェースの提案,2021,日本応用数理学会
西澤 郁弥,筑波大学,,,,法線マップ画像操作による可展面変形インタフェースの提案,2021,日本応用数理学会
青井 伸也,大阪大学,,,,ハイブリッド力学系における新しい分岐：ヒトの歩行・走行モデルの一般化,2024,日本応用数理学会
青井 伸也,大阪大学,,,,ハイブリッド力学系における新しい分岐：ヒトの歩行・走行モデルの一般化,2024,日本応用数理学会
青井 伸也,京都大学,,,,受動歩行における吸引領域の変化とそのメカニズム,2021,日本応用数理学会
青井 伸也,京都大学,,,,受動歩行における吸引領域の変化とそのメカニズム,2021,日本応用数理学会
青井 伸也,大阪大学,,,,受動歩行の脚質量に応じたフラクタルな吸引領域の変化,2024,日本応用数理学会
青井 伸也,大阪大学,,,,受動歩行の脚質量に応じたフラクタルな吸引領域の変化,2024,日本応用数理学会
青嶋 雄大,大阪大学大学院基礎工学研究科,,,,深層離散時間ラグランジュ力学モデル,2021,日本応用数理学会
青嶋 雄大,大阪大学大学院基礎工学研究科,,,,深層離散時間ラグランジュ力学モデル,2021,日本応用数理学会
青木 一洋,京都大学 生命科学研究科,,,,細胞周期ネットワークのトポロジーにより実現される、複数チェックポイントの独立制御,2024,日本応用数理学会
青木 一洋,京都大学 生命科学研究科,,,,細胞周期ネットワークのトポロジーにより実現される、複数チェックポイントの独立制御,2024,日本応用数理学会
青木 恒介,名古屋大学医学系研究科,,,,低悪性度脳腫瘍の悪性化を抑える最適治療法に関する数理モデル解析,2022,日本応用数理学会
青木 恒介,名古屋大学医学系研究科,,,,低悪性度脳腫瘍の悪性化を抑える最適治療法に関する数理モデル解析,2022,日本応用数理学会
青木 史也,東京理科大学大学院理学研究科応用数学専攻,,,,角度に制限を設けたときの正方形の格子三角形分割,2022,日本応用数理学会
青木 史也,東京理科大学大学院理学研究科応用数学専攻,,,,角度に制限を設けたときの正方形の格子三角形分割,2022,日本応用数理学会
青木 将太,名古屋大学大学院情報学研究科,,,,高精度行列-行列積ライブラリの実装選択パラメタの特徴量解析,2021,日本応用数理学会
青木 将太,名古屋大学大学院情報学研究科,,,,高精度行列-行列積ライブラリの実装選択パラメタの特徴量解析,2021,日本応用数理学会
青木 将太,名古屋大学大学院情報学研究科,,,,自動チューニングにおけるXAI適用の試み：精度保証数値計算ライブラリを例にして,2022,日本応用数理学会
青木 将太,名古屋大学大学院情報学研究科,,,,自動チューニングにおけるXAI適用の試み：精度保証数値計算ライブラリを例にして,2022,日本応用数理学会
青柳 智裕,東洋大学,,,,有限フレネル変換による最適直交帯域制限関数,2024,日本応用数理学会
青柳 智裕,東洋大学,,,,有限フレネル変換による最適直交帯域制限関数,2024,日本応用数理学会
青柳 智裕,東洋大学総合情報学部,,,,有限フレネル変換による直交関数系,2025,日本応用数理学会
青柳 智裕,東洋大学総合情報学部,,,,有限フレネル変換による直交関数系,2025,日本応用数理学会
斉藤 一哉,九州大学大学院芸術工学研究院,,,,ハサミムシの扇子を応用した3Dドーム構造の設計,2022,日本応用数理学会
斉藤 一哉,九州大学大学院芸術工学研究院,,,,ハサミムシの扇子を応用した3Dドーム構造の設計,2022,日本応用数理学会
斉藤 一哉,九州大学,,,,柱状生物の脱皮 -- ヘビ、イモムシ、あるいはヒトの靴下,2022,日本応用数理学会
斉藤 一哉,九州大学,,,,柱状生物の脱皮 -- ヘビ、イモムシ、あるいはヒトの靴下,2022,日本応用数理学会
斉藤 稔,広島大学・統合生命科学研究科,,,,深層学習による生物形態定量解析手法の開発,2024,日本応用数理学会
斉藤 稔,広島大学・統合生命科学研究科,,,,深層学習による生物形態定量解析手法の開発,2024,日本応用数理学会
斉藤 和広,株式会社KDDI総合研究所,,,,3値ポートフォリオ最適化問題に対するQAOAミキサーの性能比較,2025,日本応用数理学会
斉藤 和広,株式会社KDDI総合研究所,,,,3値ポートフォリオ最適化問題に対するQAOAミキサーの性能比較,2025,日本応用数理学会
斉藤 和広,株式会社KDDI総合研究所,,,,規則的なlong edgeを追加した格子模型における量子探索の探索時間の解析的な評価,2025,日本応用数理学会
斉藤 和広,株式会社KDDI総合研究所,,,,規則的なlong edgeを追加した格子模型における量子探索の探索時間の解析的な評価,2025,日本応用数理学会
斉木 吉隆,一橋大学,,,,カオス的時系列データに基づく微分方程式推定,2022,日本応用数理学会
斉木 吉隆,一橋大学,,,,カオス的時系列データに基づく微分方程式推定,2022,日本応用数理学会
斉木 吉隆,一橋大学,,,,機械学習時間発展モデルの力学系解析,2022,日本応用数理学会
斉木 吉隆,一橋大学,,,,機械学習時間発展モデルの力学系解析,2022,日本応用数理学会
石井 克幸,神戸大学,,,,Helfrich型エネルギーの勾配流に対する閾値型近似アルゴリズムについて,2024,日本応用数理学会
石井 克幸,神戸大学,,,,Helfrich型エネルギーの勾配流に対する閾値型近似アルゴリズムについて,2024,日本応用数理学会
石井 太智,香川大学大学院　工学研究科,,,,二乗誤差最小化問題の解法に関する検討,2022,日本応用数理学会
石井 太智,香川大学大学院　工学研究科,,,,二乗誤差最小化問題の解法に関する検討,2022,日本応用数理学会
石井 宙志,京都大学高等研究院 ヒト生物学高等研究拠点,,,,食道運動の数理モデルと食道運動異常症,2022,日本応用数理学会
石井 宙志,京都大学高等研究院 ヒト生物学高等研究拠点,,,,食道運動の数理モデルと食道運動異常症,2022,日本応用数理学会
石井 宙志,京都大学高等研究院 ヒト生物学高等研究拠点,,,,非局所反応拡散方程式の積分核形状に依存したパターンダイナミクスについて,2022,日本応用数理学会
石井 宙志,京都大学高等研究院 ヒト生物学高等研究拠点,,,,非局所反応拡散方程式の積分核形状に依存したパターンダイナミクスについて,2022,日本応用数理学会
石井 直樹,東京大学,,,,偏微分方程式の重度演算子分解解法について,2024,日本応用数理学会
石井 直樹,東京大学,,,,偏微分方程式の重度演算子分解解法について,2024,日本応用数理学会
石井 良夫,創価大学理工学部情報システム工学科,,,,Taylor 級数法による特異解析と佐藤超関数の応用可能性について,2024,日本応用数理学会
石井 良夫,創価大学理工学部情報システム工学科,,,,Taylor 級数法による特異解析と佐藤超関数の応用可能性について,2024,日本応用数理学会
石井 良夫,創価大学大学理工学部情報システム工学科,,,,テイラー級数法と超関数によるヒルベルト変換の考察,2024,日本応用数理学会
石井 良夫,創価大学大学理工学部情報システム工学科,,,,テイラー級数法と超関数によるヒルベルト変換の考察,2024,日本応用数理学会
石井 良夫,創価大学理工学部情報システム工学科,,,,超関数の離散的考察について,2022,日本応用数理学会
石井 良夫,創価大学理工学部情報システム工学科,,,,超関数の離散的考察について,2022,日本応用数理学会
石井 良夫,創価大学　理工学部　情報システム工学科,,,,超関数を用いた渦列及びせん断層の数理モデルについて,2021,日本応用数理学会
石井 良夫,創価大学　理工学部　情報システム工学科,,,,超関数を用いた渦列及びせん断層の数理モデルについて,2021,日本応用数理学会
石橋 尚幸,芝浦工業大学,,,,部分積分公式を用いたグリークスの計算,2022,日本応用数理学会
石橋 尚幸,芝浦工業大学,,,,部分積分公式を用いたグリークスの計算,2022,日本応用数理学会
石原 海,山口大学教育学部,,,,多相共連続構造の数学的モデルと安定化,2022,日本応用数理学会
石原 海,山口大学教育学部,,,,多相共連続構造の数学的モデルと安定化,2022,日本応用数理学会
石原 卓,岡山大学,,,,乱流中の慣性粒子の分布の位相的データ解析,2021,日本応用数理学会
石原 卓,岡山大学,,,,乱流中の慣性粒子の分布の位相的データ解析,2021,日本応用数理学会
石原 拓哉,DeepFlow株式会社,,,,シミュレーションにおける局所性と並列性の離散微分形式による実現,2021,日本応用数理学会
石原 拓哉,DeepFlow株式会社,,,,シミュレーションにおける局所性と並列性の離散微分形式による実現,2021,日本応用数理学会
石合 智貴,慶應義塾大学理工学部,,,,三次元畳み込みニューラルネットワークを用いた有限差分時間領域法による光学シミュレーションの時間発展予測,2022,日本応用数理学会
石合 智貴,慶應義塾大学理工学部,,,,三次元畳み込みニューラルネットワークを用いた有限差分時間領域法による光学シミュレーションの時間発展予測,2022,日本応用数理学会
石黒 静児,核融合科学研究所,,,,バーチャルリアリティ可視化によるプラズマ対向壁と高速トリトン粒子衝突点の解析,2021,日本応用数理学会
石黒 静児,核融合科学研究所,,,,バーチャルリアリティ可視化によるプラズマ対向壁と高速トリトン粒子衝突点の解析,2021,日本応用数理学会
石黒 裕樹,東京大学,,,,可積分非エルミートスピン鎖におけるBetheストリング解の崩壊,2022,日本応用数理学会
石黒 裕樹,東京大学,,,,可積分非エルミートスピン鎖におけるBetheストリング解の崩壊,2022,日本応用数理学会
石黒 裕樹,東京大学大学院工学系研究科航空宇宙工学専攻,,,,重力モデルによる歩行者のOD交通量予測と測定誤差の影響,2022,日本応用数理学会
石黒 裕樹,東京大学大学院工学系研究科航空宇宙工学専攻,,,,重力モデルによる歩行者のOD交通量予測と測定誤差の影響,2022,日本応用数理学会
石黒 裕樹,東京工芸大学,,,,二次元格子上の吸脱着付き非対称単純排他過程の厳密解,2024,日本応用数理学会
石黒 裕樹,東京工芸大学,,,,二次元格子上の吸脱着付き非対称単純排他過程の厳密解,2024,日本応用数理学会
石坂 宏樹,愛媛大学,,,,四面体の最大角条件と同値な幾何学的条件について,2021,日本応用数理学会
石坂 宏樹,愛媛大学,,,,四面体の最大角条件と同値な幾何学的条件について,2021,日本応用数理学会
石神 匠吾,千葉工業大学,,,,教師あり学習による精度保証付き数値積分のパラメータ選定の試み,2025,日本応用数理学会
石神 匠吾,千葉工業大学,,,,教師あり学習による精度保証付き数値積分のパラメータ選定の試み,2025,日本応用数理学会
石川 貴弘,三菱電機,,,,分散共分散行列の逆行列の対角成分の逆数の高精度計算から拡張版 Lotka-Volterra 方程式へ,2025,日本応用数理学会
石川 貴弘,三菱電機,,,,分散共分散行列の逆行列の対角成分の逆数の高精度計算から拡張版 Lotka-Volterra 方程式へ,2025,日本応用数理学会
石川 勲,愛媛大学,,,,局所解析汎函数上の押し出しの有限次元近似について,2024,日本応用数理学会
石川 勲,愛媛大学,,,,局所解析汎函数上の押し出しの有限次元近似について,2024,日本応用数理学会
石川 勲,愛媛大,,,,群畳み込みニューラルネットのリッジレット変換と群同変関数に対する普遍性,2022,日本応用数理学会
石川 勲,愛媛大,,,,群畳み込みニューラルネットのリッジレット変換と群同変関数に対する普遍性,2022,日本応用数理学会
石川 勲,愛媛大・理化学研究所,,,,積分表現ニューラルネットが定める積分方程式の一般解,2021,日本応用数理学会
石川 勲,愛媛大・理化学研究所,,,,積分表現ニューラルネットが定める積分方程式の一般解,2021,日本応用数理学会
石川 勲,愛媛大学,理化学研究所,,,同時群同変モデルの統一的かつ構成的な普遍近似定理,2024,日本応用数理学会
石川 勲,愛媛大学,理化学研究所,,,同時群同変モデルの統一的かつ構成的な普遍近似定理,2024,日本応用数理学会
石川 勲,京都大学,理化学研究所,,,半群の増大度に基づく深層学習の汎化誤差評価,2025,日本応用数理学会
石川 勲,京都大学,理化学研究所,,,半群の増大度に基づく深層学習の汎化誤差評価,2025,日本応用数理学会
石川 正,高エネルギー加速器研究機構,,,,OpenCLを用いた四倍精度行列乗算のFPGA上実装と評価,2022,日本応用数理学会
石川 正,高エネルギー加速器研究機構,,,,OpenCLを用いた四倍精度行列乗算のFPGA上実装と評価,2022,日本応用数理学会
石川 正,高エネルギー加速器研究機構,,,,パイプライン化による多倍長浮動小数点演算アプリケーションの高速化,2022,日本応用数理学会
石川 正,高エネルギー加速器研究機構,,,,パイプライン化による多倍長浮動小数点演算アプリケーションの高速化,2022,日本応用数理学会
石川 智理,横浜国立大学,,,,螺旋の濡れ形態：実験と体積保存平均曲率流による数値計算,2022,日本応用数理学会
石川 智理,横浜国立大学,,,,螺旋の濡れ形態：実験と体積保存平均曲率流による数値計算,2022,日本応用数理学会
石川 翔大,筑波大学理工情報生命学術院,,,,画像再構成問題に現れる鞍点型連立一次方程式に対するブロック構造を利用した前処理の適用とその性能評価,2021,日本応用数理学会
石川 翔大,筑波大学理工情報生命学術院,,,,画像再構成問題に現れる鞍点型連立一次方程式に対するブロック構造を利用した前処理の適用とその性能評価,2021,日本応用数理学会
石村 直之,中央大学,,,,COVID-19の感染症流行に対する保険の設計について－Cramér-Lundbergモデルの適用,2024,日本応用数理学会
石村 直之,中央大学,,,,COVID-19の感染症流行に対する保険の設計について－Cramér-Lundbergモデルの適用,2024,日本応用数理学会
石村 直之,中央大学,,,,破産確率の数値計算について,2022,日本応用数理学会
石村 直之,中央大学,,,,破産確率の数値計算について,2022,日本応用数理学会
石谷 謙介,東京都立大学,,,,バリア・オプションのGreeks計算と時間非一様なMarkov過程の効率的サンプル パス生成方法,2021,日本応用数理学会
石谷 謙介,東京都立大学,,,,バリア・オプションのGreeks計算と時間非一様なMarkov過程の効率的サンプル パス生成方法,2021,日本応用数理学会
石塚 師也,京都大学,,,,[企画講演] 地下熱水系のモデリングを対象としたPhysics-informed neural networksの学習の効率化および多種観測データの統合,2025,日本応用数理学会
石塚 師也,京都大学,,,,[企画講演] 地下熱水系のモデリングを対象としたPhysics-informed neural networksの学習の効率化および多種観測データの統合,2025,日本応用数理学会
石田 あかり,大阪大学大学院 情報科学研究科 情報基礎数学専攻,,,,Laplace方程式のCauchy問題に対する反復法の安定性評価に関する深さ依存性,2022,日本応用数理学会
石田 あかり,大阪大学大学院 情報科学研究科 情報基礎数学専攻,,,,Laplace方程式のCauchy問題に対する反復法の安定性評価に関する深さ依存性,2022,日本応用数理学会
石田 祥子,明治大学理工学部機械工学科,,,,Experimental and numerical evaluation of out-of-plane compressive properties of bio-inspired honeycomb cores,2025,日本応用数理学会
石田 祥子,明治大学理工学部機械工学科,,,,Experimental and numerical evaluation of out-of-plane compressive properties of bio-inspired honeycomb cores,2025,日本応用数理学会
石田 祥子,明治大学,,,,曲率半径を変更した円筒ハニカム構造のせん断弾性係数の評価,2021,日本応用数理学会
石田 祥子,明治大学,,,,曲率半径を変更した円筒ハニカム構造のせん断弾性係数の評価,2021,日本応用数理学会
石田 祥子,明治大学,,,,数理的アプローチによる生物模倣ハニカムコアのせん断剛性の解明,2025,日本応用数理学会
石田 祥子,明治大学,,,,数理的アプローチによる生物模倣ハニカムコアのせん断剛性の解明,2025,日本応用数理学会
石田 祥子,明治大学,,,,切頂八面体を基にした多層コアパネルの圧潰によるエネルギ吸収特性,2022,日本応用数理学会
石田 祥子,明治大学,,,,切頂八面体を基にした多層コアパネルの圧潰によるエネルギ吸収特性,2022,日本応用数理学会
石田 祥子,明治大学,,,,展開構造を用いたヘルムホルツ共鳴器のフィジビリティスタディ,2024,日本応用数理学会
石田 祥子,明治大学,,,,展開構造を用いたヘルムホルツ共鳴器のフィジビリティスタディ,2024,日本応用数理学会
石渡 恵美子,東京理科大学,,,,ネットワーク上のワクチン接種効果を考慮した2株感染症モデルの大域的漸近安定性,2024,日本応用数理学会
石渡 恵美子,東京理科大学,,,,ネットワーク上のワクチン接種効果を考慮した2株感染症モデルの大域的漸近安定性,2024,日本応用数理学会
石渡 恵美子,東京理科大学,,,,原点シフト付きロトカ・ボルテラ系に対する超離散化から得られる箱玉系の性質について,2021,日本応用数理学会
石渡 恵美子,東京理科大学,,,,原点シフト付きロトカ・ボルテラ系に対する超離散化から得られる箱玉系の性質について,2021,日本応用数理学会
石渡 恵美子,東京理科大学,,,,窓Fourier変換と2次元変換を用いた音声ノイズ除去,2025,日本応用数理学会
石渡 恵美子,東京理科大学,,,,窓Fourier変換と2次元変換を用いた音声ノイズ除去,2025,日本応用数理学会
石渡 恵美子,東京理科大学 理学部第一部,,,,中心多様体理論を用いた時間遅れ付き離散ロトカ・ヴォルテラ方程式の局所安定性解析,2025,日本応用数理学会
石渡 恵美子,東京理科大学 理学部第一部,,,,中心多様体理論を用いた時間遅れ付き離散ロトカ・ヴォルテラ方程式の局所安定性解析,2025,日本応用数理学会
石渡 恵美子,東京理科大学,,,,非対称な線形行列方程式に対するglobal GPBiCGstab(L)法の提案,2021,日本応用数理学会
石渡 恵美子,東京理科大学,,,,非対称な線形行列方程式に対するglobal GPBiCGstab(L)法の提案,2021,日本応用数理学会
石渡 恵美子,東京理科大学,,,,離散相対論的戸田方程式から導かれる交通流モデル,2021,日本応用数理学会
石渡 恵美子,東京理科大学,,,,離散相対論的戸田方程式から導かれる交通流モデル,2021,日本応用数理学会
石渡 通徳,大阪大学,,,,ODE-net の解析学的定式化について,2021,日本応用数理学会
石渡 通徳,大阪大学,,,,ODE-net の解析学的定式化について,2021,日本応用数理学会
石渡 哲哉,芝浦工業大学,,,,ReLU DNNの二値化によるモデル圧縮,2025,日本応用数理学会
石渡 哲哉,芝浦工業大学,,,,ReLU DNNの二値化によるモデル圧縮,2025,日本応用数理学会
石渡 哲哉,芝浦工業大学,,,,ある自己交差する閉曲線の曲線短縮問題における曲線の漸近挙動に関する一考察,2024,日本応用数理学会
石渡 哲哉,芝浦工業大学,,,,ある自己交差する閉曲線の曲線短縮問題における曲線の漸近挙動に関する一考察,2024,日本応用数理学会
石渡 哲哉,芝浦工業大学,,,,いくつかの遅延微分方程式の解の爆発について,2022,日本応用数理学会
石渡 哲哉,芝浦工業大学,,,,いくつかの遅延微分方程式の解の爆発について,2022,日本応用数理学会
石渡 哲哉,芝浦工業大学,,,,強化学習におけるSARSA・Q学習を組み合わせた簡便なハイブリッドアルゴリズム,2024,日本応用数理学会
石渡 哲哉,芝浦工業大学,,,,強化学習におけるSARSA・Q学習を組み合わせた簡便なハイブリッドアルゴリズム,2024,日本応用数理学会
石渡 哲哉,芝浦工大システム理工,,,,曲線短縮問題に現れる準線形放物型偏微分方程式の Type II 爆発解の振る舞いに関する一考察,2025,日本応用数理学会
石渡 哲哉,芝浦工大システム理工,,,,曲線短縮問題に現れる準線形放物型偏微分方程式の Type II 爆発解の振る舞いに関する一考察,2025,日本応用数理学会
石渡 哲哉,芝浦工業大学システム理工学部,,,,時間非整数階移流方程式に対する単調性保存スキーム,2022,日本応用数理学会
石渡 哲哉,芝浦工業大学システム理工学部,,,,時間非整数階移流方程式に対する単調性保存スキーム,2022,日本応用数理学会
石渡 哲哉,芝浦工業大学,,,,深層ニューラルネットの接続と活性化関数に関する表現能力の等価性,2022,日本応用数理学会
石渡 哲哉,芝浦工業大学,,,,深層ニューラルネットの接続と活性化関数に関する表現能力の等価性,2022,日本応用数理学会
石渡 哲哉,芝浦工業大学,,,,遅延微分方程式 $x’(t) = x(t)^2 - x(t-\tau)$ の解の爆発と零解への収束について,2024,日本応用数理学会
石渡 哲哉,芝浦工業大学,,,,遅延微分方程式 $x’(t) = x(t)^2 - x(t-\tau)$ の解の爆発と零解への収束について,2024,日本応用数理学会
石渡 哲哉,芝浦工業大学システム理工学部,,,,遅延微分方程式の爆発問題についての考察,2021,日本応用数理学会
石渡 哲哉,芝浦工業大学システム理工学部,,,,遅延微分方程式の爆発問題についての考察,2021,日本応用数理学会
石渡 哲哉,芝浦工業大学,,,,分布型遅延の解の爆発に与える影響についての考察,2025,日本応用数理学会
石渡 哲哉,芝浦工業大学,,,,分布型遅延の解の爆発に与える影響についての考察,2025,日本応用数理学会
石渡 哲哉,芝浦工業大学,,,,包除積分ニューラルネットの多層化とパーセプトロンによる構成について,2021,日本応用数理学会
石渡 哲哉,芝浦工業大学,,,,包除積分ニューラルネットの多層化とパーセプトロンによる構成について,2021,日本応用数理学会
石渡 哲哉,芝浦工業大学,,,,包除積分ネットワークモデルとtノルム・コノルム演算の関係,2021,日本応用数理学会
石渡 哲哉,芝浦工業大学,,,,包除積分ネットワークモデルとtノルム・コノルム演算の関係,2021,日本応用数理学会
石本 健太,京都大学,,,,細胞運動における流体構造連成問題の数理,2024,日本応用数理学会
石本 健太,京都大学,,,,細胞運動における流体構造連成問題の数理,2024,日本応用数理学会
赤堀 次郎,立命館大学,,,,グローヴァーの探索アルゴリズムと絶対ゼータ関数,2024,日本応用数理学会
赤堀 次郎,立命館大学,,,,グローヴァーの探索アルゴリズムと絶対ゼータ関数,2024,日本応用数理学会
赤堀 次郎,立命館大学,,,,量子ウォークのゼータ関数とその応用,2024,日本応用数理学会
赤堀 次郎,立命館大学,,,,量子ウォークのゼータ関数とその応用,2024,日本応用数理学会
赤木 剛朗,東北大学大学院理学研究科数学専攻,,,,ODE-Netの学習問題の理想化−その理論と応用に向けて,2022,日本応用数理学会
赤木 剛朗,東北大学大学院理学研究科数学専攻,,,,ODE-Netの学習問題の理想化−その理論と応用に向けて,2022,日本応用数理学会
赤木 和人,東北大学 AIMR,,,,トポロジカルデータ解析を活用した実材料の性能予測,2022,日本応用数理学会
赤木 和人,東北大学 AIMR,,,,トポロジカルデータ解析を活用した実材料の性能予測,2022,日本応用数理学会
千代延 未帆,奈良女子大学大学院,,,,主成分分析のためのOQDS法の実装方法の提案,2024,日本応用数理学会
千代延 未帆,奈良女子大学大学院,,,,主成分分析のためのOQDS法の実装方法の提案,2024,日本応用数理学会
千代延 未帆,滋賀大学,,,,特異値と片側の特異ベクトルを利用した最小二乗法による特異ベクトル計算について,2025,日本応用数理学会
千代延 未帆,滋賀大学,,,,特異値と片側の特異ベクトルを利用した最小二乗法による特異ベクトル計算について,2025,日本応用数理学会
千代延 未帆,滋賀大学,,,,分散共分散行列の逆行列の対角成分の逆数の高精度計算から拡張版 Lotka-Volterra 方程式へ,2025,日本応用数理学会
千代延 未帆,滋賀大学,,,,分散共分散行列の逆行列の対角成分の逆数の高精度計算から拡張版 Lotka-Volterra 方程式へ,2025,日本応用数理学会
川越 大輔,京都大学大学院情報学研究科,,,,2次元遷音速流問題におけるTricomi方程式の変数分離解の記述する速度場,2021,日本応用数理学会
川越 大輔,京都大学大学院情報学研究科,,,,2次元遷音速流問題におけるTricomi方程式の変数分離解の記述する速度場,2021,日本応用数理学会
川越 大輔,京都大学,,,,自然境界条件を伴う楕円型正則化による移流方程式の数値計算,2021,日本応用数理学会
川越 大輔,京都大学,,,,自然境界条件を伴う楕円型正則化による移流方程式の数値計算,2021,日本応用数理学会
川久保 哲,兵庫県立大学,,,,離散キルヒホフ弾性棒の明示公式,2021,日本応用数理学会
川久保 哲,兵庫県立大学,,,,離散キルヒホフ弾性棒の明示公式,2021,日本応用数理学会
川原 佑太,東京大学大学院情報理工学系研究科知能機械情報学専攻,,,,試行間平均によるリザバー計算の情報処理能力の拡張,2025,日本応用数理学会
川原 佑太,東京大学大学院情報理工学系研究科知能機械情報学専攻,,,,試行間平均によるリザバー計算の情報処理能力の拡張,2025,日本応用数理学会
川口 健一,東京大学,,,,薄板の曲げ変形による曲線折り紙の形状決定手法に関する基礎的研究,2021,日本応用数理学会
川口 健一,東京大学,,,,薄板の曲げ変形による曲線折り紙の形状決定手法に関する基礎的研究,2021,日本応用数理学会
川口 秀樹,室蘭工業大学,,,,斜め入射における円筒導波管のモード解析,2022,日本応用数理学会
川口 秀樹,室蘭工業大学,,,,斜め入射における円筒導波管のモード解析,2022,日本応用数理学会
川合 秀人,東京大学大学院 情報理工学系研究科,,,,Zakharov方程式の構造保存スキームの数学的解析と数値実験による比較,2022,日本応用数理学会
川合 秀人,東京大学大学院 情報理工学系研究科,,,,Zakharov方程式の構造保存スキームの数学的解析と数値実験による比較,2022,日本応用数理学会
川崎 英文,九州大学,,,,Hadamardの定理の拡張と凸解析へのその応用,2022,日本応用数理学会
川崎 英文,九州大学,,,,Hadamardの定理の拡張と凸解析へのその応用,2022,日本応用数理学会
川崎 真緒,佐賀大学,,,,制約条件付き凸計画問題の解に対する成分毎精度保証付き数値計算法,2024,日本応用数理学会
川崎 真緒,佐賀大学,,,,制約条件付き凸計画問題の解に対する成分毎精度保証付き数値計算法,2024,日本応用数理学会
川上 吉平,香川大学大学院　創発科学研究科,,,,位相最適化手法に基づく製品設計の実践と課題,2022,日本応用数理学会
川上 吉平,香川大学大学院　創発科学研究科,,,,位相最適化手法に基づく製品設計の実践と課題,2022,日本応用数理学会
川上 幸亮,株式会社サイバーメカニクス,,,,一体型二層流れ解析における Krylov 部分空間法に基づく並列線形ソルバの breakdown 抑制,2025,日本応用数理学会
川上 幸亮,株式会社サイバーメカニクス,,,,一体型二層流れ解析における Krylov 部分空間法に基づく並列線形ソルバの breakdown 抑制,2025,日本応用数理学会
川上 由紀,福井工業高等専門学校,,,,カオス超越性を用いたレーザーカオスによるTHｚ波の出力,2025,日本応用数理学会
川上 由紀,福井工業高等専門学校,,,,カオス超越性を用いたレーザーカオスによるTHｚ波の出力,2025,日本応用数理学会
川西 弘一,西日本高速道路エンジニアリング四国株式会社,,,,コンクリート構造物の非定常熱伝導解析における解析条件の検討,2025,日本応用数理学会
川西 弘一,西日本高速道路エンジニアリング四国株式会社,,,,コンクリート構造物の非定常熱伝導解析における解析条件の検討,2025,日本応用数理学会
泉田 啓,京都大学,,,,受動歩行における吸引領域の変化とそのメカニズム,2021,日本応用数理学会
泉田 啓,京都大学,,,,受動歩行における吸引領域の変化とそのメカニズム,2021,日本応用数理学会
浅井 光輝,九州大学,,,,Physics-Informed Neural Networkに対する距離関数・動的重みの導入と非圧縮流の逆解析への適用,2025,日本応用数理学会
浅井 光輝,九州大学,,,,Physics-Informed Neural Networkに対する距離関数・動的重みの導入と非圧縮流の逆解析への適用,2025,日本応用数理学会
浅井 大晴,早稲田大学,,,,1次元エノン方程式の分岐図に対する計算機援用解析,2021,日本応用数理学会
浅井 大晴,早稲田大学,,,,1次元エノン方程式の分岐図に対する計算機援用解析,2021,日本応用数理学会
浅井 大晴,早稲田大学,,,,Batt-Faltenbacher-Horst方程式の解の精度保証付き数値計算,2022,日本応用数理学会
浅井 大晴,早稲田大学,,,,Batt-Faltenbacher-Horst方程式の解の精度保証付き数値計算,2022,日本応用数理学会
浅井 大晴,早稲田大学,,,,計算機援用によるエノン型方程式の正値対称解の多重性解析,2024,日本応用数理学会
浅井 大晴,早稲田大学,,,,計算機援用によるエノン型方程式の正値対称解の多重性解析,2024,日本応用数理学会
浅見 唯葉,お茶の水女子大学大学院,,,,グラフの重み更新を用いた順位決定のための主成分分析による重み補正,2021,日本応用数理学会
浅見 唯葉,お茶の水女子大学大学院,,,,グラフの重み更新を用いた順位決定のための主成分分析による重み補正,2021,日本応用数理学会
浅芝 秀人,静岡大学・京都大学・大阪公立大学,,,,パーシステンス加群の区間代替,2024,日本応用数理学会
浅芝 秀人,静岡大学・京都大学・大阪公立大学,,,,パーシステンス加群の区間代替,2024,日本応用数理学会
浅芝 秀人,静岡大学理学部,京都大学高等研究院,大阪公立大学数学研究所,,可換梯子型パーシステンス加群の表現論的区間分解の計算法,2022,日本応用数理学会
浅芝 秀人,静岡大学理学部,京都大学高等研究院,大阪公立大学数学研究所,,可換梯子型パーシステンス加群の表現論的区間分解の計算法,2022,日本応用数理学会
浅野 凌一郎,千葉工業大学,,,,3変数のフィッツヒュー・南雲方程式の解に特化した精度保証付き数値計算法,2025,日本応用数理学会
浅野 凌一郎,千葉工業大学,,,,3変数のフィッツヒュー・南雲方程式の解に特化した精度保証付き数値計算法,2025,日本応用数理学会
染矢 真好,東京大学 地震研究所,,,,Neural Operatorによる津波シミュレーションの代理モデル,2025,日本応用数理学会
染矢 真好,東京大学 地震研究所,,,,Neural Operatorによる津波シミュレーションの代理モデル,2025,日本応用数理学会
船渡 由梨,東京理科大学大学院,,,,窓Fourier変換と2次元変換を用いた音声ノイズ除去,2025,日本応用数理学会
船渡 由梨,東京理科大学大学院,,,,窓Fourier変換と2次元変換を用いた音声ノイズ除去,2025,日本応用数理学会
船本 健一,東北大学,,,,細胞性粘菌の走気性の観察とモデル化,2024,日本応用数理学会
船本 健一,東北大学,,,,細胞性粘菌の走気性の観察とモデル化,2024,日本応用数理学会
前川 卓,早稲田大学,,,,傘の応力状態に着目したT-splineによる設計,2022,日本応用数理学会
前川 卓,早稲田大学,,,,傘の応力状態に着目したT-splineによる設計,2022,日本応用数理学会
前川 卓,早稲田大学　理工学術院,,,,自由曲面の区分可展面近似,2022,日本応用数理学会
前川 卓,早稲田大学　理工学術院,,,,自由曲面の区分可展面近似,2022,日本応用数理学会
前田 一貴,福知山公立大学情報学部,,,,正規双直交多項式と離散2次元戸田格子,2022,日本応用数理学会
前田 一貴,福知山公立大学情報学部,,,,正規双直交多項式と離散2次元戸田格子,2022,日本応用数理学会
前田 隼佑,早稲田大学大学院 基幹理工学研究科 数学応用数理専攻 早水研究室,,,,Tree-child networkに向きづけ可能かを効率的に判定できる無向グラフのクラスについて,2024,日本応用数理学会
前田 隼佑,早稲田大学大学院 基幹理工学研究科 数学応用数理専攻 早水研究室,,,,Tree-child networkに向きづけ可能かを効率的に判定できる無向グラフのクラスについて,2024,日本応用数理学会
前田 隼佑,早稲田大学,,,,整数線形計画法を用いたTree-based Orientation問題の解法,2025,日本応用数理学会
前田 隼佑,早稲田大学,,,,整数線形計画法を用いたTree-based Orientation問題の解法,2025,日本応用数理学会
前田 楓太,サレジオ工業高等専門学校専攻科,,,,フェーズフィールド法による三次元細胞運動モデルと集団回転運動の数値シミュレーション,2022,日本応用数理学会
前田 楓太,サレジオ工業高等専門学校専攻科,,,,フェーズフィールド法による三次元細胞運動モデルと集団回転運動の数値シミュレーション,2022,日本応用数理学会
前波 実里,立命館大学,,,,不均一経済主体におけるリスクモデルについて,2025,日本応用数理学会
前波 実里,立命館大学,,,,不均一経済主体におけるリスクモデルについて,2025,日本応用数理学会
善永 徹,東京大学,,,,予測精度がオンラインアルゴリズムの分布的ロバスト競合比に与える影響の解析,2025,日本応用数理学会
善永 徹,東京大学,,,,予測精度がオンラインアルゴリズムの分布的ロバスト競合比に与える影響の解析,2025,日本応用数理学会
善甫 康成,法政大学情報科学部,,,,虚数時間発展法による電子状態計算,2022,日本応用数理学会
善甫 康成,法政大学情報科学部,,,,虚数時間発展法による電子状態計算,2022,日本応用数理学会
善甫 康成,法政大学情報科学部,,,,虚数時間発展法による電子状態計算手法の開発,2021,日本応用数理学会
善甫 康成,法政大学情報科学部,,,,虚数時間発展法による電子状態計算手法の開発,2021,日本応用数理学会
善甫 康成,法政大学,,,,実時間TDDFTから得られる時系列データに関するSVD解析,2025,日本応用数理学会
善甫 康成,法政大学,,,,実時間TDDFTから得られる時系列データに関するSVD解析,2025,日本応用数理学会
全 羲用,釜山大学 数学科・未来地球研究所,,,,古典的数学手法による地球物理データ中の時間変化する空間構造の探究,2025,日本応用数理学会
全 羲用,釜山大学 数学科・未来地球研究所,,,,古典的数学手法による地球物理データ中の時間変化する空間構造の探究,2025,日本応用数理学会
全 羲用,釜山大学 未来地球研究所・数学科,,,,地球科学における古典的手法を超えて：ウェーブレット比較による時空間固有関数フレームワーク,2025,日本応用数理学会
全 羲用,釜山大学 未来地球研究所・数学科,,,,地球科学における古典的手法を超えて：ウェーブレット比較による時空間固有関数フレームワーク,2025,日本応用数理学会
曽我 幸平,慶應義塾大学,,,,非線形修正された等高面方程式の数学解析,2024,日本応用数理学会
曽我 幸平,慶應義塾大学,,,,非線形修正された等高面方程式の数学解析,2024,日本応用数理学会
曽我部 知広,名古屋大学,,,,３階テンソルに対するHOOI法の局所最適化の順序について,2021,日本応用数理学会
曽我部 知広,名古屋大学,,,,３階テンソルに対するHOOI法の局所最適化の順序について,2021,日本応用数理学会
曽我部 知広,名古屋大学,,,,Design and analysis of a predefined-time zeroing neural network model for solving the Stein tensor equation,2025,日本応用数理学会
曽我部 知広,名古屋大学,,,,Design and analysis of a predefined-time zeroing neural network model for solving the Stein tensor equation,2025,日本応用数理学会
曽我部 知広,名古屋大学,,,,DE積分型行列関数計算法に対する部分固有対デフレーションに基づく収束性改善およびその性能評価,2024,日本応用数理学会
曽我部 知広,名古屋大学,,,,DE積分型行列関数計算法に対する部分固有対デフレーションに基づく収束性改善およびその性能評価,2024,日本応用数理学会
曽我部 知広,名古屋大学工学研究科応用物理学専攻,,,,行列の積を係数行列に持つ線形方程式ABx＝bに対するクリロフ部分空間法の適用について,2024,日本応用数理学会
曽我部 知広,名古屋大学工学研究科応用物理学専攻,,,,行列の積を係数行列に持つ線形方程式ABx＝bに対するクリロフ部分空間法の適用について,2024,日本応用数理学会
曽我部 知広,名古屋大学,,,,行列実数乗の数値積分に対する定数倍の前処理について,2021,日本応用数理学会
曽我部 知広,名古屋大学,,,,行列実数乗の数値積分に対する定数倍の前処理について,2021,日本応用数理学会
曽我部 知広,名古屋大学,,,,行列方程式に対する低ランク型Krylov部分空間法のための前処理について,2024,日本応用数理学会
曽我部 知広,名古屋大学,,,,行列方程式に対する低ランク型Krylov部分空間法のための前処理について,2024,日本応用数理学会
曽我部 知広,名古屋大学,,,,行列方程式に対する反復法のためのテンソル構造保存型前処理について,2022,日本応用数理学会
曽我部 知広,名古屋大学,,,,行列方程式に対する反復法のためのテンソル構造保存型前処理について,2022,日本応用数理学会
曽我部 知広,名古屋大学,,,,指定領域内の多項式固有値問題に対するSakurai-Sugiura法とEhrlich-Aberth法の組み合わせについて,2021,日本応用数理学会
曽我部 知広,名古屋大学,,,,指定領域内の多項式固有値問題に対するSakurai-Sugiura法とEhrlich-Aberth法の組み合わせについて,2021,日本応用数理学会
曽我部 知広,名古屋大学,,,,非対称シフト線形方程式のためのBiCGStab法に基づく数値解法,2022,日本応用数理学会
曽我部 知広,名古屋大学,,,,非対称シフト線形方程式のためのBiCGStab法に基づく数値解法,2022,日本応用数理学会
曽我部 知広,名古屋大学,,,,非負制約付き2次計画問題に対する適応型射影SOR法,2021,日本応用数理学会
曽我部 知広,名古屋大学,,,,非負制約付き2次計画問題に対する適応型射影SOR法,2021,日本応用数理学会
曽我部 知広,名古屋大学大学院工学研究科,,,,閉曲線に対するヘルフリッヒ流方程式の構造保存数値解法の構築,2021,日本応用数理学会
曽我部 知広,名古屋大学大学院工学研究科,,,,閉曲線に対するヘルフリッヒ流方程式の構造保存数値解法の構築,2021,日本応用数理学会
蘇 単,筑波大学,,,,蛇腹折りを活かしたBook Foldingアート作品の展開図生成方法の提案,2021,日本応用数理学会
蘇 単,筑波大学,,,,蛇腹折りを活かしたBook Foldingアート作品の展開図生成方法の提案,2021,日本応用数理学会
蘇 単,筑波大学,,,,収縮時に図柄が現れるジャバラの設計手法の提案,2022,日本応用数理学会
蘇 単,筑波大学,,,,収縮時に図柄が現れるジャバラの設計手法の提案,2022,日本応用数理学会
倉橋 貴彦,長岡技術科学大学,,,,修正最適性基準法を用いた密度型トポロジー最適化による多目的最適化問題に対する最適設計,2024,日本応用数理学会
倉橋 貴彦,長岡技術科学大学,,,,修正最適性基準法を用いた密度型トポロジー最適化による多目的最適化問題に対する最適設計,2024,日本応用数理学会
倉橋 貴彦,長岡技術科学大学,,,,粒子成長の再現シミュレーションを目的としたフェーズフィールド解析における化学的駆動力の同定解析,2025,日本応用数理学会
倉橋 貴彦,長岡技術科学大学,,,,粒子成長の再現シミュレーションを目的としたフェーズフィールド解析における化学的駆動力の同定解析,2025,日本応用数理学会
倉本 一姫,早稲田大学,,,,Macky-Glass方程式に外力を加えた方程式のシミュレーショ ンと逆作用素のノルム評価について,2022,日本応用数理学会
倉本 一姫,早稲田大学,,,,Macky-Glass方程式に外力を加えた方程式のシミュレーショ ンと逆作用素のノルム評価について,2022,日本応用数理学会
倉本 一姫,早稲田大学,,,,遅延van der Pol-Duffing方程式の非周期解の数値計算,2021,日本応用数理学会
倉本 一姫,早稲田大学,,,,遅延van der Pol-Duffing方程式の非周期解の数値計算,2021,日本応用数理学会
倉本 亮世,株式会社JALインフォテック,,,,Group-wise更新によるBlock GPBiCG法の近似解高精度化,2021,日本応用数理学会
倉本 亮世,株式会社JALインフォテック,,,,Group-wise更新によるBlock GPBiCG法の近似解高精度化,2021,日本応用数理学会
早水 桃子,早稲田大学,,,,Boltzmann Samplerを用いた重み付きカクタスグラフのランダムサンプリング,2024,日本応用数理学会
早水 桃子,早稲田大学,,,,Boltzmann Samplerを用いた重み付きカクタスグラフのランダムサンプリング,2024,日本応用数理学会
早水 桃子,早稲田大学理工学術院基幹理工学部,,,,Terminal planar networkの禁止部分グラフによる特徴付け,2024,日本応用数理学会
早水 桃子,早稲田大学理工学術院基幹理工学部,,,,Terminal planar networkの禁止部分グラフによる特徴付け,2024,日本応用数理学会
早水 桃子,早稲田大学 理工学術院 基幹理工学部 応用数理学科,,,,Tree-child networkに向きづけ可能かを効率的に判定できる無向グラフのクラスについて,2024,日本応用数理学会
早水 桃子,早稲田大学 理工学術院 基幹理工学部 応用数理学科,,,,Tree-child networkに向きづけ可能かを効率的に判定できる無向グラフのクラスについて,2024,日本応用数理学会
早水 桃子,早稲田大学,,,,横断歩道における歩行者対向流の組合せ論的考察,2022,日本応用数理学会
早水 桃子,早稲田大学,,,,横断歩道における歩行者対向流の組合せ論的考察,2022,日本応用数理学会
早水 桃子,早稲田大学,,,,距離行列から系統ネットワークを作る NJ-like ヒューリスティックスの開発,2024,日本応用数理学会
早水 桃子,早稲田大学,,,,距離行列から系統ネットワークを作る NJ-like ヒューリスティックスの開発,2024,日本応用数理学会
早水 桃子,早稲田大学,,,,系統ネットワークに含まれる全域系統樹とベース系統樹の数え上げ問題,2022,日本応用数理学会
早水 桃子,早稲田大学,,,,系統ネットワークに含まれる全域系統樹とベース系統樹の数え上げ問題,2022,日本応用数理学会
早水 桃子,早稲田大学 理工学術院 基幹理工学部,,,,無向系統ネットワークの向き付け問題に対する実用的なFPTアルゴリズムの開発,2024,日本応用数理学会
早水 桃子,早稲田大学 理工学術院 基幹理工学部,,,,無向系統ネットワークの向き付け問題に対する実用的なFPTアルゴリズムの開発,2024,日本応用数理学会
早水 桃子,早稲田大学,,,,木の数え上げに現れる特殊な分割数~再帰式と母関数およびその解析学的な解釈~,2022,日本応用数理学会
早水 桃子,早稲田大学,,,,木の数え上げに現れる特殊な分割数~再帰式と母関数およびその解析学的な解釈~,2022,日本応用数理学会
早川 健太郎,日本大学,,,,可積分離散べき函数から構成されるMichell-Prager型トラス構造,2025,日本応用数理学会
早川 健太郎,日本大学,,,,可積分離散べき函数から構成されるMichell-Prager型トラス構造,2025,日本応用数理学会
早川 健太郎,日本大学,,,,剛体折紙ユニットを用いた平坦折り可能なトーラスとマスト構造,2025,日本応用数理学会
早川 健太郎,日本大学,,,,剛体折紙ユニットを用いた平坦折り可能なトーラスとマスト構造,2025,日本応用数理学会
早川 健太郎,京都大学大学院,,,,切れ目を有する剛体折紙の曲面近似のための折線配置最適化,2021,日本応用数理学会
早川 健太郎,京都大学大学院,,,,切れ目を有する剛体折紙の曲面近似のための折線配置最適化,2021,日本応用数理学会
早川 健太郎,京都大学,,,,離散正則函数を用いたMichellトラス型構造について,2022,日本応用数理学会
早川 健太郎,京都大学,,,,離散正則函数を用いたMichellトラス型構造について,2022,日本応用数理学会
早川 健太郎,京都大学大学院工学研究科建築学専攻,,,,離散平均曲率一定曲面における力の釣り合い,2022,日本応用数理学会
早川 健太郎,京都大学大学院工学研究科建築学専攻,,,,離散平均曲率一定曲面における力の釣り合い,2022,日本応用数理学会
早川 健太郎,京都大学,,,,離散膜O曲面による形状・応力分布の同時生成,2022,日本応用数理学会
早川 健太郎,京都大学,,,,離散膜O曲面による形状・応力分布の同時生成,2022,日本応用数理学会
早川 正亮,みずほ銀行,,,,Mean-DCCAアプローチによるマルチスケールなポートフォリオの構築,2022,日本応用数理学会
早川 正亮,みずほ銀行,,,,Mean-DCCAアプローチによるマルチスケールなポートフォリオの構築,2022,日本応用数理学会
早川 知志,Oxford University,,,,最適化を用いないカーネル求積公式の構成法,2022,日本応用数理学会
早川 知志,Oxford University,,,,最適化を用いないカーネル求積公式の構成法,2022,日本応用数理学会
相原 研輔,東京都市大学,,,,可変的前処理付きblock CG法の内部と外部の反復における誤差の繋がり,2024,日本応用数理学会
相原 研輔,東京都市大学,,,,可変的前処理付きblock CG法の内部と外部の反復における誤差の繋がり,2024,日本応用数理学会
相原 研輔,東京都市大学,,,,非対称な線形行列方程式に対するglobal GPBiCGstab(L)法の提案,2021,日本応用数理学会
相原 研輔,東京都市大学,,,,非対称な線形行列方程式に対するglobal GPBiCGstab(L)法の提案,2021,日本応用数理学会
相川 勇輔,三菱電機株式会社,,,,ρ法による超特異同種写像グラフにおけるサイクル探索,2022,日本応用数理学会
相川 勇輔,三菱電機株式会社,,,,ρ法による超特異同種写像グラフにおけるサイクル探索,2022,日本応用数理学会
相島 健助,法政大学,,,,ランダムノイズを含むVandermonde行列に関する統計モデルとその一致推定量,2024,日本応用数理学会
相島 健助,法政大学,,,,ランダムノイズを含むVandermonde行列に関する統計モデルとその一致推定量,2024,日本応用数理学会
相島 健助,法政大学,,,,観測ノイズを含むクリロフ部分空間に基づく固有値の一致推定量,2025,日本応用数理学会
相島 健助,法政大学,,,,観測ノイズを含むクリロフ部分空間に基づく固有値の一致推定量,2025,日本応用数理学会
相島 健助,法政大学,,,,制約付きの線形回帰モデルに対する推定量の一致性について,2022,日本応用数理学会
相島 健助,法政大学,,,,制約付きの線形回帰モデルに対する推定量の一致性について,2022,日本応用数理学会
相島 健助,法政大学,,,,動的モード分解に対して収束を保証する平均化手法について,2021,日本応用数理学会
相島 健助,法政大学,,,,動的モード分解に対して収束を保証する平均化手法について,2021,日本応用数理学会
相馬 輔,統計数理研究所,理研AIP,,,二部比に対するO(log n)近似アルゴリズム,2025,日本応用数理学会
相馬 輔,統計数理研究所,理研AIP,,,二部比に対するO(log n)近似アルゴリズム,2025,日本応用数理学会
増田 伊吹,筑波大学情報理工学位プログラム,,,,モジュラリティ行列の固有値計算に基づいた次元削減手法とそのマテリアルズインフォマティクスへの応用,2024,日本応用数理学会
増田 伊吹,筑波大学情報理工学位プログラム,,,,モジュラリティ行列の固有値計算に基づいた次元削減手法とそのマテリアルズインフォマティクスへの応用,2024,日本応用数理学会
増田 士朗,東京都立大学,,,,Iterative Feedback Tuningにおけるバックトラッキングを用いた勾配法,2025,日本応用数理学会
増田 士朗,東京都立大学,,,,Iterative Feedback Tuningにおけるバックトラッキングを用いた勾配法,2025,日本応用数理学会
増本 康平,神戸大学,,,,アンケートデータによって条件付けた交流ネットワーク解析,2025,日本応用数理学会
増本 康平,神戸大学,,,,アンケートデータによって条件付けた交流ネットワーク解析,2025,日本応用数理学会
増本 康平,神戸大学,,,,交流アンケートデータからのネットワーク特徴量推定について,2022,日本応用数理学会
増本 康平,神戸大学,,,,交流アンケートデータからのネットワーク特徴量推定について,2022,日本応用数理学会
増﨑 貴,核融合科学研究所,,,,バーチャルリアリティ可視化によるプラズマ対向壁と高速トリトン粒子衝突点の解析,2021,日本応用数理学会
増﨑 貴,核融合科学研究所,,,,バーチャルリアリティ可視化によるプラズマ対向壁と高速トリトン粒子衝突点の解析,2021,日本応用数理学会
足立 精宏,理研CEMS,,,,電極触媒の劣化速度に関する力学系モデルの構築,2024,日本応用数理学会
足立 精宏,理研CEMS,,,,電極触媒の劣化速度に関する力学系モデルの構築,2024,日本応用数理学会
足立 智子,静岡理工科大学,,,,3次元数独解の同値な条件と作用素,2022,日本応用数理学会
足立 智子,静岡理工科大学,,,,3次元数独解の同値な条件と作用素,2022,日本応用数理学会
足立 智子,静岡理工科大学,,,,RAIDのための完全グラフの辺順序,2025,日本応用数理学会
足立 智子,静岡理工科大学,,,,RAIDのための完全グラフの辺順序,2025,日本応用数理学会
足立 智子,静岡理工科大学,,,,ラテン方陣を用いた新しい秘密分散法,2022,日本応用数理学会
足立 智子,静岡理工科大学,,,,ラテン方陣を用いた新しい秘密分散法,2022,日本応用数理学会
足立 智子,静岡理工科大学,,,,ラテン方陣を用いた秘密分散法の匿名公開鍵証明書への応用,2022,日本応用数理学会
足立 智子,静岡理工科大学,,,,ラテン方陣を用いた秘密分散法の匿名公開鍵証明書への応用,2022,日本応用数理学会
足立 智子,静岡理工科大学,,,,ラテン立方体と秘密分散法,2025,日本応用数理学会
足立 智子,静岡理工科大学,,,,ラテン立方体と秘密分散法,2025,日本応用数理学会
足立 智子,東邦大学,,,,高次元の数独解の構成,2021,日本応用数理学会
足立 智子,東邦大学,,,,高次元の数独解の構成,2021,日本応用数理学会
足立 智子,静岡理工科大学,,,,立体的な数独パズルのゼロ知識証明,2024,日本応用数理学会
足立 智子,静岡理工科大学,,,,立体的な数独パズルのゼロ知識証明,2024,日本応用数理学会
速水 謙,国立情報学研究所 / 総合研究大学院大学 名誉教授,,,,Analysis of the stabilized GMRES method,2021,日本応用数理学会
速水 謙,国立情報学研究所 / 総合研究大学院大学 名誉教授,,,,Analysis of the stabilized GMRES method,2021,日本応用数理学会
速水 謙,日本応用数理学会・会長,,,,会⻑挨拶・表彰式,2024,日本応用数理学会
速水 謙,日本応用数理学会・会長,,,,会⻑挨拶・表彰式,2024,日本応用数理学会
速水 謙,国立情報学研究所,総合研究大学院大学,,,任意インデックスの正方行列の特異系とランク落ち長方行列の最小二乗問題に対するNR-SSOR右前処理RRGMRES法,2025,日本応用数理学会
速水 謙,国立情報学研究所,総合研究大学院大学,,,任意インデックスの正方行列の特異系とランク落ち長方行列の最小二乗問題に対するNR-SSOR右前処理RRGMRES法,2025,日本応用数理学会
孫 立憲,国立中央大学,,,,Ｎプレイヤーおよび平均場ゲームでの最適投資・再保険問題：ベキ型効用の場合,2025,日本応用数理学会
孫 立憲,国立中央大学,,,,Ｎプレイヤーおよび平均場ゲームでの最適投資・再保険問題：ベキ型効用の場合,2025,日本応用数理学会
村 昌治,同志社大学,,,,定数係数ベルヌーイ方程式の不等間隔で高次精度な可積分差分,2024,日本応用数理学会
村 昌治,同志社大学,,,,定数係数ベルヌーイ方程式の不等間隔で高次精度な可積分差分,2024,日本応用数理学会
村井 紘子,奈良女子大学,,,,1次元折り紙のfolding motionに対応するlocal stacking orderの変化の様子を表す幾何的objectの提案,2024,日本応用数理学会
村井 紘子,奈良女子大学,,,,1次元折り紙のfolding motionに対応するlocal stacking orderの変化の様子を表す幾何的objectの提案,2024,日本応用数理学会
村井 紘子,奈良女子大学,,,,Waterbomb tessellationのcylindrer solutionの存在条件について,2022,日本応用数理学会
村井 紘子,奈良女子大学,,,,Waterbomb tessellationのcylindrer solutionの存在条件について,2022,日本応用数理学会
村井 紘子,奈良女子大学,,,,折り紙のfolded stateにおけるlocal stacking orderを表す幾何的objectとその応用,2025,日本応用数理学会
村井 紘子,奈良女子大学,,,,折り紙のfolded stateにおけるlocal stacking orderを表す幾何的objectとその応用,2025,日本応用数理学会
村山 弘,創価大学大学院理工学研究科情報システム工学専攻,,,,超関数の離散的考察について,2022,日本応用数理学会
村山 弘,創価大学大学院理工学研究科情報システム工学専攻,,,,超関数の離散的考察について,2022,日本応用数理学会
村山 俊太,大阪大学,,,,凸関数によるオプション価格の構成とボラティリティ指数の計算,2025,日本応用数理学会
村山 俊太,大阪大学,,,,凸関数によるオプション価格の構成とボラティリティ指数の計算,2025,日本応用数理学会
村山 斉,東京大学 / UC Berkeley,,,,宇宙は数学の言葉で書かれている,2025,日本応用数理学会
村山 斉,東京大学 / UC Berkeley,,,,宇宙は数学の言葉で書かれている,2025,日本応用数理学会
村松 正和,電気通信大学,,,,混合整数半正定値計画問題に対する2次錐カットアルゴリズム,2025,日本応用数理学会
村松 正和,電気通信大学,,,,混合整数半正定値計画問題に対する2次錐カットアルゴリズム,2025,日本応用数理学会
村松 拓真,明治大学大学院　先端数理科学研究科　現象数理科学専攻,,,,Surface PDE: mathematical modeling and numerical approximation,2021,日本応用数理学会
村松 拓真,明治大学大学院　先端数理科学研究科　現象数理科学専攻,,,,Surface PDE: mathematical modeling and numerical approximation,2021,日本応用数理学会
村松 眞由,慶應義塾大学理工学部,,,,三次元畳み込みニューラルネットワークを用いた有限差分時間領域法による光学シミュレーションの時間発展予測,2022,日本応用数理学会
村松 眞由,慶應義塾大学理工学部,,,,三次元畳み込みニューラルネットワークを用いた有限差分時間領域法による光学シミュレーションの時間発展予測,2022,日本応用数理学会
村上 弘,東京都立大学,,,,2つの行列が添字の置換で一致するかの判定について,2024,日本応用数理学会
村上 弘,東京都立大学,,,,2つの行列が添字の置換で一致するかの判定について,2024,日本応用数理学会
村上 弘,東京都立大学,,,,固有値問題の一部少数の固有対の近似を一斉に求めるフィルタ解法について,2022,日本応用数理学会
村上 弘,東京都立大学,,,,固有値問題の一部少数の固有対の近似を一斉に求めるフィルタ解法について,2022,日本応用数理学会
村上 弘,東京都立大学,,,,実数シフトのレゾルベント少数から構成されたフィルタによる実対称定値一般固有値問題の固有値が下端付近の固有対の近似解法について,2021,日本応用数理学会
村上 弘,東京都立大学,,,,実数シフトのレゾルベント少数から構成されたフィルタによる実対称定値一般固有値問題の固有値が下端付近の固有対の近似解法について,2021,日本応用数理学会
村上 弘,東京都立大学,,,,縦長行列に対する列選択付きハウスホルダ型QR分解とその分散並列化,2025,日本応用数理学会
村上 弘,東京都立大学,,,,縦長行列に対する列選択付きハウスホルダ型QR分解とその分散並列化,2025,日本応用数理学会
村上 雄樹,会津大学,,,,PositのOpenCLへの移植と命令プロファイリング,2022,日本応用数理学会
村上 雄樹,会津大学,,,,PositのOpenCLへの移植と命令プロファイリング,2022,日本応用数理学会
村上 洸太,筑波大学,,,,データコラボレーション解析を用いた多機関分散fMRIデータに対する精神疾患予測,2025,日本応用数理学会
村上 洸太,筑波大学,,,,データコラボレーション解析を用いた多機関分散fMRIデータに対する精神疾患予測,2025,日本応用数理学会
村田 実貴生,東京農工大学,,,,競争拡散方程式のセル・オートマトン化,2021,日本応用数理学会
村田 実貴生,東京農工大学,,,,競争拡散方程式のセル・オートマトン化,2021,日本応用数理学会
村田 智也,東京大学情報理工学系研究科数理情報学専攻 / NTTデータ数理システム,,,,全勾配を用いない勾配推定量: 1次及び2次の最適性と連合学習への応用,2022,日本応用数理学会
村田 智也,東京大学情報理工学系研究科数理情報学専攻 / NTTデータ数理システム,,,,全勾配を用いない勾配推定量: 1次及び2次の最適性と連合学習への応用,2022,日本応用数理学会
村田 悠,早稲田大学基幹理工学研究科数学応用数理専攻,,,,横断歩道における歩行者対向流の組合せ論的考察,2022,日本応用数理学会
村田 悠,早稲田大学基幹理工学研究科数学応用数理専攻,,,,横断歩道における歩行者対向流の組合せ論的考察,2022,日本応用数理学会
多賀 圭理,早稲田大学,,,,エレメンタリーセルオートマトンのKoopmanスペクトル解析,2021,日本応用数理学会
多賀 圭理,早稲田大学,,,,エレメンタリーセルオートマトンのKoopmanスペクトル解析,2021,日本応用数理学会
多森 浩俊,北海道大学,,,,誤差ベクトルサンプリングに基づく非対称行列向けSubspace Correction前処理法による複数連立一次方程式の求解高速化,2024,日本応用数理学会
多森 浩俊,北海道大学,,,,誤差ベクトルサンプリングに基づく非対称行列向けSubspace Correction前処理法による複数連立一次方程式の求解高速化,2024,日本応用数理学会
多田 秀介,早稲田大学,,,,Batt-Faltenbacher-Horst方程式の解の精度保証付き数値計算,2022,日本応用数理学会
多田 秀介,早稲田大学,,,,Batt-Faltenbacher-Horst方程式の解の精度保証付き数値計算,2022,日本応用数理学会
多田 駿介,東北大学 数理科学共創社会センター,,,,バイパス・パーシステンス図の安定性,2025,日本応用数理学会
多田 駿介,東北大学 数理科学共創社会センター,,,,バイパス・パーシステンス図の安定性,2025,日本応用数理学会
多田野 寛人,筑波大学計算科学研究センター,,,,GPUクラスタにおける鞍点型連立一次方程式に対する階層並列型解法の実装と性能評価,2022,日本応用数理学会
多田野 寛人,筑波大学計算科学研究センター,,,,GPUクラスタにおける鞍点型連立一次方程式に対する階層並列型解法の実装と性能評価,2022,日本応用数理学会
多田野 寛人,筑波大学,,,,Group-wise更新によるBlock GPBiCG法の近似解高精度化,2021,日本応用数理学会
多田野 寛人,筑波大学,,,,Group-wise更新によるBlock GPBiCG法の近似解高精度化,2021,日本応用数理学会
多田野 寛人,筑波大学計算科学研究センター,,,,画像再構成問題に現れる鞍点型連立一次方程式に対するブロック構造を利用した前処理の適用とその性能評価,2021,日本応用数理学会
多田野 寛人,筑波大学計算科学研究センター,,,,画像再構成問題に現れる鞍点型連立一次方程式に対するブロック構造を利用した前処理の適用とその性能評価,2021,日本応用数理学会
多田野 寛人,筑波大学計算科学研究センター,,,,複数右辺連立一次方程式に対するブロック・グローバルクリロフ混合型反復法の構築と性能評価,2022,日本応用数理学会
多田野 寛人,筑波大学計算科学研究センター,,,,複数右辺連立一次方程式に対するブロック・グローバルクリロフ混合型反復法の構築と性能評価,2022,日本応用数理学会
多田野 寛人,筑波大学,,,,並列計算環境における鞍点型連立一次方程式に対する反復改良付き階層並列型解法の性能評価,2024,日本応用数理学会
多田野 寛人,筑波大学,,,,並列計算環境における鞍点型連立一次方程式に対する反復改良付き階層並列型解法の性能評価,2024,日本応用数理学会
太田 克弘,慶應義塾大学,,,,グラフのpath-chromatic numberが高々2となるための十分条件,2025,日本応用数理学会
太田 克弘,慶應義塾大学,,,,グラフのpath-chromatic numberが高々2となるための十分条件,2025,日本応用数理学会
太田 順也,早稲田大学,,,,Max-Plus版2次元Nicholson-Baileyモデルの解について,2021,日本応用数理学会
太田 順也,早稲田大学,,,,Max-Plus版2次元Nicholson-Baileyモデルの解について,2021,日本応用数理学会
太田 泰広,神戸大学理学部,,,,多成分短パルス型方程式の可積分性を保つ全離散化,2025,日本応用数理学会
太田 泰広,神戸大学理学部,,,,多成分短パルス型方程式の可積分性を保つ全離散化,2025,日本応用数理学会
太田 泰広,神戸大学理学部,,,,多成分短パルス型方程式の可積分性を保つ離散化と数値計算,2024,日本応用数理学会
太田 泰広,神戸大学理学部,,,,多成分短パルス型方程式の可積分性を保つ離散化と数値計算,2024,日本応用数理学会
打桐 大雅,静岡理工科大学大学院,,,,マルチコンポーネント型多倍長精度行列乗算の最適化について,2022,日本応用数理学会
打桐 大雅,静岡理工科大学大学院,,,,マルチコンポーネント型多倍長精度行列乗算の最適化について,2022,日本応用数理学会
打桐 大晃,静岡理工科大学,,,,大学学部生へのHPC技術教育と機械学習・行列乗算の並列計算,2025,日本応用数理学会
打桐 大晃,静岡理工科大学,,,,大学学部生へのHPC技術教育と機械学習・行列乗算の並列計算,2025,日本応用数理学会
泰岡 顕治,慶應義塾大学理工学部,,,,三次元畳み込みニューラルネットワークを用いた有限差分時間領域法による光学シミュレーションの時間発展予測,2022,日本応用数理学会
泰岡 顕治,慶應義塾大学理工学部,,,,三次元畳み込みニューラルネットワークを用いた有限差分時間領域法による光学シミュレーションの時間発展予測,2022,日本応用数理学会
泰岡 顕治,慶應義塾大学,,,,散逸粒子動力学のStörmer--Verlet法,2022,日本応用数理学会
泰岡 顕治,慶應義塾大学,,,,散逸粒子動力学のStörmer--Verlet法,2022,日本応用数理学会
代田 健二,愛知県立大学情報科学部,,,,スカラー波動方程式の係数同定問題に対するH1勾配法におけるパラメータ選択方法の検討,2021,日本応用数理学会
代田 健二,愛知県立大学情報科学部,,,,スカラー波動方程式の係数同定問題に対するH1勾配法におけるパラメータ選択方法の検討,2021,日本応用数理学会
代田 健二,愛知県立大学,,,,弾性波動方程式逆問題解析高速化のための順問題に対する直接的数値解法,2024,日本応用数理学会
代田 健二,愛知県立大学,,,,弾性波動方程式逆問題解析高速化のための順問題に対する直接的数値解法,2024,日本応用数理学会
代田 健二,愛知県立大学,,,,内部観測による線形弾性波動方程式のラメ係数同定問題に対する数値解法,2024,日本応用数理学会
代田 健二,愛知県立大学,,,,内部観測による線形弾性波動方程式のラメ係数同定問題に対する数値解法,2024,日本応用数理学会
代田 健二,愛知県立大学,,,,波動方程式の係数同定問題に対する数値解法のFreeFEMによる実装,2025,日本応用数理学会
代田 健二,愛知県立大学,,,,波動方程式の係数同定問題に対する数値解法のFreeFEMによる実装,2025,日本応用数理学会
代田 健二,愛知県立大学情報科学部,,,,密度型位相最適化を応用した線形弾性波動方程式のラメ係数同定問題に対する数値解法,2022,日本応用数理学会
代田 健二,愛知県立大学情報科学部,,,,密度型位相最適化を応用した線形弾性波動方程式のラメ係数同定問題に対する数値解法,2022,日本応用数理学会
台坂 博,一橋大学,,,,OpenCLを用いた四倍精度行列乗算のFPGA上実装と評価,2022,日本応用数理学会
台坂 博,一橋大学,,,,OpenCLを用いた四倍精度行列乗算のFPGA上実装と評価,2022,日本応用数理学会
台坂 博,一橋大学,,,,パイプライン化による多倍長浮動小数点演算アプリケーションの高速化,2022,日本応用数理学会
台坂 博,一橋大学,,,,パイプライン化による多倍長浮動小数点演算アプリケーションの高速化,2022,日本応用数理学会
大浦 拓哉,京都大学,,,,ある交代級数の補正項に関する２つの連分数近似,2025,日本応用数理学会
大浦 拓哉,京都大学,,,,ある交代級数の補正項に関する２つの連分数近似,2025,日本応用数理学会
大岡 英史,理研,,,,化学反応ネットワークにおける速度と駆動力の関係性,2025,日本応用数理学会
大岡 英史,理研,,,,化学反応ネットワークにおける速度と駆動力の関係性,2025,日本応用数理学会
大岡 英史,理研CSRS,,,,電極触媒の劣化速度に関する力学系モデルの構築,2024,日本応用数理学会
大岡 英史,理研CSRS,,,,電極触媒の劣化速度に関する力学系モデルの構築,2024,日本応用数理学会
大久保 茜,東京理科大学,,,,リザバーコンピューティングと一般化同期：非線形読み出しの有効性とその力学系的理解,2025,日本応用数理学会
大久保 茜,東京理科大学,,,,リザバーコンピューティングと一般化同期：非線形読み出しの有効性とその力学系的理解,2025,日本応用数理学会
大久保 健一,大阪大学,,,,階段状の超一般化Boole変換における異常拡散,2022,日本応用数理学会
大久保 健一,大阪大学,,,,階段状の超一般化Boole変換における異常拡散,2022,日本応用数理学会
大久保 健一,大阪大学,,,,拡張超一般化Boole変換におけるK=2Nにおける臨界指数,2021,日本応用数理学会
大久保 健一,大阪大学,,,,拡張超一般化Boole変換におけるK=2Nにおける臨界指数,2021,日本応用数理学会
大久保 健一,公立諏訪東京理科大学,,,,時間反転対称性をもつシンプレクティック写像におけるBernoulli性と平衡測度の唯一性,2025,日本応用数理学会
大久保 健一,公立諏訪東京理科大学,,,,時間反転対称性をもつシンプレクティック写像におけるBernoulli性と平衡測度の唯一性,2025,日本応用数理学会
大久保 孝樹,,,,,吸着粒子内の拡散と競争吸着を考慮したクロマトグラフィーモデルの直交選点有限要素法(OCFEM)による時空間の定式化,2021,日本応用数理学会
大久保 孝樹,,,,,吸着粒子内の拡散と競争吸着を考慮したクロマトグラフィーモデルの直交選点有限要素法(OCFEM)による時空間の定式化,2021,日本応用数理学会
大久保 孝樹,函館高専名誉教授,,,,曲線要素を用いた３次元直交選点有限要素法による曲線矩形管路のStokes流れの数値解析,2025,日本応用数理学会
大久保 孝樹,函館高専名誉教授,,,,曲線要素を用いた３次元直交選点有限要素法による曲線矩形管路のStokes流れの数値解析,2025,日本応用数理学会
大久保 孝樹,函館高専名誉教授,,,,直交選点有限要素法の曲線要素と微分作用素によるアイソパラメトリックとサブパラメトリック要素,2024,日本応用数理学会
大久保 孝樹,函館高専名誉教授,,,,直交選点有限要素法の曲線要素と微分作用素によるアイソパラメトリックとサブパラメトリック要素,2024,日本応用数理学会
大久保 潤,埼玉大学大学院理工学研究科,,,,確率微分方程式に対する組合せ論的計算とCrank-Nicolson法,2022,日本応用数理学会
大久保 潤,埼玉大学大学院理工学研究科,,,,確率微分方程式に対する組合せ論的計算とCrank-Nicolson法,2022,日本応用数理学会
大鋸 康隆,同志社大学大学院理工学研究科,,,,Alternating-MethodによるMax-Plus線形方程式の解空間の近似,2021,日本応用数理学会
大鋸 康隆,同志社大学大学院理工学研究科,,,,Alternating-MethodによるMax-Plus線形方程式の解空間の近似,2021,日本応用数理学会
大橋 芳,筑波大学,,,,rulingの交差を考慮した直感的な操作による曲線折りの形状モデリング手法,2021,日本応用数理学会
大橋 芳,筑波大学,,,,rulingの交差を考慮した直感的な操作による曲線折りの形状モデリング手法,2021,日本応用数理学会
大橋 亮,横浜国立大学,,,,Fast enumeration of superspecial hyperelliptic curves of genus four,2022,日本応用数理学会
大橋 亮,横浜国立大学,,,,Fast enumeration of superspecial hyperelliptic curves of genus four,2022,日本応用数理学会
大橋 亮,東京大学,,,,次元2の同種写像を用いるハッシュ関数に対しての衝突発見アルゴリズム,2024,日本応用数理学会
大橋 亮,東京大学,,,,次元2の同種写像を用いるハッシュ関数に対しての衝突発見アルゴリズム,2024,日本応用数理学会
大橋 亮,東京大学,,,,超特別な種数5一般化Howe超楕円曲線の存在性と数え上げについて,2025,日本応用数理学会
大橋 亮,東京大学,,,,超特別な種数5一般化Howe超楕円曲線の存在性と数え上げについて,2025,日本応用数理学会
大駒 宗帥喜,明治大学,,,,双曲曲率流の安定な数値計算,2025,日本応用数理学会
大駒 宗帥喜,明治大学,,,,双曲曲率流の安定な数値計算,2025,日本応用数理学会
大熊 香里,株式会社QUICK,,,,An Algebraic Stochastic Asymptotic Expansion of the Solution of a Semilinear PDE,2025,日本応用数理学会
大熊 香里,株式会社QUICK,,,,An Algebraic Stochastic Asymptotic Expansion of the Solution of a Semilinear PDE,2025,日本応用数理学会
大古 一聡,東京大学情報理工学系研究科数理情報学専攻 / 理研AIP,,,,全勾配を用いない勾配推定量: 1次及び2次の最適性と連合学習への応用,2022,日本応用数理学会
大古 一聡,東京大学情報理工学系研究科数理情報学専攻 / 理研AIP,,,,全勾配を用いない勾配推定量: 1次及び2次の最適性と連合学習への応用,2022,日本応用数理学会
大江 貴司,岡山理科大学,,,,異常拡散方程式に対する基本解近似解法におけるConvolution Quadrature Method の適用,2024,日本応用数理学会
大江 貴司,岡山理科大学,,,,異常拡散方程式に対する基本解近似解法におけるConvolution Quadrature Method の適用,2024,日本応用数理学会
大江 貴司,岡山理科大学,,,,非整数階拡散方程式に対する代用電荷法の適用について,2021,日本応用数理学会
大江 貴司,岡山理科大学,,,,非整数階拡散方程式に対する代用電荷法の適用について,2021,日本応用数理学会
大崎 純,京都大学大学院工学研究科,,,,ラプラシアンを明示的に考慮した強化学習エージェントによる三角形分割されたシェル構造の施工順序最適化,2025,日本応用数理学会
大崎 純,京都大学大学院工学研究科,,,,ラプラシアンを明示的に考慮した強化学習エージェントによる三角形分割されたシェル構造の施工順序最適化,2025,日本応用数理学会
大崎 純,京都大学,,,,均一な六角形ユニットを有する円筒機構の静的構造解析,2021,日本応用数理学会
大崎 純,京都大学,,,,均一な六角形ユニットを有する円筒機構の静的構造解析,2021,日本応用数理学会
大崎 純,京都大学,,,,剛体折紙ユニットを用いた平坦折り可能なトーラスとマスト構造,2025,日本応用数理学会
大崎 純,京都大学,,,,剛体折紙ユニットを用いた平坦折り可能なトーラスとマスト構造,2025,日本応用数理学会
大崎 純,京都大学大学院,,,,切れ目を有する剛体折紙の曲面近似のための折線配置最適化,2021,日本応用数理学会
大崎 純,京都大学大学院,,,,切れ目を有する剛体折紙の曲面近似のための折線配置最適化,2021,日本応用数理学会
大崎 純,京都大学大学院工学研究科建築学専攻,,,,離散平均曲率一定曲面における力の釣り合い,2022,日本応用数理学会
大崎 純,京都大学大学院工学研究科建築学専攻,,,,離散平均曲率一定曲面における力の釣り合い,2022,日本応用数理学会
大手 雄登,明治大学大学院　先端数理科学研究科　現象数理科学専攻,,,,Surface PDE: mathematical modeling and numerical approximation,2021,日本応用数理学会
大手 雄登,明治大学大学院　先端数理科学研究科　現象数理科学専攻,,,,Surface PDE: mathematical modeling and numerical approximation,2021,日本応用数理学会
大住 七重,宇都宮大学,,,,スケールフリーネットワーク上のSIRモデルにおける感染率と感染者数の対数関係,2024,日本応用数理学会
大住 七重,宇都宮大学,,,,スケールフリーネットワーク上のSIRモデルにおける感染率と感染者数の対数関係,2024,日本応用数理学会
大住 七重,宇都宮大学,,,,ネットワーク上のSIRモデルにおける感染率と最大感染者数の関係,2025,日本応用数理学会
大住 七重,宇都宮大学,,,,ネットワーク上のSIRモデルにおける感染率と最大感染者数の関係,2025,日本応用数理学会
大城 泰平,東京大学,,,,分割的付値斜体におけるDieudonné行列式の付値計算,2021,日本応用数理学会
大城 泰平,東京大学,,,,分割的付値斜体におけるDieudonné行列式の付値計算,2021,日本応用数理学会
大城 隆之介,東京大学,,,,最適輸送問題によるグラフ求積の定式化へのK-メディアン問題・ＤＣ計画によるアプローチ,2022,日本応用数理学会
大城 隆之介,東京大学,,,,最適輸送問題によるグラフ求積の定式化へのK-メディアン問題・ＤＣ計画によるアプローチ,2022,日本応用数理学会
大森 淳寛,明治大学,,,,東京都の熱中症搬送者数の予測統合モデルの解析とその動的な解釈,2024,日本応用数理学会
大森 淳寛,明治大学,,,,東京都の熱中症搬送者数の予測統合モデルの解析とその動的な解釈,2024,日本応用数理学会
大森 淳寬,明治大学,,,,東京都の熱中症患者数の1日先予測モデルの精度比較とモデルの解釈,2024,日本応用数理学会
大森 淳寬,明治大学,,,,東京都の熱中症患者数の1日先予測モデルの精度比較とモデルの解釈,2024,日本応用数理学会
大森 祥輔,早稲田大学 先進理工学部,,,,Neimark-Sacker分岐を示すトロピカル差分化されたモデルと超離散モデルとの関係について,2021,日本応用数理学会
大森 祥輔,早稲田大学 先進理工学部,,,,Neimark-Sacker分岐を示すトロピカル差分化されたモデルと超離散モデルとの関係について,2021,日本応用数理学会
大森 祥輔,早稲田大学先進理工学部物理学科,,,,Neimark-Sacker分岐を示す超離散モデルについて,2021,日本応用数理学会
大森 祥輔,早稲田大学先進理工学部物理学科,,,,Neimark-Sacker分岐を示す超離散モデルについて,2021,日本応用数理学会
大森 祥輔,法政大学,,,,ロバストカオスを生じる超離散力学系,2025,日本応用数理学会
大森 祥輔,法政大学,,,,ロバストカオスを生じる超離散力学系,2025,日本応用数理学会
大森 祥輔,早稲田大学先進理工学部物理学科,,,,一般化超離散Sel’kovモデルのリミットサイクルにおける状態数について,2022,日本応用数理学会
大森 祥輔,早稲田大学先進理工学部物理学科,,,,一般化超離散Sel’kovモデルのリミットサイクルにおける状態数について,2022,日本応用数理学会
大森 敏明,神戸大学,,,,データ駆動型アプローチによる神経ネットワークのダイナミクス推定,2021,日本応用数理学会
大森 敏明,神戸大学,,,,データ駆動型アプローチによる神経ネットワークのダイナミクス推定,2021,日本応用数理学会
大森 敏明,神戸大学 大学院工学研究科,,,,温度の効果を導入した自己組織化状態空間モデルによる神経ダイナミクスの推定,2022,日本応用数理学会
大森 敏明,神戸大学 大学院工学研究科,,,,温度の効果を導入した自己組織化状態空間モデルによる神経ダイナミクスの推定,2022,日本応用数理学会
大森 亮介,北海道大学,,,,感染症流行時における人々の移動に関する意思決定のタイミング：宿泊予約データと携帯電話位置情報データの統合分析,2025,日本応用数理学会
大森 亮介,北海道大学,,,,感染症流行時における人々の移動に関する意思決定のタイミング：宿泊予約データと携帯電話位置情報データの統合分析,2025,日本応用数理学会
大森 亮介,北海道大学,,,,新興感染症出現時の将来の行動についての意思決定の定量化,2022,日本応用数理学会
大森 亮介,北海道大学,,,,新興感染症出現時の将来の行動についての意思決定の定量化,2022,日本応用数理学会
大西 勇,広島大学大学院統合生命科学研究科・理学部数学科,,,,ノイズを含む線形システムの制御戦略の比較分析：LQR、カルマン+LQR、SMC、MPC,2025,日本応用数理学会
大西 勇,広島大学大学院統合生命科学研究科・理学部数学科,,,,ノイズを含む線形システムの制御戦略の比較分析：LQR、カルマン+LQR、SMC、MPC,2025,日本応用数理学会
大西 勇,広島大学大学院統合生命科学研究科・理学部数学科,,,,確率モデル予測制御による野外フェスティバルにおける歓声と低周波ノイズの制御,2025,日本応用数理学会
大西 勇,広島大学大学院統合生命科学研究科・理学部数学科,,,,確率モデル予測制御による野外フェスティバルにおける歓声と低周波ノイズの制御,2025,日本応用数理学会
大西 立顕,立教大学大学院人工知能科学研究科,,,,ネットワーク科学を活用した物質・材料研究,2022,日本応用数理学会
大西 立顕,立教大学大学院人工知能科学研究科,,,,ネットワーク科学を活用した物質・材料研究,2022,日本応用数理学会
大石 俊,理化学研究所,,,,流線トポロジー解析を用いた黒潮蛇行発生の特定,2022,日本応用数理学会
大石 俊,理化学研究所,,,,流線トポロジー解析を用いた黒潮蛇行発生の特定,2022,日本応用数理学会
大石 進一,早稲田大学,,,,1次元エノン方程式の分岐図に対する計算機援用解析,2021,日本応用数理学会
大石 進一,早稲田大学,,,,1次元エノン方程式の分岐図に対する計算機援用解析,2021,日本応用数理学会
大石 進一,早稲田大学,,,,２次元領域における三角形分割の事後保証法,2022,日本応用数理学会
大石 進一,早稲田大学,,,,２次元領域における三角形分割の事後保証法,2022,日本応用数理学会
大石 進一,早稲田大学,,,,Batt-Faltenbacher-Horst方程式の解の精度保証付き数値計算,2022,日本応用数理学会
大石 進一,早稲田大学,,,,Batt-Faltenbacher-Horst方程式の解の精度保証付き数値計算,2022,日本応用数理学会
大石 進一,早稲田大学,,,,Macky-Glass方程式に外力を加えた方程式のシミュレーショ ンと逆作用素のノルム評価について,2022,日本応用数理学会
大石 進一,早稲田大学,,,,Macky-Glass方程式に外力を加えた方程式のシミュレーショ ンと逆作用素のノルム評価について,2022,日本応用数理学会
大石 進一,早稲田大学,,,,外力項を加えた池田遅延微分方程式における分数調波解の精度保証,2022,日本応用数理学会
大石 進一,早稲田大学,,,,外力項を加えた池田遅延微分方程式における分数調波解の精度保証,2022,日本応用数理学会
大石 進一,早稲田大学,,,,計算機援用によるエノン型方程式の正値対称解の多重性解析,2024,日本応用数理学会
大石 進一,早稲田大学,,,,計算機援用によるエノン型方程式の正値対称解の多重性解析,2024,日本応用数理学会
大石 進一,早稲田大学,,,,制約条件付き凸計画問題の解に対する成分毎精度保証付き数値計算法,2024,日本応用数理学会
大石 進一,早稲田大学,,,,制約条件付き凸計画問題の解に対する成分毎精度保証付き数値計算法,2024,日本応用数理学会
大石 進一,早稲田大学,,,,楕円型方程式と放物型方程式に対する半離散ガレルキン近似の誤差定数について,2021,日本応用数理学会
大石 進一,早稲田大学,,,,楕円型方程式と放物型方程式に対する半離散ガレルキン近似の誤差定数について,2021,日本応用数理学会
大石 進一,早稲田大学,,,,遅延van der Pol-Duffing方程式に対する逆分岐図を用いた分数調波解の解析,2021,日本応用数理学会
大石 進一,早稲田大学,,,,遅延van der Pol-Duffing方程式に対する逆分岐図を用いた分数調波解の解析,2021,日本応用数理学会
大石 進一,早稲田大学,,,,遅延van der Pol-Duffing方程式の非周期解の数値計算,2021,日本応用数理学会
大石 進一,早稲田大学,,,,遅延van der Pol-Duffing方程式の非周期解の数値計算,2021,日本応用数理学会
大石 進一,早稲田大学,,,,遅延連立エルニーニョ方程式に対する逆分岐図を用いた分数調波解の解析,2022,日本応用数理学会
大石 進一,早稲田大学,,,,遅延連立エルニーニョ方程式に対する逆分岐図を用いた分数調波解の解析,2022,日本応用数理学会
大石 進一,早稲田大学,,,,熱方程式のPetrov型全離散ガレルキン近似の事前誤差評価,2024,日本応用数理学会
大石 進一,早稲田大学,,,,熱方程式のPetrov型全離散ガレルキン近似の事前誤差評価,2024,日本応用数理学会
大石 進一,早稲田大学,,,,非線形遅延微分方程式の概周期解のガレルキン近似解の導出 --精度保証に向けて--,2021,日本応用数理学会
大石 進一,早稲田大学,,,,非線形遅延微分方程式の概周期解のガレルキン近似解の導出 --精度保証に向けて--,2021,日本応用数理学会
大石 進一,早稲田大学理工学術院,,,,分布遅延項を含む遅延微分方程式における分数調波解の精度保証,2024,日本応用数理学会
大石 進一,早稲田大学理工学術院,,,,分布遅延項を含む遅延微分方程式における分数調波解の精度保証,2024,日本応用数理学会
大石 進一,早稲田大学,,,,放物型方程式の全離散近似に対する誤差評価について,2022,日本応用数理学会
大石 進一,早稲田大学,,,,放物型方程式の全離散近似に対する誤差評価について,2022,日本応用数理学会
大石 和臣,静岡理工科大学,,,,ラテン方陣を用いた秘密分散法の匿名公開鍵証明書への応用,2022,日本応用数理学会
大石 和臣,静岡理工科大学,,,,ラテン方陣を用いた秘密分散法の匿名公開鍵証明書への応用,2022,日本応用数理学会
大村 拓也,Max Planck Institute for Terrestrial Microbiology,,,,Marangoni効果により駆動される液滴の運動の常微分方程式系による記述,2021,日本応用数理学会
大村 拓也,Max Planck Institute for Terrestrial Microbiology,,,,Marangoni効果により駆動される液滴の運動の常微分方程式系による記述,2021,日本応用数理学会
大谷 寛明,核融合科学研究所,,,,バーチャルリアリティ可視化によるプラズマ対向壁と高速トリトン粒子衝突点の解析,2021,日本応用数理学会
大谷 寛明,核融合科学研究所,,,,バーチャルリアリティ可視化によるプラズマ対向壁と高速トリトン粒子衝突点の解析,2021,日本応用数理学会
大谷 寛明,核融合科学研究所,,,,辺要素有限要素法による高温超伝導テープ線材中の磁気遮蔽電流密度解析,2021,日本応用数理学会
大谷 寛明,核融合科学研究所,,,,辺要素有限要素法による高温超伝導テープ線材中の磁気遮蔽電流密度解析,2021,日本応用数理学会
大塚 岳,群馬大学 情報学部,,,,クリスタライン曲率流によるスパイラル成長の一般化された等高線法を用いた最適化運動アルゴリズム,2025,日本応用数理学会
大塚 岳,群馬大学 情報学部,,,,クリスタライン曲率流によるスパイラル成長の一般化された等高線法を用いた最適化運動アルゴリズム,2025,日本応用数理学会
大塚 岳,群馬大学,,,,符号拡散による2値クラス分類器とその応用,2021,日本応用数理学会
大塚 岳,群馬大学,,,,符号拡散による2値クラス分類器とその応用,2021,日本応用数理学会
大槻 紗季,東京大学大学院情報理工学系研究科,,,,効率的な同種写像計算Square-root Vélu法における最適な添え字集合の探索,2022,日本応用数理学会
大槻 紗季,東京大学大学院情報理工学系研究科,,,,効率的な同種写像計算Square-root Vélu法における最適な添え字集合の探索,2022,日本応用数理学会
大槻 優太,中央大学,,,,Gerber-Shiuライクなペナルティ関数最小化による投資及び再保険戦略,2024,日本応用数理学会
大槻 優太,中央大学,,,,Gerber-Shiuライクなペナルティ関数最小化による投資及び再保険戦略,2024,日本応用数理学会
大坪 紘一,東洋大学,,,,有限フレネル変換による最適直交帯域制限関数,2024,日本応用数理学会
大坪 紘一,東洋大学,,,,有限フレネル変換による最適直交帯域制限関数,2024,日本応用数理学会
大坪 紘一,東洋大学,,,,有限フレネル変換による直交関数系,2025,日本応用数理学会
大坪 紘一,東洋大学,,,,有限フレネル変換による直交関数系,2025,日本応用数理学会
大庭 帆貴,東京大学大学院工学系研究科航空宇宙工学専攻,,,,情報提供の遅れによる待ち時間の挙動の解析,2022,日本応用数理学会
大庭 帆貴,東京大学大学院工学系研究科航空宇宙工学専攻,,,,情報提供の遅れによる待ち時間の挙動の解析,2022,日本応用数理学会
大島 伸行,北海道大学,,,,固体境界が埋め込まれたナビエ・ストークス方程式と画像データ駆動流れシミュレーションへの応用,2025,日本応用数理学会
大島 伸行,北海道大学,,,,固体境界が埋め込まれたナビエ・ストークス方程式と画像データ駆動流れシミュレーションへの応用,2025,日本応用数理学会
大島 聡史,九州大学,,,,HPC-GENIE: LLMを利用したHPCコード自動生成プロジェクト -- 概要とケーススタディ--,2025,日本応用数理学会
大島 聡史,九州大学,,,,HPC-GENIE: LLMを利用したHPCコード自動生成プロジェクト -- 概要とケーススタディ--,2025,日本応用数理学会
大島 聡史,名古屋大学,,,,マルチインスタンスGPU上におけるBLR行列のQR分解,2022,日本応用数理学会
大島 聡史,名古屋大学,,,,マルチインスタンスGPU上におけるBLR行列のQR分解,2022,日本応用数理学会
大島 聡史,名古屋大学情報基盤センター,,,,高精度行列-行列積ライブラリの実装選択パラメタの特徴量解析,2021,日本応用数理学会
大島 聡史,名古屋大学情報基盤センター,,,,高精度行列-行列積ライブラリの実装選択パラメタの特徴量解析,2021,日本応用数理学会
大島 聡史,名古屋大学情報基盤センター,,,,自動チューニングにおけるXAI適用の試み：精度保証数値計算ライブラリを例にして,2022,日本応用数理学会
大島 聡史,名古屋大学情報基盤センター,,,,自動チューニングにおけるXAI適用の試み：精度保証数値計算ライブラリを例にして,2022,日本応用数理学会
大嶋 泰介,Nature Architects 株式会社,,,,コンプライアントメカニズムの幾何非線形挙動を高精度かつ高速に予測するサロゲートモデルの提案,2022,日本応用数理学会
大嶋 泰介,Nature Architects 株式会社,,,,コンプライアントメカニズムの幾何非線形挙動を高精度かつ高速に予測するサロゲートモデルの提案,2022,日本応用数理学会
大福 優介,龍谷大学,,,,立方体の表面の最小跡と最遠点写像,2021,日本応用数理学会
大福 優介,龍谷大学,,,,立方体の表面の最小跡と最遠点写像,2021,日本応用数理学会
大平 健太,名古屋大学 情報学研究科,,,,特殊な遅延微分方程式におけるフーリエ変換を用いた解の構成,2024,日本応用数理学会
大平 健太,名古屋大学 情報学研究科,,,,特殊な遅延微分方程式におけるフーリエ変換を用いた解の構成,2024,日本応用数理学会
大平 健太,名古屋大学情報学研究科,,,,非自励系の遅れ微分方程式に関するいくつかの考察,2025,日本応用数理学会
大平 健太,名古屋大学情報学研究科,,,,非自励系の遅れ微分方程式に関するいくつかの考察,2025,日本応用数理学会
大平 彩恵,立命館大学大学院,,,,An Algebraic Stochastic Asymptotic Expansion of the Solution of a Semilinear PDE,2025,日本応用数理学会
大平 彩恵,立命館大学大学院,,,,An Algebraic Stochastic Asymptotic Expansion of the Solution of a Semilinear PDE,2025,日本応用数理学会
大平 徹,名古屋大学大学院多元数理科学研究科,,,,遅れの確率的切り替えによる安定領域の拡張,2021,日本応用数理学会
大平 徹,名古屋大学大学院多元数理科学研究科,,,,遅れの確率的切り替えによる安定領域の拡張,2021,日本応用数理学会
大平 徹,名古屋大学大学院多元数理科学研究科,,,,遅れランダムウォークから遅れフォッカー・プランク方程式へ,2022,日本応用数理学会
大平 徹,名古屋大学大学院多元数理科学研究科,,,,遅れランダムウォークから遅れフォッカー・プランク方程式へ,2022,日本応用数理学会
大木谷 耕司,京都大学 数理解析研究所,,,,Constantin-Lax-Majda 方程式の多次元化とその応用,2024,日本応用数理学会
大木谷 耕司,京都大学 数理解析研究所,,,,Constantin-Lax-Majda 方程式の多次元化とその応用,2024,日本応用数理学会
大木谷 耕司,京都大学,,,,全平面におけるNavier-Stokes流の数値計算,2022,日本応用数理学会
大木谷 耕司,京都大学,,,,全平面におけるNavier-Stokes流の数値計算,2022,日本応用数理学会
大木谷 耕司,京都大学 数理解析研究所,,,,流体方程式の自己相似解の再考,2021,日本応用数理学会
大木谷 耕司,京都大学 数理解析研究所,,,,流体方程式の自己相似解の再考,2021,日本応用数理学会
大野 航太,中央大学,,,,Chimera and Multichimera behaviors in nonlocally coupled oscillator system,2022,日本応用数理学会
大野 航太,中央大学,,,,Chimera and Multichimera behaviors in nonlocally coupled oscillator system,2022,日本応用数理学会
大野 航太,中央大学,,,,表皮数理モデルを用いた基底膜形状と培養皮膚への応用,2021,日本応用数理学会
大野 航太,中央大学,,,,表皮数理モデルを用いた基底膜形状と培養皮膚への応用,2021,日本応用数理学会
大野 正夫,株式会社IHI,,,,大規模灌漑システムの最適制御に向けたVAR-LiNGAMによる因果解析,2025,日本応用数理学会
大野 正夫,株式会社IHI,,,,大規模灌漑システムの最適制御に向けたVAR-LiNGAMによる因果解析,2025,日本応用数理学会
大野 博,茨城大学,,,,3段2次のImplicit-Explict ルンゲークッタ法の安定性,2021,日本応用数理学会
大野 博,茨城大学,,,,3段2次のImplicit-Explict ルンゲークッタ法の安定性,2021,日本応用数理学会
大矢 長門,京都大学　情報学研究科　数理工学専攻　物理統計学分野,,,,カオス同期における振幅減衰モデル,2022,日本応用数理学会
大矢 長門,京都大学　情報学研究科　数理工学専攻　物理統計学分野,,,,カオス同期における振幅減衰モデル,2022,日本応用数理学会
大矢 長門,京都大学,,,,位相変位カオス同期,2024,日本応用数理学会
大矢 長門,京都大学,,,,位相変位カオス同期,2024,日本応用数理学会
大矢 長門,京都大学,,,,多体系一般化ブール変換における発散条件,2025,日本応用数理学会
大矢 長門,京都大学,,,,多体系一般化ブール変換における発散条件,2025,日本応用数理学会
大林 一平,岡山大学,,,,完全可換クイバーの区間近似とその応用,2024,日本応用数理学会
大林 一平,岡山大学,,,,完全可換クイバーの区間近似とその応用,2024,日本応用数理学会
大林 一平,岡山大学,,,,受動歩行における吸引領域の変化とそのメカニズム,2021,日本応用数理学会
大林 一平,岡山大学,,,,受動歩行における吸引領域の変化とそのメカニズム,2021,日本応用数理学会
大林 一平,岡山大学,,,,受動歩行の脚質量に応じたフラクタルな吸引領域の変化,2024,日本応用数理学会
大林 一平,岡山大学,,,,受動歩行の脚質量に応じたフラクタルな吸引領域の変化,2024,日本応用数理学会
大林 一平,岡山大学,,,,焼結鉱3次元CT画像のパーシステントホモロジーと非負行列分解による解析,2021,日本応用数理学会
大林 一平,岡山大学,,,,焼結鉱3次元CT画像のパーシステントホモロジーと非負行列分解による解析,2021,日本応用数理学会
大林 一平,岡山大学,,,,連結パーシステンス図の高速計算アルゴリズム,2024,日本応用数理学会
大林 一平,岡山大学,,,,連結パーシステンス図の高速計算アルゴリズム,2024,日本応用数理学会
大林 一平,岡山大学,,,,連結パーシステンス図計算ソフトウェアRuCPDの紹介,2024,日本応用数理学会
大林 一平,岡山大学,,,,連結パーシステンス図計算ソフトウェアRuCPDの紹介,2024,日本応用数理学会
大澤 智興,九州工業大学,,,,時間遅れを伴う動的フロアフィールドモデル,2024,日本応用数理学会
大澤 智興,九州工業大学,,,,時間遅れを伴う動的フロアフィールドモデル,2024,日本応用数理学会
大澤 悠一,東京大学大学院,,,,再生核を用いた脳磁場補外法,2024,日本応用数理学会
大澤 悠一,東京大学大学院,,,,再生核を用いた脳磁場補外法,2024,日本応用数理学会
大藪 連,早稲田大学,,,,再帰max-plus方程式の高階化で得られる漸近安定系について,2025,日本応用数理学会
大藪 連,早稲田大学,,,,再帰max-plus方程式の高階化で得られる漸近安定系について,2025,日本応用数理学会
滝口 孝志,防衛大学校数学教育室,,,,Non-destructive inspection for metal jets and the ideas for the practicalization of CT,2022,日本応用数理学会
滝口 孝志,防衛大学校数学教育室,,,,Non-destructive inspection for metal jets and the ideas for the practicalization of CT,2022,日本応用数理学会
滝口 孝志,防衛大学校,,,,過剰決定系における解の構造とその逆問題への応用,2024,日本応用数理学会
滝口 孝志,防衛大学校,,,,過剰決定系における解の構造とその逆問題への応用,2024,日本応用数理学会
滝沢 寛之,東北大学,,,,SYCLプログラミング環境の実装と自動チューニング機能の評価,2022,日本応用数理学会
滝沢 寛之,東北大学,,,,SYCLプログラミング環境の実装と自動チューニング機能の評価,2022,日本応用数理学会
滝沢 研二,早稲田大学,,,,Isogeometric離散化に基づく面垂直応力を考慮したKirchhoff--Loveシェル定式化 -平面応力シェルとの比較・検討-,2021,日本応用数理学会
滝沢 研二,早稲田大学,,,,Isogeometric離散化に基づく面垂直応力を考慮したKirchhoff--Loveシェル定式化 -平面応力シェルとの比較・検討-,2021,日本応用数理学会
滝沢 研二,早稲田大学,,,,Space–Time法による波動方程式の数値解析におけるDirichlet境界安定化手法の検討,2025,日本応用数理学会
滝沢 研二,早稲田大学,,,,Space–Time法による波動方程式の数値解析におけるDirichlet境界安定化手法の検討,2025,日本応用数理学会
滝沢 研二,早稲田大学,,,,傘の応力状態に着目したT-splineによる設計,2022,日本応用数理学会
滝沢 研二,早稲田大学,,,,傘の応力状態に着目したT-splineによる設計,2022,日本応用数理学会
瀧 雄也,創価大学院理工学研究科情報システム工学専攻,,,,Taylor 級数法による特異解析と佐藤超関数の応用可能性について,2024,日本応用数理学会
瀧 雄也,創価大学院理工学研究科情報システム工学専攻,,,,Taylor 級数法による特異解析と佐藤超関数の応用可能性について,2024,日本応用数理学会
瀧 雄也,創価大学大学院理工学研究科情報システム工学専攻石井研究室,,,,テイラー級数法と超関数によるヒルベルト変換の考察,2024,日本応用数理学会
瀧 雄也,創価大学大学院理工学研究科情報システム工学専攻石井研究室,,,,テイラー級数法と超関数によるヒルベルト変換の考察,2024,日本応用数理学会
瀧 雄也,創価大学大学院理工学研究科情報システム工学専攻,,,,超関数の離散的考察について,2022,日本応用数理学会
瀧 雄也,創価大学大学院理工学研究科情報システム工学専攻,,,,超関数の離散的考察について,2022,日本応用数理学会
沢井 宇宙,早稲田大学,,,,２次元領域における三角形分割の事後保証法,2022,日本応用数理学会
沢井 宇宙,早稲田大学,,,,２次元領域における三角形分割の事後保証法,2022,日本応用数理学会
谷 正彦,福井大学 遠赤外領域開発研究センター,,,,カオス超越性を用いたレーザーカオスによるTHｚ波の出力,2025,日本応用数理学会
谷 正彦,福井大学 遠赤外領域開発研究センター,,,,カオス超越性を用いたレーザーカオスによるTHｚ波の出力,2025,日本応用数理学会
谷 正彦,福井大学遠赤センター,,,,光ビートの効率解析によるレーザーカオスにおけるモードの同時性の証明,2022,日本応用数理学会
谷 正彦,福井大学遠赤センター,,,,光ビートの効率解析によるレーザーカオスにおけるモードの同時性の証明,2022,日本応用数理学会
谷 知樹,山陽小野田市立山口東京理科大学,,,,修正カオス尺度を用いた交通流モデルのカオスの定量化,2021,日本応用数理学会
谷 知樹,山陽小野田市立山口東京理科大学,,,,修正カオス尺度を用いた交通流モデルのカオスの定量化,2021,日本応用数理学会
谷 直樹,法政大学,,,,実時間TDDFTから得られる時系列データに関するSVD解析,2025,日本応用数理学会
谷 直樹,法政大学,,,,実時間TDDFTから得られる時系列データに関するSVD解析,2025,日本応用数理学会
谷口 智之,国立研究開発法人 海上・港湾・航空技術研究所 海上技術安全研究所,,,,曲面特徴量による船体曲がり外板の加工時間推定の検討,2025,日本応用数理学会
谷口 智之,国立研究開発法人 海上・港湾・航空技術研究所 海上技術安全研究所,,,,曲面特徴量による船体曲がり外板の加工時間推定の検討,2025,日本応用数理学会
谷口 智之,国立研究開発法人 海上・港湾・航空技術研究所 海上技術安全研究所,,,,曲面特徴量に基づく船体曲がり外板加工時間の分析,2024,日本応用数理学会
谷口 智之,国立研究開発法人 海上・港湾・航空技術研究所 海上技術安全研究所,,,,曲面特徴量に基づく船体曲がり外板加工時間の分析,2024,日本応用数理学会
谷口 靖憲,早稲田大学,,,,Isogeometric離散化に基づく面垂直応力を考慮したKirchhoff--Loveシェル定式化 -平面応力シェルとの比較・検討-,2021,日本応用数理学会
谷口 靖憲,早稲田大学,,,,Isogeometric離散化に基づく面垂直応力を考慮したKirchhoff--Loveシェル定式化 -平面応力シェルとの比較・検討-,2021,日本応用数理学会
谷口 靖憲,東京大学,,,,Space–Time法による波動方程式の数値解析におけるDirichlet境界安定化手法の検討,2025,日本応用数理学会
谷口 靖憲,東京大学,,,,Space–Time法による波動方程式の数値解析におけるDirichlet境界安定化手法の検討,2025,日本応用数理学会
谷口 隆晴,神戸大学,理化学研究所,,,[企画講演] 深層学習の物理モデリング・シミュレーションへの応用における最近の話題,2025,日本応用数理学会
谷口 隆晴,神戸大学,理化学研究所,,,[企画講演] 深層学習の物理モデリング・シミュレーションへの応用における最近の話題,2025,日本応用数理学会
谷口 隆晴,神戸大学,,,,Navier-Stokes方程式に対するPINNsの残差学習による事後誤差推定,2025,日本応用数理学会
谷口 隆晴,神戸大学,,,,Navier-Stokes方程式に対するPINNsの残差学習による事後誤差推定,2025,日本応用数理学会
谷口 隆晴,神戸大学,,,,アンケートデータによって条件付けた交流ネットワーク解析,2025,日本応用数理学会
谷口 隆晴,神戸大学,,,,アンケートデータによって条件付けた交流ネットワーク解析,2025,日本応用数理学会
谷口 隆晴,神戸大学,,,,ハミルトニアンニューラルネットワークの近似性能評価,2021,日本応用数理学会
谷口 隆晴,神戸大学,,,,ハミルトニアンニューラルネットワークの近似性能評価,2021,日本応用数理学会
谷口 隆晴,神戸大学大学院システム情報学研究科,,,,ハミルトン系からなる連成系のシンプレクティック性について,2021,日本応用数理学会
谷口 隆晴,神戸大学大学院システム情報学研究科,,,,ハミルトン系からなる連成系のシンプレクティック性について,2021,日本応用数理学会
谷口 隆晴,神戸大学,理化学研究所,,,ハミルトン偏微分方程式のスペクトル表現に基づく構造保存型作用素学習,2025,日本応用数理学会
谷口 隆晴,神戸大学,理化学研究所,,,ハミルトン偏微分方程式のスペクトル表現に基づく構造保存型作用素学習,2025,日本応用数理学会
谷口 隆晴,神戸大学,,,,ポアソン＝ディラック構造を用いた深層学習による連成系のモデル化,2025,日本応用数理学会
谷口 隆晴,神戸大学,,,,ポアソン＝ディラック構造を用いた深層学習による連成系のモデル化,2025,日本応用数理学会
谷口 隆晴,神戸大学大学院理学研究科,,,,言語のための状態空間モデルによるハミルトン力学の時系列予測の試み,2025,日本応用数理学会
谷口 隆晴,神戸大学大学院理学研究科,,,,言語のための状態空間モデルによるハミルトン力学の時系列予測の試み,2025,日本応用数理学会
谷口 隆晴,神戸大学,,,,交流アンケートデータからのネットワーク特徴量推定について,2022,日本応用数理学会
谷口 隆晴,神戸大学,,,,交流アンケートデータからのネットワーク特徴量推定について,2022,日本応用数理学会
谷口 隆晴,神戸大学,,,,深層学習を用いてデータから力学系の第一積分を発見し保存するモデル化法,2022,日本応用数理学会
谷口 隆晴,神戸大学,,,,深層学習を用いてデータから力学系の第一積分を発見し保存するモデル化法,2022,日本応用数理学会
谷口 隆晴,神戸大学大学院システム情報学研究科,,,,深層離散時間ラグランジュ力学モデル,2021,日本応用数理学会
谷口 隆晴,神戸大学大学院システム情報学研究科,,,,深層離散時間ラグランジュ力学モデル,2021,日本応用数理学会
谷口 隆晴,神戸大学大学院理学研究科,,,,非線形波動のモデリングのためのハミルトニアン密度の作用素学習,2024,日本応用数理学会
谷口 隆晴,神戸大学大学院理学研究科,,,,非線形波動のモデリングのためのハミルトニアン密度の作用素学習,2024,日本応用数理学会
谷口 隆晴,神戸大学大学院理学研究科,,,,複数のハミルトン系を同時に学習するシンプレクティックニューラルネットワーク,2025,日本応用数理学会
谷口 隆晴,神戸大学大学院理学研究科,,,,複数のハミルトン系を同時に学習するシンプレクティックニューラルネットワーク,2025,日本応用数理学会
谷口 隆晴,神戸大学,,,,複数の研究分野の連携と数理科学,2022,日本応用数理学会
谷口 隆晴,神戸大学,,,,複数の研究分野の連携と数理科学,2022,日本応用数理学会
谷口 隆晴,神戸大学,,,,摩擦付き質点バネ系の非平衡熱力学モデルに対するエネルギー保存型数値解法,2021,日本応用数理学会
谷口 隆晴,神戸大学,,,,摩擦付き質点バネ系の非平衡熱力学モデルに対するエネルギー保存型数値解法,2021,日本応用数理学会
谷口 隆晴,神戸大学,理化学研究所,,,無限次元ハミルトン系を学習するための近似的なシンプレクティックニューラル作用素,2025,日本応用数理学会
谷口 隆晴,神戸大学,理化学研究所,,,無限次元ハミルトン系を学習するための近似的なシンプレクティックニューラル作用素,2025,日本応用数理学会
谷川 賢嗣,北海道大学大学院 情報科学院,,,,ベイズ最適化によるプラントモデルパラメータの同定,2022,日本応用数理学会
谷川 賢嗣,北海道大学大学院 情報科学院,,,,ベイズ最適化によるプラントモデルパラメータの同定,2022,日本応用数理学会
谷川 眞一,東京大学,,,,弱順序に対する極大マトロイドの唯一性,2021,日本応用数理学会
谷川 眞一,東京大学,,,,弱順序に対する極大マトロイドの唯一性,2021,日本応用数理学会
谷地村 敏明,東北大学,,,,Sinkhorn MDSによる形状汎関数の可視化,2024,日本応用数理学会
谷地村 敏明,東北大学,,,,Sinkhorn MDSによる形状汎関数の可視化,2024,日本応用数理学会
谷地村 敏明,京都大学,,,,Topological Node2vec via Optimal Transport,2022,日本応用数理学会
谷地村 敏明,京都大学,,,,Topological Node2vec via Optimal Transport,2022,日本応用数理学会
谷地村 敏明,東北大学数理科学共創社会センター,,,,混合最適輸送理論とその応用,2024,日本応用数理学会
谷地村 敏明,東北大学数理科学共創社会センター,,,,混合最適輸送理論とその応用,2024,日本応用数理学会
谷地村 敏明,東北大学数理科学共創社会センター,,,,最適輸送理論とフェーズフィールド法を用いた画像データにもとづくモデル記述ツール,2025,日本応用数理学会
谷地村 敏明,東北大学数理科学共創社会センター,,,,最適輸送理論とフェーズフィールド法を用いた画像データにもとづくモデル記述ツール,2025,日本応用数理学会
谷田 桜子,東京大学,,,,TASEPを用いた新しい航空機搭乗の評価,2022,日本応用数理学会
谷田 桜子,東京大学,,,,TASEPを用いた新しい航空機搭乗の評価,2022,日本応用数理学会
谷田 桜子,東京大学,,,,重力モデルによる歩行者のOD交通量予測と測定誤差の影響,2022,日本応用数理学会
谷田 桜子,東京大学,,,,重力モデルによる歩行者のOD交通量予測と測定誤差の影響,2022,日本応用数理学会
谷道 鼓太朗,Nature Architects 株式会社,,,,コンプライアントメカニズムの幾何非線形挙動を高精度かつ高速に予測するサロゲートモデルの提案,2022,日本応用数理学会
谷道 鼓太朗,Nature Architects 株式会社,,,,コンプライアントメカニズムの幾何非線形挙動を高精度かつ高速に予測するサロゲートモデルの提案,2022,日本応用数理学会
谷本 明子,京都大学,,,,不都合な議員定数,2024,日本応用数理学会
谷本 明子,京都大学,,,,不都合な議員定数,2024,日本応用数理学会
谷澤 俊弘,トヨタ自動車株式会社,,,,周期軌道に着目した順序ネットワークを用いた位相的エントロピーの数値計算,2025,日本応用数理学会
谷澤 俊弘,トヨタ自動車株式会社,,,,周期軌道に着目した順序ネットワークを用いた位相的エントロピーの数値計算,2025,日本応用数理学会
谷澤 俊弘,トヨタ自動車株式会社,,,,順序分割ネットワークの動的なウィンドウサイズ調整に基づく位相的エントロピーの数値計算,2024,日本応用数理学会
谷澤 俊弘,トヨタ自動車株式会社,,,,順序分割ネットワークの動的なウィンドウサイズ調整に基づく位相的エントロピーの数値計算,2024,日本応用数理学会
丹後 秀一,名古屋大学,,,,形状最適化解析を対象にした Karhunen-Loeve 展開によるモデル次元縮退,2021,日本応用数理学会
丹後 秀一,名古屋大学,,,,形状最適化解析を対象にした Karhunen-Loeve 展開によるモデル次元縮退,2021,日本応用数理学会
鍛冶 静雄,九州大学,,,,2次元非圧縮キャビティ流れに対する流線トポロジー解析,2024,日本応用数理学会
鍛冶 静雄,九州大学,,,,2次元非圧縮キャビティ流れに対する流線トポロジー解析,2024,日本応用数理学会
鍛冶 静雄,九州大学マスフォアインダストリ研究所,,,,カオスの流れのトポロジカルダイナミクスモデリング,2025,日本応用数理学会
鍛冶 静雄,九州大学マスフォアインダストリ研究所,,,,カオスの流れのトポロジカルダイナミクスモデリング,2025,日本応用数理学会
鍛冶 静雄,九州大学マス・フォア・インダストリ研究所,京都大学理学研究科,,,カライドサイクルの存在証明,2025,日本応用数理学会
鍛冶 静雄,九州大学マス・フォア・インダストリ研究所,京都大学理学研究科,,,カライドサイクルの存在証明,2025,日本応用数理学会
鍛冶 静雄,九州大学マス・フォア・インダストリ研究所,,,,カライドサイクルの明示公式,2022,日本応用数理学会
鍛冶 静雄,九州大学マス・フォア・インダストリ研究所,,,,カライドサイクルの明示公式,2022,日本応用数理学会
池 祐一,東京大学,,,,TDA的損失関数の確率的劣勾配法に関する収束定理,2021,日本応用数理学会
池 祐一,東京大学,,,,TDA的損失関数の確率的劣勾配法に関する収束定理,2021,日本応用数理学会
池田 光優,みずほ第一フィナンシャルテクノロジー,,,,Rough SABR Forward Market Modelの下でのスワップションプライシング,2025,日本応用数理学会
池田 光優,みずほ第一フィナンシャルテクノロジー,,,,Rough SABR Forward Market Modelの下でのスワップションプライシング,2025,日本応用数理学会
池田 幸太,明治大学,,,,Analysis on the congestion in the optimal velocity model by self-induced nonlinearity,2024,日本応用数理学会
池田 幸太,明治大学,,,,Analysis on the congestion in the optimal velocity model by self-induced nonlinearity,2024,日本応用数理学会
池田 幸太,明治大学総合数理学部,,,,樟脳粒の数理モデルに対する中心多様体縮約理論,2021,日本応用数理学会
池田 幸太,明治大学総合数理学部,,,,樟脳粒の数理モデルに対する中心多様体縮約理論,2021,日本応用数理学会
池田 昭夫,京都大学大学院医学研究科てんかん・運動異常生理学講座,,,,順列エントロピーによるてんかん発作の特徴づけ,2024,日本応用数理学会
池田 昭夫,京都大学大学院医学研究科てんかん・運動異常生理学講座,,,,順列エントロピーによるてんかん発作の特徴づけ,2024,日本応用数理学会
池田 正弘,大阪大学大学院情報科学研究科,理化学研究所革新知能統合研究センター,,,クープマン作用素に基づく一般化確率的レジリエンスによるティッピング予測,2025,日本応用数理学会
池田 正弘,大阪大学大学院情報科学研究科,理化学研究所革新知能統合研究センター,,,クープマン作用素に基づく一般化確率的レジリエンスによるティッピング予測,2025,日本応用数理学会
池田 正弘,理研AIP,,,,関数値カーネルのToeplitz行列積による近似,2024,日本応用数理学会
池田 正弘,理研AIP,,,,関数値カーネルのToeplitz行列積による近似,2024,日本応用数理学会
池田 正弘,理化学研究所,,,,群畳み込みニューラルネットのリッジレット変換と群同変関数に対する普遍性,2022,日本応用数理学会
池田 正弘,理化学研究所,,,,群畳み込みニューラルネットのリッジレット変換と群同変関数に対する普遍性,2022,日本応用数理学会
池田 正弘,理化学研究所,,,,積分表現ニューラルネットが定める積分方程式の一般解,2021,日本応用数理学会
池田 正弘,理化学研究所,,,,積分表現ニューラルネットが定める積分方程式の一般解,2021,日本応用数理学会
池田 正弘,理化学研究所,,,,同時群同変モデルの統一的かつ構成的な普遍近似定理,2024,日本応用数理学会
池田 正弘,理化学研究所,,,,同時群同変モデルの統一的かつ構成的な普遍近似定理,2024,日本応用数理学会
池田 正弘,大阪大学,理化学研究所,,,半群の増大度に基づく深層学習の汎化誤差評価,2025,日本応用数理学会
池田 正弘,大阪大学,理化学研究所,,,半群の増大度に基づく深層学習の汎化誤差評価,2025,日本応用数理学会
池畠 優,広島大学,,,,囲い込み法を用いた線形弾性体におけるき裂の再構成について,2022,日本応用数理学会
池畠 優,広島大学,,,,囲い込み法を用いた線形弾性体におけるき裂の再構成について,2022,日本応用数理学会
竹口 佳輝,京都大学情報学研究科,,,,力学系理論を用いた感染症数理モデルSEIR系の最適制御,2022,日本応用数理学会
竹口 佳輝,京都大学情報学研究科,,,,力学系理論を用いた感染症数理モデルSEIR系の最適制御,2022,日本応用数理学会
竹村 春希,東京大学大学院数理科学研究科,,,,拡散項や分散項を持つ非線形移流方程式に対するsemi-Lagrangian methodの誤差評価,2025,日本応用数理学会
竹村 春希,東京大学大学院数理科学研究科,,,,拡散項や分散項を持つ非線形移流方程式に対するsemi-Lagrangian methodの誤差評価,2025,日本応用数理学会
竹田 航太,京都大学 理学研究科 数学教室,,,,HMCによるN点渦系の不変測度の構成,2022,日本応用数理学会
竹田 航太,京都大学 理学研究科 数学教室,,,,HMCによるN点渦系の不変測度の構成,2022,日本応用数理学会
竹田 航太,名古屋大学,,,,力学系の不安定性とアンサンブルカルマンフィルタによる状態推定メカニズムの関係について,2025,日本応用数理学会
竹田 航太,名古屋大学,,,,力学系の不安定性とアンサンブルカルマンフィルタによる状態推定メカニズムの関係について,2025,日本応用数理学会
竹内 あい,立命館大学,,,,所得格差下における第三者の給付金配分選好の実験研究,2025,日本応用数理学会
竹内 あい,立命館大学,,,,所得格差下における第三者の給付金配分選好の実験研究,2025,日本応用数理学会
竹内 謙善,香川大学,,,,FreeFEM による超弾性体の有限変形解析と形状最適化への応用,2021,日本応用数理学会
竹内 謙善,香川大学,,,,FreeFEM による超弾性体の有限変形解析と形状最適化への応用,2021,日本応用数理学会
竹内 謙善,香川大学,,,,コンクリート構造物の非定常熱伝導解析における解析条件の検討,2025,日本応用数理学会
竹内 謙善,香川大学,,,,コンクリート構造物の非定常熱伝導解析における解析条件の検討,2025,日本応用数理学会
竹内 謙善,香川大学,,,,ニット素材を対象とする超弾性構成則の提案,2021,日本応用数理学会
竹内 謙善,香川大学,,,,ニット素材を対象とする超弾性構成則の提案,2021,日本応用数理学会
竹内 謙善,香川大学　創造工学部,,,,位相最適化手法に基づく製品設計の実践と課題,2022,日本応用数理学会
竹内 謙善,香川大学　創造工学部,,,,位相最適化手法に基づく製品設計の実践と課題,2022,日本応用数理学会
竹内 謙善,香川大学　創造工学部,,,,固有振動数に基づく材料定数同定問題の解法,2022,日本応用数理学会
竹内 謙善,香川大学　創造工学部,,,,固有振動数に基づく材料定数同定問題の解法,2022,日本応用数理学会
竹内 謙善,香川大学,,,,材料定数同定問題における側面制約処理に関する研究,2024,日本応用数理学会
竹内 謙善,香川大学,,,,材料定数同定問題における側面制約処理に関する研究,2024,日本応用数理学会
竹内 謙善,香川大学　創造工学部,,,,二乗誤差最小化問題の解法に関する検討,2022,日本応用数理学会
竹内 謙善,香川大学　創造工学部,,,,二乗誤差最小化問題の解法に関する検討,2022,日本応用数理学会
竹内 謙善,香川大学,,,,美的評価指標を考慮した位相最適化手法の提案,2021,日本応用数理学会
竹内 謙善,香川大学,,,,美的評価指標を考慮した位相最適化手法の提案,2021,日本応用数理学会
竹内 康博,青山学院大学,,,,A delayed HIV infection model with the homeostatic proliferation of CD4+ T cells,2021,日本応用数理学会
竹内 康博,青山学院大学,,,,A delayed HIV infection model with the homeostatic proliferation of CD4+ T cells,2021,日本応用数理学会
竹内 康博,青山学院,,,,Dynamics of a delayed plant disease model with Beddington-DeAngelis disease transmission,2022,日本応用数理学会
竹内 康博,青山学院,,,,Dynamics of a delayed plant disease model with Beddington-DeAngelis disease transmission,2022,日本応用数理学会
竹内 泉,産業技術総合研究所,,,,ラテン方陣を用いた新しい秘密分散法,2022,日本応用数理学会
竹内 泉,産業技術総合研究所,,,,ラテン方陣を用いた新しい秘密分散法,2022,日本応用数理学会
竹内 知哉,千葉工業大学,,,,電力系統における潮流方程式を用いた動的頑健性の評価,2025,日本応用数理学会
竹内 知哉,千葉工業大学,,,,電力系統における潮流方程式を用いた動的頑健性の評価,2025,日本応用数理学会
竹内 博志,京都大学,,,,流線トポロジカルデータ解析による二次元乱流データの判別,2025,日本応用数理学会
竹内 博志,京都大学,,,,流線トポロジカルデータ解析による二次元乱流データの判別,2025,日本応用数理学会
竹内 祐介,京都大学,,,,Maxwell方程式に対する選点法を用いたisogeometric境界要素法における斜交メッシュ上でのCalderonの前処理に関する一考察,2021,日本応用数理学会
竹内 祐介,京都大学,,,,Maxwell方程式に対する選点法を用いたisogeometric境界要素法における斜交メッシュ上でのCalderonの前処理に関する一考察,2021,日本応用数理学会
中井 拳吾,岡山大学,,,,Littlewood-Paley分解の数学理論に立脚したリザバーコンピューティングの実装,2024,日本応用数理学会
中井 拳吾,岡山大学,,,,Littlewood-Paley分解の数学理論に立脚したリザバーコンピューティングの実装,2024,日本応用数理学会
中井 拳吾,岡山大学,,,,RfR法によるデータ駆動力学系モデルの幾何学的構造解析,2025,日本応用数理学会
中井 拳吾,岡山大学,,,,RfR法によるデータ駆動力学系モデルの幾何学的構造解析,2025,日本応用数理学会
中井 拳吾,東京海洋大学,,,,カオス的時系列データに基づく微分方程式推定,2022,日本応用数理学会
中井 拳吾,東京海洋大学,,,,カオス的時系列データに基づく微分方程式推定,2022,日本応用数理学会
中井 拳吾,岡山大学,,,,リザーバーコンピューティングの高次元空間における力学系構造解析,2025,日本応用数理学会
中井 拳吾,岡山大学,,,,リザーバーコンピューティングの高次元空間における力学系構造解析,2025,日本応用数理学会
中井 拳吾,東京海洋大学,,,,機械学習時間発展モデルの力学系解析,2022,日本応用数理学会
中井 拳吾,東京海洋大学,,,,機械学習時間発展モデルの力学系解析,2022,日本応用数理学会
中井 拳吾,岡山大学 学術研究院 環境生命自然科学学域,,,,偏った時系列データを用いた機械学習による時間発展モデリング,2024,日本応用数理学会
中井 拳吾,岡山大学 学術研究院 環境生命自然科学学域,,,,偏った時系列データを用いた機械学習による時間発展モデリング,2024,日本応用数理学会
中岡 慎治,北海道大学,,,,９-コンパートメントグルコース・インスリン体循環数理モデルを用いた時系列マウスデータ解析,2024,日本応用数理学会
中岡 慎治,北海道大学,,,,９-コンパートメントグルコース・インスリン体循環数理モデルを用いた時系列マウスデータ解析,2024,日本応用数理学会
中屋 貴博,東京大学 大学院情報理工学系研究科 卒,,,,二重指数関数型数値積分公式による行列符号関数の数値計算,2021,日本応用数理学会
中屋 貴博,東京大学 大学院情報理工学系研究科 卒,,,,二重指数関数型数値積分公式による行列符号関数の数値計算,2021,日本応用数理学会
中垣 俊之,北海道大学 電子科学研究所,,,,空間離散的な反応拡散系に基づく真正粘菌の記憶メカニズムの数理モデリング,2025,日本応用数理学会
中垣 俊之,北海道大学 電子科学研究所,,,,空間離散的な反応拡散系に基づく真正粘菌の記憶メカニズムの数理モデリング,2025,日本応用数理学会
中戸 隆一郎,東京大学,,,,腸管上皮細胞社会における脱分化現象の数理解析,2022,日本応用数理学会
中戸 隆一郎,東京大学,,,,腸管上皮細胞社会における脱分化現象の数理解析,2022,日本応用数理学会
中山 季之,周南公立大学,,,,Web3時代の集団的意思決定に対する数理的アプローチ：トポロジカルデータ解析(TDA)による構造変化の検出,2025,日本応用数理学会
中山 季之,周南公立大学,,,,Web3時代の集団的意思決定に対する数理的アプローチ：トポロジカルデータ解析(TDA)による構造変化の検出,2025,日本応用数理学会
中山 健,明治学院大学,,,,都道府県別の店舗の立地とその数理モデル ―美容室を例として―,2024,日本応用数理学会
中山 健,明治学院大学,,,,都道府県別の店舗の立地とその数理モデル ―美容室を例として―,2024,日本応用数理学会
中山 鼓太郎,オープラン株式会社,,,,整数最適化の線形緩和における近傍永続性,2022,日本応用数理学会
中山 鼓太郎,オープラン株式会社,,,,整数最適化の線形緩和における近傍永続性,2022,日本応用数理学会
中山 舜民,東京理科大学,,,,混合整数半正定値計画問題に対する2次錐カットアルゴリズム,2025,日本応用数理学会
中山 舜民,東京理科大学,,,,混合整数半正定値計画問題に対する2次錐カットアルゴリズム,2025,日本応用数理学会
中山 舜民,東京理科大学,,,,非線形最適化問題に対する非厳密逐次２次制約２次計画法,2025,日本応用数理学会
中山 舜民,東京理科大学,,,,非線形最適化問題に対する非厳密逐次２次制約２次計画法,2025,日本応用数理学会
中川 訓範,静岡大学,,,,Uninformedな消費者が存在する空間競争における純戦略均衡の新たな例,2021,日本応用数理学会
中川 訓範,静岡大学,,,,Uninformedな消費者が存在する空間競争における純戦略均衡の新たな例,2021,日本応用数理学会
中川 訓範,兵庫県立大学,,,,Uninfromedな消費者のいる空間競争における均衡の一事例,2022,日本応用数理学会
中川 訓範,兵庫県立大学,,,,Uninfromedな消費者のいる空間競争における均衡の一事例,2022,日本応用数理学会
中川 訓範,静岡大学,,,,人流による空間的伝播,2021,日本応用数理学会
中川 訓範,静岡大学,,,,人流による空間的伝播,2021,日本応用数理学会
中川 秀敏,一橋大学大学院経営管理研究科,,,,情報アプローチによるFirst-to-Default Swapプレミアムのダイナミクスについて,2021,日本応用数理学会
中川 秀敏,一橋大学大学院経営管理研究科,,,,情報アプローチによるFirst-to-Default Swapプレミアムのダイナミクスについて,2021,日本応用数理学会
中川 新,早稲田大学大学院基幹理工学研究科数学応用数理専攻,,,,分布遅延項を含む遅延微分方程式における分数調波解の精度保証,2024,日本応用数理学会
中川 新,早稲田大学大学院基幹理工学研究科数学応用数理専攻,,,,分布遅延項を含む遅延微分方程式における分数調波解の精度保証,2024,日本応用数理学会
中川 皓平,NTT 社会情報研究所,,,,2次元同種写像を用いたDeuring対応計算アルゴリズム,2024,日本応用数理学会
中川 皓平,NTT 社会情報研究所,,,,2次元同種写像を用いたDeuring対応計算アルゴリズム,2024,日本応用数理学会
中村 佳正,大阪成蹊大学,,,,主成分分析のためのOQDS法の実装方法の提案,2024,日本応用数理学会
中村 佳正,大阪成蹊大学,,,,主成分分析のためのOQDS法の実装方法の提案,2024,日本応用数理学会
中村 佳正,大阪成蹊大学,,,,特異値と片側の特異ベクトルを利用した最小二乗法による特異ベクトル計算について,2025,日本応用数理学会
中村 佳正,大阪成蹊大学,,,,特異値と片側の特異ベクトルを利用した最小二乗法による特異ベクトル計算について,2025,日本応用数理学会
中村 佳正,大阪成蹊大学,,,,特異値分解のための両側ヤコビ法の複素数行列に対する効率的な実装法,2021,日本応用数理学会
中村 佳正,大阪成蹊大学,,,,特異値分解のための両側ヤコビ法の複素数行列に対する効率的な実装法,2021,日本応用数理学会
中村 佳正,大阪成蹊大学,,,,分散共分散行列の逆行列の対角成分の逆数の高精度計算から拡張版 Lotka-Volterra 方程式へ,2025,日本応用数理学会
中村 佳正,大阪成蹊大学,,,,分散共分散行列の逆行列の対角成分の逆数の高精度計算から拡張版 Lotka-Volterra 方程式へ,2025,日本応用数理学会
中村 魁,芝浦工業大学,,,,遅延型確率微分方程式を用いたオプションの価格付け,2021,日本応用数理学会
中村 魁,芝浦工業大学,,,,遅延型確率微分方程式を用いたオプションの価格付け,2021,日本応用数理学会
中村 恭之,海洋研究開発機構,,,,アイコナル方程式に基づく地震波到達時間計算の物理情報深層学習におけるスペクトルバイアス,2024,日本応用数理学会
中村 恭之,海洋研究開発機構,,,,アイコナル方程式に基づく地震波到達時間計算の物理情報深層学習におけるスペクトルバイアス,2024,日本応用数理学会
中村 健一,明治大学研究・知財戦略機構,,,,固体の自己駆動体運動に対する反応拡散系モデル,2025,日本応用数理学会
中村 健一,明治大学研究・知財戦略機構,,,,固体の自己駆動体運動に対する反応拡散系モデル,2025,日本応用数理学会
中村 健一,金沢大学 理工研究域,,,,星状グラフの分岐点における2種競争拡散系のフロント解の通過・停止,2021,日本応用数理学会
中村 健一,金沢大学 理工研究域,,,,星状グラフの分岐点における2種競争拡散系のフロント解の通過・停止,2021,日本応用数理学会
中村 憲,東京都立大学,,,,数論電卓NZMATHの現状と展望,2022,日本応用数理学会
中村 憲,東京都立大学,,,,数論電卓NZMATHの現状と展望,2022,日本応用数理学会
中村 玄,北海道大学,,,,Maxwellモデルの時間非局所化: モデリングから逆問題へ,2025,日本応用数理学会
中村 玄,北海道大学,,,,Maxwellモデルの時間非局所化: モデリングから逆問題へ,2025,日本応用数理学会
中村 浩章,核融合科学研究所,,,,斜め入射における円筒導波管のモード解析,2022,日本応用数理学会
中村 浩章,核融合科学研究所,,,,斜め入射における円筒導波管のモード解析,2022,日本応用数理学会
中村 周吾,東洋大学,,,,On differential-equation-based-neural-networks on manifolds,2024,日本応用数理学会
中村 周吾,東洋大学,,,,On differential-equation-based-neural-networks on manifolds,2024,日本応用数理学会
中村 周平,茨城大学,,,,多重次数付けされた連立代数方程式の求解について,2025,日本応用数理学会
中村 周平,茨城大学,,,,多重次数付けされた連立代数方程式の求解について,2025,日本応用数理学会
中村 真輔,秋田県立大学,,,,コレスキーQR分解のFPGAへの実装,2024,日本応用数理学会
中村 真輔,秋田県立大学,,,,コレスキーQR分解のFPGAへの実装,2024,日本応用数理学会
中村 誠,大阪大学,,,,De Sitter時空中における半線形Klein-Gordon方程式の高精度かつ安定な数値計算,2022,日本応用数理学会
中村 誠,大阪大学,,,,De Sitter時空中における半線形Klein-Gordon方程式の高精度かつ安定な数値計算,2022,日本応用数理学会
中村 誠,大阪大学,,,,半線型Klein–Gordon方程式の解の収束性と挙動について,2024,日本応用数理学会
中村 誠,大阪大学,,,,半線型Klein–Gordon方程式の解の収束性と挙動について,2024,日本応用数理学会
中村 直俊,大阪大学・数理・データ科学教育研究センター,,,,肝がん悪性化シグナルの数理モデルによる解析,2021,日本応用数理学会
中村 直俊,大阪大学・数理・データ科学教育研究センター,,,,肝がん悪性化シグナルの数理モデルによる解析,2021,日本応用数理学会
中村 友紀,京都大学,,,,Gromov-Wasserstein最適輸送理論を用いたオミクスデータ種差解析,2024,日本応用数理学会
中村 友紀,京都大学,,,,Gromov-Wasserstein最適輸送理論を用いたオミクスデータ種差解析,2024,日本応用数理学会
中村 友紀,京都大学白眉センター,京都大学高等研究院ヒト生物学高等研究拠点,,,Mapperに基づく細胞分化の位相的流れ解析,2021,日本応用数理学会
中村 友紀,京都大学白眉センター,京都大学高等研究院ヒト生物学高等研究拠点,,,Mapperに基づく細胞分化の位相的流れ解析,2021,日本応用数理学会
中村 遥河,東京大学,,,,局所的な結合項を持つ平均場ゲーム方程式に対する一般化された条件付き勾配法について,2024,日本応用数理学会
中村 遥河,東京大学,,,,局所的な結合項を持つ平均場ゲーム方程式に対する一般化された条件付き勾配法について,2024,日本応用数理学会
中村 龍平,理研,科学大,,,化学反応ネットワークにおける速度と駆動力の関係性,2025,日本応用数理学会
中村 龍平,理研,科学大,,,化学反応ネットワークにおける速度と駆動力の関係性,2025,日本応用数理学会
中村 龍平,理研CSRS,,,,電極触媒の劣化速度に関する力学系モデルの構築,2024,日本応用数理学会
中村 龍平,理研CSRS,,,,電極触媒の劣化速度に関する力学系モデルの構築,2024,日本応用数理学会
中津 智則,芝浦工業大学,,,,Stochastic delay equationの解の確率密度関数の下からの評価について,2021,日本応用数理学会
中津 智則,芝浦工業大学,,,,Stochastic delay equationの解の確率密度関数の下からの評価について,2021,日本応用数理学会
中津 智則,芝浦工業大学,,,,Stochastic Functional Differential Equationの解の確率密度関数について,2022,日本応用数理学会
中津 智則,芝浦工業大学,,,,Stochastic Functional Differential Equationの解の確率密度関数について,2022,日本応用数理学会
中津 智則,芝浦工業大学,,,,離散時間最大値に依存する金融商品のデルタの計算,2024,日本応用数理学会
中津 智則,芝浦工業大学,,,,離散時間最大値に依存する金融商品のデルタの計算,2024,日本応用数理学会
中津 陽,みずほ第一フィナンシャルテクノロジー,,,,Rough SABR Forward Market Modelの下でのスワップションプライシング,2025,日本応用数理学会
中津 陽,みずほ第一フィナンシャルテクノロジー,,,,Rough SABR Forward Market Modelの下でのスワップションプライシング,2025,日本応用数理学会
中田 健太,早稲田大学大学院基幹理工学研究科,,,,3階再帰方程式の探索と高階再帰方程式への拡張,2024,日本応用数理学会
中田 健太,早稲田大学大学院基幹理工学研究科,,,,3階再帰方程式の探索と高階再帰方程式への拡張,2024,日本応用数理学会
中田 健太,早稲田大学 基幹理工学研究科 数学応用数理専攻,,,,N-ソリトン解を持つ遅延KdV、遅延ブシネスク、遅延KP方程式の構成,2022,日本応用数理学会
中田 健太,早稲田大学 基幹理工学研究科 数学応用数理専攻,,,,N-ソリトン解を持つ遅延KdV、遅延ブシネスク、遅延KP方程式の構成,2022,日本応用数理学会
中田 健太,早稲田大学基幹理工学研究科,,,,Pfaffian解を持つHungry Lotka-Volterra型方程式とソリトン解,2021,日本応用数理学会
中田 健太,早稲田大学基幹理工学研究科,,,,Pfaffian解を持つHungry Lotka-Volterra型方程式とソリトン解,2021,日本応用数理学会
中田 健太,早稲田大学大学院基幹理工学研究科,,,,遅延ソリトン方程式と遅延パンルヴェ方程式：双線形方程式，Lax pair，保存量,2024,日本応用数理学会
中田 健太,早稲田大学大学院基幹理工学研究科,,,,遅延ソリトン方程式と遅延パンルヴェ方程式：双線形方程式，Lax pair，保存量,2024,日本応用数理学会
中田 健太,早稲田大学基幹理工学研究科,,,,遅延離散ロトカ・ボルテラ方程式の超離散化と遅延箱玉系,2022,日本応用数理学会
中田 健太,早稲田大学基幹理工学研究科,,,,遅延離散ロトカ・ボルテラ方程式の超離散化と遅延箱玉系,2022,日本応用数理学会
中田 行彦,青山学院大学理工学部,,,,ある分布型の時間遅れを持つ微分方程式の周期解について,2021,日本応用数理学会
中田 行彦,青山学院大学理工学部,,,,ある分布型の時間遅れを持つ微分方程式の周期解について,2021,日本応用数理学会
中田 行彦,青山学院大学,,,,いくつかの遅延微分方程式の解の爆発について,2022,日本応用数理学会
中田 行彦,青山学院大学,,,,いくつかの遅延微分方程式の解の爆発について,2022,日本応用数理学会
中田 行彦,青山学院大学,,,,遅延微分方程式 $x’(t) = x(t)^2 - x(t-\tau)$ の解の爆発と零解への収束について,2024,日本応用数理学会
中田 行彦,青山学院大学,,,,遅延微分方程式 $x’(t) = x(t)^2 - x(t-\tau)$ の解の爆発と零解への収束について,2024,日本応用数理学会
中田 行彦,青山学院大学理工学部,,,,遅延微分方程式の爆発問題についての考察,2021,日本応用数理学会
中田 行彦,青山学院大学理工学部,,,,遅延微分方程式の爆発問題についての考察,2021,日本応用数理学会
中田 行彦,青山学院大学,,,,分布型時間遅れをもつ微分方程式の対称周期解,2025,日本応用数理学会
中田 行彦,青山学院大学,,,,分布型時間遅れをもつ微分方程式の対称周期解,2025,日本応用数理学会
中田 行彦,青山学院大学,,,,分布型遅延の解の爆発に与える影響についての考察,2025,日本応用数理学会
中田 行彦,青山学院大学,,,,分布型遅延の解の爆発に与える影響についての考察,2025,日本応用数理学会
中田 真秀,理化学研究所,,,,gmpxx mkII.hの紹介:GNU多倍長精度ライブラリのためのC++ラッパーの効率性と使いやすさを向上,2024,日本応用数理学会
中田 真秀,理化学研究所,,,,gmpxx mkII.hの紹介:GNU多倍長精度ライブラリのためのC++ラッパーの効率性と使いやすさを向上,2024,日本応用数理学会
中田 聡,広島大学大学院統合生命科学研究科,,,,固体の自己駆動体運動に対する反応拡散系モデル,2025,日本応用数理学会
中田 聡,広島大学大学院統合生命科学研究科,,,,固体の自己駆動体運動に対する反応拡散系モデル,2025,日本応用数理学会
中田 庸一,東京大学,Arithmer Inc.,,,パーシステントホモロジーによる枝構造解析ツール,2025,日本応用数理学会
中田 庸一,東京大学,Arithmer Inc.,,,パーシステントホモロジーによる枝構造解析ツール,2025,日本応用数理学会
中田 和秀,東京工業大学　工学院　経営工学系,,,,An Exact Penalty Proximal DC Method for Rank Constrained Quadratic Semidefinite Programming,2022,日本応用数理学会
中田 和秀,東京工業大学　工学院　経営工学系,,,,An Exact Penalty Proximal DC Method for Rank Constrained Quadratic Semidefinite Programming,2022,日本応用数理学会
中田 和秀,東京工業大学,,,,基数制約つき分布ロバストポートフォリオ最適化,2022,日本応用数理学会
中田 和秀,東京工業大学,,,,基数制約つき分布ロバストポートフォリオ最適化,2022,日本応用数理学会
中島 健,岡山大学AI・数理データサイエンスセンター,,,,可換梯子型パーシステンス加群の表現論的区間分解の計算法,2022,日本応用数理学会
中島 健,岡山大学AI・数理データサイエンスセンター,,,,可換梯子型パーシステンス加群の表現論的区間分解の計算法,2022,日本応用数理学会
中島 健,島根大学,,,,完全可換クイバーの区間近似とその応用,2024,日本応用数理学会
中島 健,島根大学,,,,完全可換クイバーの区間近似とその応用,2024,日本応用数理学会
中島 健,島根大学,,,,連結パーシステンス図の高速計算アルゴリズム,2024,日本応用数理学会
中島 健,島根大学,,,,連結パーシステンス図の高速計算アルゴリズム,2024,日本応用数理学会
中島 健,島根大学,,,,連結パーシステンス図計算ソフトウェアRuCPDの紹介,2024,日本応用数理学会
中島 健,島根大学,,,,連結パーシステンス図計算ソフトウェアRuCPDの紹介,2024,日本応用数理学会
中島 研吾,東京大学,,,,Wisteria/BDEC-01(Odyssey)における並列多重格子法ソルバーの開発と性能評価,2021,日本応用数理学会
中島 研吾,東京大学,,,,Wisteria/BDEC-01(Odyssey)における並列多重格子法ソルバーの開発と性能評価,2021,日本応用数理学会
中島 研吾,東京大学,,,,通信・計算オーバーラップによる並列多重格子法の最適化,2024,日本応用数理学会
中島 研吾,東京大学,,,,通信・計算オーバーラップによる並列多重格子法の最適化,2024,日本応用数理学会
中島 研吾,東京大学,理化学研究所,,,通信・計算オーバーラップによる並列多重格子法並列化,2022,日本応用数理学会
中島 研吾,東京大学,理化学研究所,,,通信・計算オーバーラップによる並列多重格子法並列化,2022,日本応用数理学会
中島 弘之,近畿大学工学部,,,,時間遅れを伴うcomplex balancedな化学反応ネットワークの線形安定性解析,2024,日本応用数理学会
中島 弘之,近畿大学工学部,,,,時間遅れを伴うcomplex balancedな化学反応ネットワークの線形安定性解析,2024,日本応用数理学会
中島 弘之,近畿大学大学院 システム工学研究科,,,,全域木を持つDAGを対象としたグラフラプラシアンの固有値に関する考察,2021,日本応用数理学会
中島 弘之,近畿大学大学院 システム工学研究科,,,,全域木を持つDAGを対象としたグラフラプラシアンの固有値に関する考察,2021,日本応用数理学会
中嶋  誠,阪⼤レーザー研,,,,レーザーカオスにおけるのモードの同時性,2021,日本応用数理学会
中嶋  誠,阪⼤レーザー研,,,,レーザーカオスにおけるのモードの同時性,2021,日本応用数理学会
中嶋 浩平,東京大学,,,,リザバーコンピューティングのシミュレーショ:数値スキームとハードウェアの最適化,2024,日本応用数理学会
中嶋 浩平,東京大学,,,,リザバーコンピューティングのシミュレーショ:数値スキームとハードウェアの最適化,2024,日本応用数理学会
中嶋 誠,大阪大学レーザー科学研究所,,,,カオス超越性を用いたレーザーカオスによるTHｚ波の出力,2025,日本応用数理学会
中嶋 誠,大阪大学レーザー科学研究所,,,,カオス超越性を用いたレーザーカオスによるTHｚ波の出力,2025,日本応用数理学会
中嶋 誠,大阪大学レーザー科学研究所,,,,光ビートの効率解析によるレーザーカオスにおけるモードの同時性の証明,2022,日本応用数理学会
中嶋 誠,大阪大学レーザー科学研究所,,,,光ビートの効率解析によるレーザーカオスにおけるモードの同時性の証明,2022,日本応用数理学会
中嶋 悠一朗,東京大学,,,,腸管上皮細胞社会における脱分化現象の数理解析,2022,日本応用数理学会
中嶋 悠一朗,東京大学,,,,腸管上皮細胞社会における脱分化現象の数理解析,2022,日本応用数理学会
中嶋 怜央,株式会社ＲＩＣＯＳ,,,,最適輸送と移流による流れ場の補間,2025,日本応用数理学会
中嶋 怜央,株式会社ＲＩＣＯＳ,,,,最適輸送と移流による流れ場の補間,2025,日本応用数理学会
中道 信人,北海道大学,,,,固体境界が埋め込まれたナビエ・ストークス方程式と画像データ駆動流れシミュレーションへの応用,2025,日本応用数理学会
中道 信人,北海道大学,,,,固体境界が埋め込まれたナビエ・ストークス方程式と画像データ駆動流れシミュレーションへの応用,2025,日本応用数理学会
中尾 充宏,早稲田大学,,,,楕円型方程式と放物型方程式に対する半離散ガレルキン近似の誤差定数について,2021,日本応用数理学会
中尾 充宏,早稲田大学,,,,楕円型方程式と放物型方程式に対する半離散ガレルキン近似の誤差定数について,2021,日本応用数理学会
中尾 充宏,早稲田大学,,,,熱方程式のPetrov型全離散ガレルキン近似の事前誤差評価,2024,日本応用数理学会
中尾 充宏,早稲田大学,,,,熱方程式のPetrov型全離散ガレルキン近似の事前誤差評価,2024,日本応用数理学会
中尾 充宏,早稲田大学,,,,放物型方程式の全離散近似に対する誤差評価について,2022,日本応用数理学会
中尾 充宏,早稲田大学,,,,放物型方程式の全離散近似に対する誤差評価について,2022,日本応用数理学会
中尾 裕也,東京工業大学,,,,エレメンタリーセルオートマトンのKoopmanスペクトル解析,2021,日本応用数理学会
中尾 裕也,東京工業大学,,,,エレメンタリーセルオートマトンのKoopmanスペクトル解析,2021,日本応用数理学会
中野 夏樹,早稲田大学,,,,外力項を加えた池田遅延微分方程式における分数調波解の精度保証,2022,日本応用数理学会
中野 夏樹,早稲田大学,,,,外力項を加えた池田遅延微分方程式における分数調波解の精度保証,2022,日本応用数理学会
中野 夏樹,早稲田大学,,,,遅延van der Pol-Duffing方程式の非周期解の数値計算,2021,日本応用数理学会
中野 夏樹,早稲田大学,,,,遅延van der Pol-Duffing方程式の非周期解の数値計算,2021,日本応用数理学会
中野 泰河,新潟大学大学院自然科学研究科,,,,Helmholtz方程式の非斉次Neumann境界値問題に対する定量的な事後誤差評価,2021,日本応用数理学会
中野 泰河,新潟大学大学院自然科学研究科,,,,Helmholtz方程式の非斉次Neumann境界値問題に対する定量的な事後誤差評価,2021,日本応用数理学会
中野 泰河,新潟大学大学院自然科学研究科,,,,Hypercircle法を用いた有限要素法解の局所誤差評価の改善,2022,日本応用数理学会
中野 泰河,新潟大学大学院自然科学研究科,,,,Hypercircle法を用いた有限要素法解の局所誤差評価の改善,2022,日本応用数理学会
中野 張,東京科学大学,,,,Denoising Diffusion Probabilistic Modelの誤差評価,2025,日本応用数理学会
中野 張,東京科学大学,,,,Denoising Diffusion Probabilistic Modelの誤差評価,2025,日本応用数理学会
中野 張,東京工業大学情報理工学院数理・計算科学系,,,,McKean-Vlasov型確率微分方程式の関数近似を用いた数値解析,2021,日本応用数理学会
中野 張,東京工業大学情報理工学院数理・計算科学系,,,,McKean-Vlasov型確率微分方程式の関数近似を用いた数値解析,2021,日本応用数理学会
中野 張,東京科学大学,,,,RBF補間に現れる連立一次方程式の反復解法について,2025,日本応用数理学会
中野 張,東京科学大学,,,,RBF補間に現れる連立一次方程式の反復解法について,2025,日本応用数理学会
中野 張,東京工業大学,,,,拡散モデルの収束について,2024,日本応用数理学会
中野 張,東京工業大学,,,,拡散モデルの収束について,2024,日本応用数理学会
中野 張,東京工業大学 情報理工学院 数理・計算科学系,,,,確率微分方程式によるCOVID-19のモデル化とパラメータの推定,2021,日本応用数理学会
中野 張,東京工業大学 情報理工学院 数理・計算科学系,,,,確率微分方程式によるCOVID-19のモデル化とパラメータの推定,2021,日本応用数理学会
中野 直人,明治大学,,,,Reservoir computing における普遍性と計算性能,2022,日本応用数理学会
中野 直人,明治大学,,,,Reservoir computing における普遍性と計算性能,2022,日本応用数理学会
中野 直人,明治大学,,,,機械学習による地震波形の時系列特徴量を用いた火山性地震の分類,2025,日本応用数理学会
中野 直人,明治大学,,,,機械学習による地震波形の時系列特徴量を用いた火山性地震の分類,2025,日本応用数理学会
中野 直人,明治大学,,,,東京都の熱中症患者数の1日先予測モデルの精度比較とモデルの解釈,2024,日本応用数理学会
中野 直人,明治大学,,,,東京都の熱中症患者数の1日先予測モデルの精度比較とモデルの解釈,2024,日本応用数理学会
中野 直人,明治大学,,,,東京都の熱中症搬送者数の予測統合モデルの解析とその動的な解釈,2024,日本応用数理学会
中野 直人,明治大学,,,,東京都の熱中症搬送者数の予測統合モデルの解析とその動的な解釈,2024,日本応用数理学会
中野 陽斗,鳥取大学,,,,ポピュレーションアニーリング型モンテカルロ法における分布診断法と全反射高速陽電子回折実験への応用,2022,日本応用数理学会
中野 陽斗,鳥取大学,,,,ポピュレーションアニーリング型モンテカルロ法における分布診断法と全反射高速陽電子回折実験への応用,2022,日本応用数理学会
中邑 聡史,NTT 社会情報研究所,,,,探索Ring-LWE問題に対するKannanの埋め込み法の拡張,2021,日本応用数理学会
中邑 聡史,NTT 社会情報研究所,,,,探索Ring-LWE問題に対するKannanの埋め込み法の拡張,2021,日本応用数理学会
中里 直人,会津大学コンピュータ理工学部,,,,gmpxx mkII.hの紹介:GNU多倍長精度ライブラリのためのC++ラッパーの効率性と使いやすさを向上,2024,日本応用数理学会
中里 直人,会津大学コンピュータ理工学部,,,,gmpxx mkII.hの紹介:GNU多倍長精度ライブラリのためのC++ラッパーの効率性と使いやすさを向上,2024,日本応用数理学会
中里 直人,会津大学,,,,OpenCLを用いた四倍精度行列乗算のFPGA上実装と評価,2022,日本応用数理学会
中里 直人,会津大学,,,,OpenCLを用いた四倍精度行列乗算のFPGA上実装と評価,2022,日本応用数理学会
中里 直人,会津大学,,,,PositのOpenCLへの移植と命令プロファイリング,2022,日本応用数理学会
中里 直人,会津大学,,,,PositのOpenCLへの移植と命令プロファイリング,2022,日本応用数理学会
中里 直人,会津大学,,,,パイプライン化による多倍長浮動小数点演算アプリケーションの高速化,2022,日本応用数理学会
中里 直人,会津大学,,,,パイプライン化による多倍長浮動小数点演算アプリケーションの高速化,2022,日本応用数理学会
中里 陸,筑波大学　情報システム研究科,,,,三角形のタイリングを用いた平織りの作図法,2021,日本応用数理学会
中里 陸,筑波大学　情報システム研究科,,,,三角形のタイリングを用いた平織りの作図法,2021,日本応用数理学会
中里 陸,筑波大学　システム情報工学研究群,,,,平織りのホール問題における局所平坦折り可能な解候補の生成とプリーツの交差への応用,2021,日本応用数理学会
中里 陸,筑波大学　システム情報工学研究群,,,,平織りのホール問題における局所平坦折り可能な解候補の生成とプリーツの交差への応用,2021,日本応用数理学会
中林 美郷,NTT 社会情報研究所,,,,[企画講演]Tamarin proverとTamarin proverを用いた少ない入力で検証できる方法,2021,日本応用数理学会
中林 美郷,NTT 社会情報研究所,,,,[企画講演]Tamarin proverとTamarin proverを用いた少ない入力で検証できる方法,2021,日本応用数理学会
中林 美郷,NTT 社会情報研究所,,,,数理的技法による情報セキュリティの2024年度後半＆2025年度前半の研究動向,2025,日本応用数理学会
中林 美郷,NTT 社会情報研究所,,,,数理的技法による情報セキュリティの2024年度後半＆2025年度前半の研究動向,2025,日本応用数理学会
中林 美郷,NTT社会情報研究所,,,,数理的技法による情報セキュリティの2024年度前半の研究動向,2024,日本応用数理学会
中林 美郷,NTT社会情報研究所,,,,数理的技法による情報セキュリティの2024年度前半の研究動向,2024,日本応用数理学会
中澤 嵩,大阪大学数理・データ科学教育研究センター,,,,圧縮性流体場の新規数値解法,2022,日本応用数理学会
中澤 嵩,大阪大学数理・データ科学教育研究センター,,,,圧縮性流体場の新規数値解法,2022,日本応用数理学会
中澤 嵩,金沢大学学術メディア創成センター,,,,数値計算：新規圧縮性流体ソルバーの開発,2024,日本応用数理学会
中澤 嵩,金沢大学学術メディア創成センター,,,,数値計算：新規圧縮性流体ソルバーの開発,2024,日本応用数理学会
中澤 嵩,金沢大学学術メディア創成センター,,,,数理・計算モデル：新規圧縮性流体ソルバーの開発,2024,日本応用数理学会
中澤 嵩,金沢大学学術メディア創成センター,,,,数理・計算モデル：新規圧縮性流体ソルバーの開発,2024,日本応用数理学会
仲佐 和泰,東京工業大学 情報理工学院 数理・計算科学系,,,,確率微分方程式によるCOVID-19のモデル化とパラメータの推定,2021,日本応用数理学会
仲佐 和泰,東京工業大学 情報理工学院 数理・計算科学系,,,,確率微分方程式によるCOVID-19のモデル化とパラメータの推定,2021,日本応用数理学会
仲西 理子,海洋研究開発機構,,,,アイコナル方程式に基づく地震波到達時間計算の物理情報深層学習におけるスペクトルバイアス,2024,日本応用数理学会
仲西 理子,海洋研究開発機構,,,,アイコナル方程式に基づく地震波到達時間計算の物理情報深層学習におけるスペクトルバイアス,2024,日本応用数理学会
仲谷 正史,慶應義塾大学,,,,Temporal coherency of mechanical stimuli modulates tactile form perception,2021,日本応用数理学会
仲谷 正史,慶應義塾大学,,,,Temporal coherency of mechanical stimuli modulates tactile form perception,2021,日本応用数理学会
仲田 晋,立命館大学,,,,冠動脈バイパス術の血流解析における循環モデルの有効性の検証,2024,日本応用数理学会
仲田 晋,立命館大学,,,,冠動脈バイパス術の血流解析における循環モデルの有効性の検証,2024,日本応用数理学会
猪奥 倫左,東北大学,,,,ODE-net の解析学的定式化について,2021,日本応用数理学会
猪奥 倫左,東北大学,,,,ODE-net の解析学的定式化について,2021,日本応用数理学会
張 景耀,京都大学大学院工学研究科建築学専攻,,,,離散平均曲率一定曲面における力の釣り合い,2022,日本応用数理学会
張 景耀,京都大学大学院工学研究科建築学専攻,,,,離散平均曲率一定曲面における力の釣り合い,2022,日本応用数理学会
張 紹良,名古屋大学,,,,３階テンソルに対するHOOI法の局所最適化の順序について,2021,日本応用数理学会
張 紹良,名古屋大学,,,,３階テンソルに対するHOOI法の局所最適化の順序について,2021,日本応用数理学会
張 紹良,名古屋大学,,,,An orthogonal randomized Bregman projection method for linearly constrained optimization problems,2025,日本応用数理学会
張 紹良,名古屋大学,,,,An orthogonal randomized Bregman projection method for linearly constrained optimization problems,2025,日本応用数理学会
張 紹良,名古屋大学,,,,Design and analysis of a predefined-time zeroing neural network model for solving the Stein tensor equation,2025,日本応用数理学会
張 紹良,名古屋大学,,,,Design and analysis of a predefined-time zeroing neural network model for solving the Stein tensor equation,2025,日本応用数理学会
張 紹良,名古屋大学,,,,DE積分型行列関数計算法に対する部分固有対デフレーションに基づく収束性改善およびその性能評価,2024,日本応用数理学会
張 紹良,名古屋大学,,,,DE積分型行列関数計算法に対する部分固有対デフレーションに基づく収束性改善およびその性能評価,2024,日本応用数理学会
張 紹良,名古屋大学,,,,Extended sparse Kaczmarz method with surrogate hyperplane for sparse solutions to inconsistent linear systems,2025,日本応用数理学会
張 紹良,名古屋大学,,,,Extended sparse Kaczmarz method with surrogate hyperplane for sparse solutions to inconsistent linear systems,2025,日本応用数理学会
張 紹良,名古屋大学,,,,Stability analysis and optimal error estimation of local discontinuous Galerkin method for stochastic two-dimensional KdV equation,2025,日本応用数理学会
張 紹良,名古屋大学,,,,Stability analysis and optimal error estimation of local discontinuous Galerkin method for stochastic two-dimensional KdV equation,2025,日本応用数理学会
張 紹良,名古屋大学工学研究科応用物理学専攻,,,,行列の積を係数行列に持つ線形方程式ABx＝bに対するクリロフ部分空間法の適用について,2024,日本応用数理学会
張 紹良,名古屋大学工学研究科応用物理学専攻,,,,行列の積を係数行列に持つ線形方程式ABx＝bに対するクリロフ部分空間法の適用について,2024,日本応用数理学会
張 紹良,名古屋大学,,,,行列実数乗の数値積分に対する定数倍の前処理について,2021,日本応用数理学会
張 紹良,名古屋大学,,,,行列実数乗の数値積分に対する定数倍の前処理について,2021,日本応用数理学会
張 紹良,名古屋大学,,,,行列方程式に対する低ランク型Krylov部分空間法のための前処理について,2024,日本応用数理学会
張 紹良,名古屋大学,,,,行列方程式に対する低ランク型Krylov部分空間法のための前処理について,2024,日本応用数理学会
張 紹良,名古屋大学,,,,行列方程式に対する反復法のためのテンソル構造保存型前処理について,2022,日本応用数理学会
張 紹良,名古屋大学,,,,行列方程式に対する反復法のためのテンソル構造保存型前処理について,2022,日本応用数理学会
張 紹良,名古屋大学,,,,指定領域内の多項式固有値問題に対するSakurai-Sugiura法とEhrlich-Aberth法の組み合わせについて,2021,日本応用数理学会
張 紹良,名古屋大学,,,,指定領域内の多項式固有値問題に対するSakurai-Sugiura法とEhrlich-Aberth法の組み合わせについて,2021,日本応用数理学会
張 紹良,名古屋大学,,,,非対称シフト線形方程式のためのBiCGStab法に基づく数値解法,2022,日本応用数理学会
張 紹良,名古屋大学,,,,非対称シフト線形方程式のためのBiCGStab法に基づく数値解法,2022,日本応用数理学会
張 紹良,名古屋大学大学院工学研究科,,,,閉曲線に対するヘルフリッヒ流方程式の構造保存数値解法の構築,2021,日本応用数理学会
張 紹良,名古屋大学大学院工学研究科,,,,閉曲線に対するヘルフリッヒ流方程式の構造保存数値解法の構築,2021,日本応用数理学会
張 天昊,東京大学,,,,薄板の曲げ変形による曲線折り紙の形状決定手法に関する基礎的研究,2021,日本応用数理学会
張 天昊,東京大学,,,,薄板の曲げ変形による曲線折り紙の形状決定手法に関する基礎的研究,2021,日本応用数理学会
張 田穎,名古屋大学,,,,３階テンソルに対するHOOI法の局所最適化の順序について,2021,日本応用数理学会
張 田穎,名古屋大学,,,,３階テンソルに対するHOOI法の局所最適化の順序について,2021,日本応用数理学会
朝倉 暢彦,大阪大学数理・データ科学教育研究センター,,,,炎症性腸疾患に対する最適な生物学的製剤選択モデル,2025,日本応用数理学会
朝倉 暢彦,大阪大学数理・データ科学教育研究センター,,,,炎症性腸疾患に対する最適な生物学的製剤選択モデル,2025,日本応用数理学会
朝倉 暢彦,大阪大学 数理・データ科学教育研究センター,,,,肝がん細胞内シグナル伝達に対する統計学的アプローチ,2021,日本応用数理学会
朝倉 暢彦,大阪大学 数理・データ科学教育研究センター,,,,肝がん細胞内シグナル伝達に対する統計学的アプローチ,2021,日本応用数理学会
町出 智也,国立情報学研究所,,,,矛盾探索を土台にしたガウスの前進消去法について,2022,日本応用数理学会
町出 智也,国立情報学研究所,,,,矛盾探索を土台にしたガウスの前進消去法について,2022,日本応用数理学会
町田 学,浜松医科大学　光尖端医学教育研究センター　フォトニクス医学研究部,,,,逆級数を用いた偏微分方程式の逆問題解法,2022,日本応用数理学会
町田 学,浜松医科大学　光尖端医学教育研究センター　フォトニクス医学研究部,,,,逆級数を用いた偏微分方程式の逆問題解法,2022,日本応用数理学会
町田 学,近畿大学工学部情報学科,,,,待ち時間つき線型ボルツマン方程式の漸近極限としての時間非整数階移流拡散方程式,2025,日本応用数理学会
町田 学,近畿大学工学部情報学科,,,,待ち時間つき線型ボルツマン方程式の漸近極限としての時間非整数階移流拡散方程式,2025,日本応用数理学会
町田 学,近畿大学,,,,非整数階の移流拡散方程式の非適切逆問題に対する物理的背景,2024,日本応用数理学会
町田 学,近畿大学,,,,非整数階の移流拡散方程式の非適切逆問題に対する物理的背景,2024,日本応用数理学会
長井 広樹,東京大学,,,,腸管上皮細胞社会における脱分化現象の数理解析,2022,日本応用数理学会
長井 広樹,東京大学,,,,腸管上皮細胞社会における脱分化現象の数理解析,2022,日本応用数理学会
長山 雅晴,北海道大学電子科学研究所,,,,2次元シートから3次元円筒構造へ至る皮膚付属器の形態形成を再現する数理モデル,2025,日本応用数理学会
長山 雅晴,北海道大学電子科学研究所,,,,2次元シートから3次元円筒構造へ至る皮膚付属器の形態形成を再現する数理モデル,2025,日本応用数理学会
長山 雅晴,北海道大学,,,,9-コンパートメントグルコース・インスリン体循環数理モデルのパラメータ推定及び関連する医学的知見の考察,2024,日本応用数理学会
長山 雅晴,北海道大学,,,,9-コンパートメントグルコース・インスリン体循環数理モデルのパラメータ推定及び関連する医学的知見の考察,2024,日本応用数理学会
長山 雅晴,北海道大学電子科学研究所,,,,９-コンパートメントグルコース・インスリン体循環数理モデルを用いた時系列マウスデータ解析,2024,日本応用数理学会
長山 雅晴,北海道大学電子科学研究所,,,,９-コンパートメントグルコース・インスリン体循環数理モデルを用いた時系列マウスデータ解析,2024,日本応用数理学会
長山 雅晴,北海道大学電子科学研究所,,,,固体の自己駆動体運動に対する反応拡散系モデル,2025,日本応用数理学会
長山 雅晴,北海道大学電子科学研究所,,,,固体の自己駆動体運動に対する反応拡散系モデル,2025,日本応用数理学会
長山 雅晴,北海道大学,,,,細胞周期と細胞外環境を制御する数値シミュレーションに基づく毛包形態形成の再現,2024,日本応用数理学会
長山 雅晴,北海道大学,,,,細胞周期と細胞外環境を制御する数値シミュレーションに基づく毛包形態形成の再現,2024,日本応用数理学会
長山 雅晴,北海道大学,,,,表皮数理モデルを用いた基底膜形状と培養皮膚への応用,2021,日本応用数理学会
長山 雅晴,北海道大学,,,,表皮数理モデルを用いた基底膜形状と培養皮膚への応用,2021,日本応用数理学会
長沼 大樹,モントリオール大学,Mila,,,スキップ接続付きDNNモデルの二次最適化における適応的 Damping 効果,2021,日本応用数理学会
長沼 大樹,モントリオール大学,Mila,,,スキップ接続付きDNNモデルの二次最適化における適応的 Damping 効果,2021,日本応用数理学会
長沼 僚祐,早稲田大学大学院基幹理工学研究科,,,,3階再帰方程式の探索と高階再帰方程式への拡張,2024,日本応用数理学会
長沼 僚祐,早稲田大学大学院基幹理工学研究科,,,,3階再帰方程式の探索と高階再帰方程式への拡張,2024,日本応用数理学会
長沼 僚祐,早稲田大学大学院基幹理工学研究科,,,,楕円型2次元戸田格子方程式のmulti-lump解の構成,2024,日本応用数理学会
長沼 僚祐,早稲田大学大学院基幹理工学研究科,,,,楕円型2次元戸田格子方程式のmulti-lump解の構成,2024,日本応用数理学会
長瀬 准平,電気通信大学,,,,ReLU DNNのパラメータの二値化と表現能力,2024,日本応用数理学会
長瀬 准平,電気通信大学,,,,ReLU DNNのパラメータの二値化と表現能力,2024,日本応用数理学会
長瀬 准平,電気通信大学,,,,ReLU DNNの二値化によるモデル圧縮,2025,日本応用数理学会
長瀬 准平,電気通信大学,,,,ReLU DNNの二値化によるモデル圧縮,2025,日本応用数理学会
長瀬 准平,芝浦工業大学,,,,スキップ接続付きDNNモデルの二次最適化における適応的 Damping 効果,2021,日本応用数理学会
長瀬 准平,芝浦工業大学,,,,スキップ接続付きDNNモデルの二次最適化における適応的 Damping 効果,2021,日本応用数理学会
長瀬 准平,芝浦工業大学,,,,深層ニューラルネットの接続と活性化関数に関する表現能力の等価性,2022,日本応用数理学会
長瀬 准平,芝浦工業大学,,,,深層ニューラルネットの接続と活性化関数に関する表現能力の等価性,2022,日本応用数理学会
長瀬 准平,芝浦工業大学,,,,包除積分ニューラルネットの多層化とパーセプトロンによる構成について,2021,日本応用数理学会
長瀬 准平,芝浦工業大学,,,,包除積分ニューラルネットの多層化とパーセプトロンによる構成について,2021,日本応用数理学会
長瀬 准平,芝浦工業大学,,,,包除積分ネットワークモデルとtノルム・コノルム演算の関係,2021,日本応用数理学会
長瀬 准平,芝浦工業大学,,,,包除積分ネットワークモデルとtノルム・コノルム演算の関係,2021,日本応用数理学会
長谷川 弘貴,筑波大学大学院,,,,パーシステントホモロジーに基づく公共施設ネットワークの構造的脆弱性の評価,2025,日本応用数理学会
長谷川 弘貴,筑波大学大学院,,,,パーシステントホモロジーに基づく公共施設ネットワークの構造的脆弱性の評価,2025,日本応用数理学会
長谷川 弘貴,筑波大学,,,,複数の高次元小標本データにおけるスパース次元削減手法の検証,2024,日本応用数理学会
長谷川 弘貴,筑波大学,,,,複数の高次元小標本データにおけるスパース次元削減手法の検証,2024,日本応用数理学会
長谷川 文夫,株式会社IHI,,,,大規模灌漑システムの最適制御に向けたVAR-LiNGAMによる因果解析,2025,日本応用数理学会
長谷川 文夫,株式会社IHI,,,,大規模灌漑システムの最適制御に向けたVAR-LiNGAMによる因果解析,2025,日本応用数理学会
長谷川 滉駿,岐阜工業高等専門学校,,,,流体構造連成を考慮した粘性流れ場における流速制御のための形状設計,2024,日本応用数理学会
長谷川 滉駿,岐阜工業高等専門学校,,,,流体構造連成を考慮した粘性流れ場における流速制御のための形状設計,2024,日本応用数理学会
長野 雅,鹿児島大学大学院,,,,力学性能と施工性を考慮したグリッドシェル構造の形状決定法　―放物線を境界曲線とした離散吊り下げ曲面の評価―,2024,日本応用数理学会
長野 雅,鹿児島大学大学院,,,,力学性能と施工性を考慮したグリッドシェル構造の形状決定法　―放物線を境界曲線とした離散吊り下げ曲面の評価―,2024,日本応用数理学会
長野 祥大,京都大学大学院情報学研究科,,,,脳デコーディングによる視覚像再構成の批判的再検討,2024,日本応用数理学会
長野 祥大,京都大学大学院情報学研究科,,,,脳デコーディングによる視覚像再構成の批判的再検討,2024,日本応用数理学会
長野 眞大,Massachusetts Institute of Technology,,,,染色体立体構造の記述子とその数理的解釈,2024,日本応用数理学会
長野 眞大,Massachusetts Institute of Technology,,,,染色体立体構造の記述子とその数理的解釈,2024,日本応用数理学会
長濱 章仁,電気通信大学大学院情報理工学研究科,,,,反応時間変化を考慮した2次元最適速度モデルの安定性の検討,2021,日本応用数理学会
長濱 章仁,電気通信大学大学院情報理工学研究科,,,,反応時間変化を考慮した2次元最適速度モデルの安定性の検討,2021,日本応用数理学会
鳥井 公平,九州大学大学院システム情報科学府,,,,テンソルトレイン分解を導入したKrylov部分空間法の検討と収束特性の解析,2025,日本応用数理学会
鳥井 公平,九州大学大学院システム情報科学府,,,,テンソルトレイン分解を導入したKrylov部分空間法の検討と収束特性の解析,2025,日本応用数理学会
陳 康明,京都大学,,,,Riemannian generalized conditional gradient methods,2024,日本応用数理学会
陳 康明,京都大学,,,,Riemannian generalized conditional gradient methods,2024,日本応用数理学会
陳 凌峰,東京理科大学大学院理学研究科応用数学専攻,,,,リザバーコンピューティングを用いた力学系モデルの分岐予測とその定量的評価,2025,日本応用数理学会
陳 凌峰,東京理科大学大学院理学研究科応用数学専攻,,,,リザバーコンピューティングを用いた力学系モデルの分岐予測とその定量的評価,2025,日本応用数理学会
陳 鈺涵,神戸大学,,,,ハミルトニアンニューラルネットワークの近似性能評価,2021,日本応用数理学会
陳 鈺涵,神戸大学,,,,ハミルトニアンニューラルネットワークの近似性能評価,2021,日本応用数理学会
津田 一郎,札幌市立大学 AITセンター,,,,Extreme Learning Machineによる越分岐予測,2025,日本応用数理学会
津田 一郎,札幌市立大学 AITセンター,,,,Extreme Learning Machineによる越分岐予測,2025,日本応用数理学会
津田 一郎,中部大学,,,,リザバーコンピューティングにおける教師の動的な選択,2021,日本応用数理学会
津田 一郎,中部大学,,,,リザバーコンピューティングにおける教師の動的な選択,2021,日本応用数理学会
津田 一郎,札幌市立大学,,,,順列エントロピーによるてんかん発作の特徴づけ,2024,日本応用数理学会
津田 一郎,札幌市立大学,,,,順列エントロピーによるてんかん発作の特徴づけ,2024,日本応用数理学会
津田 一郎,札幌市立大学 AITセンター,,,,制御入力付き学習モデルにおける力学構造の越分岐予測について,2024,日本応用数理学会
津田 一郎,札幌市立大学 AITセンター,,,,制御入力付き学習モデルにおける力学構造の越分岐予測について,2024,日本応用数理学会
辻 雄太,九州大学,,,,モーメントを用いた表面幾何構造の理解,2022,日本応用数理学会
辻 雄太,九州大学,,,,モーメントを用いた表面幾何構造の理解,2022,日本応用数理学会
辻川 亨,明治大学,,,,非局所項をもつ反応拡散方程式の２次分岐について,2025,日本応用数理学会
辻川 亨,明治大学,,,,非局所項をもつ反応拡散方程式の２次分岐について,2025,日本応用数理学会
辻村 太郎,京都大学,,,,染色体立体構造の記述子とその数理的解釈,2024,日本応用数理学会
辻村 太郎,京都大学,,,,染色体立体構造の記述子とその数理的解釈,2024,日本応用数理学会
辻本 諭,京都大学大学院情報学研究科,,,,-1 integrable systems and orthogonal polynomials,2022,日本応用数理学会
辻本 諭,京都大学大学院情報学研究科,,,,-1 integrable systems and orthogonal polynomials,2022,日本応用数理学会
辻本 諭,京都大学情報学研究科,,,,2変数dual-Hahn多項式に付随するスピン鎖模型における量子状態転送の解析,2022,日本応用数理学会
辻本 諭,京都大学情報学研究科,,,,2変数dual-Hahn多項式に付随するスピン鎖模型における量子状態転送の解析,2022,日本応用数理学会
辻本 諭,京都大学大学院情報学研究科,,,,Perfect State Transfer on ordered Hamming scheme of arbitrary depth,2022,日本応用数理学会
辻本 諭,京都大学大学院情報学研究科,,,,Perfect State Transfer on ordered Hamming scheme of arbitrary depth,2022,日本応用数理学会
辻本 諭,京都大学,,,,メタ代数と双直交有理関数 - Hahn Case,2024,日本応用数理学会
辻本 諭,京都大学,,,,メタ代数と双直交有理関数 - Hahn Case,2024,日本応用数理学会
辻本 諭,京都大学,,,,群集を表現する数理モデルとしての5近傍セルオートマトンについて,2024,日本応用数理学会
辻本 諭,京都大学,,,,群集を表現する数理モデルとしての5近傍セルオートマトンについて,2024,日本応用数理学会
辻本 諭,京都大学,,,,粒子間の衝突を考慮した一方向多粒子量子ウォークの検討,2024,日本応用数理学会
辻本 諭,京都大学,,,,粒子間の衝突を考慮した一方向多粒子量子ウォークの検討,2024,日本応用数理学会
辻本 諭,京都大学,,,,例外型直交多項式に付随するグラフ上の量子ウォーク,2021,日本応用数理学会
辻本 諭,京都大学,,,,例外型直交多項式に付随するグラフ上の量子ウォーク,2021,日本応用数理学会
坪田 凌輔,武蔵野大学工学研究科数理工学専攻,,,,離散半線形波動方程式の解のlifespan評価,2024,日本応用数理学会
坪田 凌輔,武蔵野大学工学研究科数理工学専攻,,,,離散半線形波動方程式の解のlifespan評価,2024,日本応用数理学会
鶴見 亮太,みずほ第一フィナンシャルテクノロジー,,,,Rough SABR Forward Market Modelの下でのスワップションプライシング,2025,日本応用数理学会
鶴見 亮太,みずほ第一フィナンシャルテクノロジー,,,,Rough SABR Forward Market Modelの下でのスワップションプライシング,2025,日本応用数理学会
堤 夏輝,一橋大学,,,,RfR法によるデータ駆動力学系モデルの幾何学的構造解析,2025,日本応用数理学会
堤 夏輝,一橋大学,,,,RfR法によるデータ駆動力学系モデルの幾何学的構造解析,2025,日本応用数理学会
堤 夏輝,一橋大学,,,,カオス的時系列データに基づく微分方程式推定,2022,日本応用数理学会
堤 夏輝,一橋大学,,,,カオス的時系列データに基づく微分方程式推定,2022,日本応用数理学会
堤 夏輝,一橋大学,,,,リザーバーコンピューティングの高次元空間における力学系構造解析,2025,日本応用数理学会
堤 夏輝,一橋大学,,,,リザーバーコンピューティングの高次元空間における力学系構造解析,2025,日本応用数理学会
堤 夏輝,一橋大学,,,,機械学習時間発展モデルの力学系解析,2022,日本応用数理学会
堤 夏輝,一橋大学,,,,機械学習時間発展モデルの力学系解析,2022,日本応用数理学会
堤 真人,広島大学・統合生命科学研究科,,,,深層学習による生物形態定量解析手法の開発,2024,日本応用数理学会
堤 真人,広島大学・統合生命科学研究科,,,,深層学習による生物形態定量解析手法の開発,2024,日本応用数理学会
天童 智也,東京大学　大学院総合文化研究科,,,,8ピースカレイドサイクルの機構解析とその平面敷き詰め,2022,日本応用数理学会
天童 智也,東京大学　大学院総合文化研究科,,,,8ピースカレイドサイクルの機構解析とその平面敷き詰め,2022,日本応用数理学会
天本 義史,九州大学,,,,離散幾何学・情報科学に基づく高分子材料のメゾ構造ー物性相関の記述,2022,日本応用数理学会
天本 義史,九州大学,,,,離散幾何学・情報科学に基づく高分子材料のメゾ構造ー物性相関の記述,2022,日本応用数理学会
添田 武志,富士通,,,,遺伝的アルゴリズムを用いた大規模混合物設計最適化手法,2022,日本応用数理学会
添田 武志,富士通,,,,遺伝的アルゴリズムを用いた大規模混合物設計最適化手法,2022,日本応用数理学会
殿山 俊吾,理化学研究所 計算科学研究センター,,,,火山地表面の変動を決定するマグマ溜りの数理モデルの変分解法,2025,日本応用数理学会
殿山 俊吾,理化学研究所 計算科学研究センター,,,,火山地表面の変動を決定するマグマ溜りの数理モデルの変分解法,2025,日本応用数理学会
田崎 創平,北海道大学,,,,細胞のシグナル伝達系のデータ同化,2022,日本応用数理学会
田崎 創平,北海道大学,,,,細胞のシグナル伝達系のデータ同化,2022,日本応用数理学会
田崎 創平,北海道大学,,,,腸管上皮細胞社会における脱分化現象の数理解析,2022,日本応用数理学会
田崎 創平,北海道大学,,,,腸管上皮細胞社会における脱分化現象の数理解析,2022,日本応用数理学会
田所 智,北海道大学大学院 理学研究院数学部門,,,,Extreme Learning Machineによる越分岐予測,2025,日本応用数理学会
田所 智,北海道大学大学院 理学研究院数学部門,,,,Extreme Learning Machineによる越分岐予測,2025,日本応用数理学会
田所 智,北海道大学数理・データサイエンス教育研究センター,,,,順列エントロピーによるてんかん発作の特徴づけ,2024,日本応用数理学会
田所 智,北海道大学数理・データサイエンス教育研究センター,,,,順列エントロピーによるてんかん発作の特徴づけ,2024,日本応用数理学会
田所 智,北海道大学 数理・データサイエンス教育研究センター,,,,制御入力付き学習モデルにおける力学構造の越分岐予測について,2024,日本応用数理学会
田所 智,北海道大学 数理・データサイエンス教育研究センター,,,,制御入力付き学習モデルにおける力学構造の越分岐予測について,2024,日本応用数理学会
田川 浩之,武庫川女子大学,,,,ミウラ折りとヨシムラ折りの間に群がる特異な一般化ミウラ折り,2025,日本応用数理学会
田川 浩之,武庫川女子大学,,,,ミウラ折りとヨシムラ折りの間に群がる特異な一般化ミウラ折り,2025,日本応用数理学会
田川 浩之,武庫川女子大学,,,,円弧状、渦巻き状、一般化ミウラ折りの展開図の幾何学的形状生成,2022,日本応用数理学会
田川 浩之,武庫川女子大学,,,,円弧状、渦巻き状、一般化ミウラ折りの展開図の幾何学的形状生成,2022,日本応用数理学会
田川 浩之,武庫川女子大学,,,,正規，非正規な配置の一般化ミウラ折りの剛体折り畳み挙動における自己交差性,2024,日本応用数理学会
田川 浩之,武庫川女子大学,,,,正規，非正規な配置の一般化ミウラ折りの剛体折り畳み挙動における自己交差性,2024,日本応用数理学会
田村 勇真,立命館大学大学院,,,,CIR モデルと squared Bessel process の部分積分公式,2021,日本応用数理学会
田村 勇真,立命館大学大学院,,,,CIR モデルと squared Bessel process の部分積分公式,2021,日本応用数理学会
田村 勇真,立命館大学,,,,グローヴァーの探索アルゴリズムと絶対ゼータ関数,2024,日本応用数理学会
田村 勇真,立命館大学,,,,グローヴァーの探索アルゴリズムと絶対ゼータ関数,2024,日本応用数理学会
田村 亮,物質・材料研究機構,,,,モジュラリティ行列の固有値計算に基づいた次元削減手法とそのマテリアルズインフォマティクスへの応用,2024,日本応用数理学会
田村 亮,物質・材料研究機構,,,,モジュラリティ行列の固有値計算に基づいた次元削減手法とそのマテリアルズインフォマティクスへの応用,2024,日本応用数理学会
田村 和広,静岡大学大学院自然科学系教育部,,,,複雑ネットワークの中心性と人の集まりやすさについて,2021,日本応用数理学会
田村 和広,静岡大学大学院自然科学系教育部,,,,複雑ネットワークの中心性と人の集まりやすさについて,2021,日本応用数理学会
田代 凜音,秋田県立大学システム科学技術研究科,,,,コレスキーQR分解のFPGAへの実装,2024,日本応用数理学会
田代 凜音,秋田県立大学システム科学技術研究科,,,,コレスキーQR分解のFPGAへの実装,2024,日本応用数理学会
田中 一成,早稲田大学,,,,1次元エノン方程式の分岐図に対する計算機援用解析,2021,日本応用数理学会
田中 一成,早稲田大学,,,,1次元エノン方程式の分岐図に対する計算機援用解析,2021,日本応用数理学会
田中 一成,早稲田大学,,,,２次元領域における三角形分割の事後保証法,2022,日本応用数理学会
田中 一成,早稲田大学,,,,２次元領域における三角形分割の事後保証法,2022,日本応用数理学会
田中 一成,早稲田大学,,,,Batt-Faltenbacher-Horst方程式の解の精度保証付き数値計算,2022,日本応用数理学会
田中 一成,早稲田大学,,,,Batt-Faltenbacher-Horst方程式の解の精度保証付き数値計算,2022,日本応用数理学会
田中 一成,早稲田大学,,,,Green関数による解包含理論：非凸多次元領域上におけるPoisson方程式への適用,2024,日本応用数理学会
田中 一成,早稲田大学,,,,Green関数による解包含理論：非凸多次元領域上におけるPoisson方程式への適用,2024,日本応用数理学会
田中 一成,早稲田大学,,,,Rigorous Enclosure of ODE Solutions Using Neural Operator-Based Sub- and Super-Solution,2025,日本応用数理学会
田中 一成,早稲田大学,,,,Rigorous Enclosure of ODE Solutions Using Neural Operator-Based Sub- and Super-Solution,2025,日本応用数理学会
田中 一成,早稲田大学,,,,計算機援用によるエノン型方程式の正値対称解の多重性解析,2024,日本応用数理学会
田中 一成,早稲田大学,,,,計算機援用によるエノン型方程式の正値対称解の多重性解析,2024,日本応用数理学会
田中 一成,早稲田大学,,,,優解劣解法による微分方程式の解の精度保証法とニューラルネットワーク近似への応用,2021,日本応用数理学会
田中 一成,早稲田大学,,,,優解劣解法による微分方程式の解の精度保証法とニューラルネットワーク近似への応用,2021,日本応用数理学会
田中 覚,東京都立産業技術高等専門学校,,,,数論電卓NZMATHの現状と展望,2022,日本応用数理学会
田中 覚,東京都立産業技術高等専門学校,,,,数論電卓NZMATHの現状と展望,2022,日本応用数理学会
田中 輝雄,工学院大学,,,,スーパーコンピュータの運用状況に応じた並列自動チューニング機構の提案,2024,日本応用数理学会
田中 輝雄,工学院大学,,,,スーパーコンピュータの運用状況に応じた並列自動チューニング機構の提案,2024,日本応用数理学会
田中 輝雄,工学院大学,,,,混合精度版ILU(0)前処理付きBiCGSTAB法における低精度方式実現方法による影響の分析,2025,日本応用数理学会
田中 輝雄,工学院大学,,,,混合精度版ILU(0)前処理付きBiCGSTAB法における低精度方式実現方法による影響の分析,2025,日本応用数理学会
田中 吉太郎,公立はこだて未来大学,,,,1次元格子上の空間離散モデルにおける拡散誘導不安定化,2021,日本応用数理学会
田中 吉太郎,公立はこだて未来大学,,,,1次元格子上の空間離散モデルにおける拡散誘導不安定化,2021,日本応用数理学会
田中 吉太郎,公立はこだて未来大学,,,,Belousov Zhabotinsky反応を用いたリザバー計算の数理モデリング,2024,日本応用数理学会
田中 吉太郎,公立はこだて未来大学,,,,Belousov Zhabotinsky反応を用いたリザバー計算の数理モデリング,2024,日本応用数理学会
田中 吉太郎,公立はこだて未来大学,,,,Belousov-Zhabotinsky反応を用いたsin波を生成するレザバー計算の提案とシミュレーション,2021,日本応用数理学会
田中 吉太郎,公立はこだて未来大学,,,,Belousov-Zhabotinsky反応を用いたsin波を生成するレザバー計算の提案とシミュレーション,2021,日本応用数理学会
田中 吉太郎,公立はこだて未来大学,,,,円領域内のパルス運動に関わる修正ヘルムホルツ方程式のノイマン問題に対する基本解近似解法,2021,日本応用数理学会
田中 吉太郎,公立はこだて未来大学,,,,円領域内のパルス運動に関わる修正ヘルムホルツ方程式のノイマン問題に対する基本解近似解法,2021,日本応用数理学会
田中 吉太郎,公立はこだて未来大学システム情報科学部,,,,環境の感知と運動の制御を同時に行う化学反応系ロボットの数理モデリング,2022,日本応用数理学会
田中 吉太郎,公立はこだて未来大学システム情報科学部,,,,環境の感知と運動の制御を同時に行う化学反応系ロボットの数理モデリング,2022,日本応用数理学会
田中 吉太郎,公立はこだて未来大学,,,,成長する領域上でのProneural waveの数理モデリング,2024,日本応用数理学会
田中 吉太郎,公立はこだて未来大学,,,,成長する領域上でのProneural waveの数理モデリング,2024,日本応用数理学会
田中 吉太郎,公立はこだて未来大学,,,,非一様格子上の空間離散モデルにおけるパターン形成の数値シミュレーション,2022,日本応用数理学会
田中 吉太郎,公立はこだて未来大学,,,,非一様格子上の空間離散モデルにおけるパターン形成の数値シミュレーション,2022,日本応用数理学会
田中 久美子,東京大学先端科学技術研究センター,,,,自然言語の長相関,2021,日本応用数理学会
田中 久美子,東京大学先端科学技術研究センター,,,,自然言語の長相関,2021,日本応用数理学会
田中 敬一,東京都立大学,,,,固有関数展開を用いたデリバティブ価格付け問題における漸近展開の導出,2021,日本応用数理学会
田中 敬一,東京都立大学,,,,固有関数展開を用いたデリバティブ価格付け問題における漸近展開の導出,2021,日本応用数理学会
田中 健一郎,東京大学,,,,ヘッセ行列を含む連続力学系モデルとそれに対応する最適化手法の収束率の改善の試みについて,2024,日本応用数理学会
田中 健一郎,東京大学,,,,ヘッセ行列を含む連続力学系モデルとそれに対応する最適化手法の収束率の改善の試みについて,2024,日本応用数理学会
田中 健一郎,東京大学 大学院情報理工学系研究科,,,,解析関数に対する求積公式の最悪誤差の下界について,2024,日本応用数理学会
田中 健一郎,東京大学 大学院情報理工学系研究科,,,,解析関数に対する求積公式の最悪誤差の下界について,2024,日本応用数理学会
田中 健一郎,東京大学大学院情報理工学系研究科,,,,各種行列関数の数値計算に対する二重指数関数型数値計算公式の誤差評価,2024,日本応用数理学会
田中 健一郎,東京大学大学院情報理工学系研究科,,,,各種行列関数の数値計算に対する二重指数関数型数値計算公式の誤差評価,2024,日本応用数理学会
田中 健一郎,東京大学,,,,最適輸送問題によるグラフ求積の定式化へのK-メディアン問題・ＤＣ計画によるアプローチ,2022,日本応用数理学会
田中 健一郎,東京大学,,,,最適輸送問題によるグラフ求積の定式化へのK-メディアン問題・ＤＣ計画によるアプローチ,2022,日本応用数理学会
田中 健一郎,東京大学大学院 情報理工学系研究科,,,,二重指数関数型減衰関数に対するSinc関数近似に基づく微分近似の誤差評価,2022,日本応用数理学会
田中 健一郎,東京大学大学院 情報理工学系研究科,,,,二重指数関数型減衰関数に対するSinc関数近似に基づく微分近似の誤差評価,2022,日本応用数理学会
田中 健一郎,東京大学大学院情報理工学系研究科,,,,二重指数関数型数値積分公式によるガンマ関数の数値計算法の提案,2022,日本応用数理学会
田中 健一郎,東京大学大学院情報理工学系研究科,,,,二重指数関数型数値積分公式によるガンマ関数の数値計算法の提案,2022,日本応用数理学会
田中 健一郎,東京大学 大学院情報理工学系研究科,JSTさきがけ,,,二重指数関数型数値積分公式による行列符号関数の数値計算,2021,日本応用数理学会
田中 健一郎,東京大学 大学院情報理工学系研究科,JSTさきがけ,,,二重指数関数型数値積分公式による行列符号関数の数値計算,2021,日本応用数理学会
田中 健一郎,東京科学大学,,,,変形AAAアルゴリズムの事後誤差評価に関する検討,2025,日本応用数理学会
田中 健一郎,東京科学大学,,,,変形AAAアルゴリズムの事後誤差評価に関する検討,2025,日本応用数理学会
田中 健太郎,京都大学,,,,ニューラルネットワークを用いた偏微分方程式の解法,2021,日本応用数理学会
田中 健太郎,京都大学,,,,ニューラルネットワークを用いた偏微分方程式の解法,2021,日本応用数理学会
田中 宏樹,京都大学,,,,重み付き点過程における時空間イベントのベイズ推定,2022,日本応用数理学会
田中 宏樹,京都大学,,,,重み付き点過程における時空間イベントのベイズ推定,2022,日本応用数理学会
田中 菜月,香川大学,,,,コンクリート構造物の非定常熱伝導解析における解析条件の検討,2025,日本応用数理学会
田中 菜月,香川大学,,,,コンクリート構造物の非定常熱伝導解析における解析条件の検討,2025,日本応用数理学会
田中 章詞,理研,,,,[企画講演]Discriminator optimal transport,2021,日本応用数理学会
田中 章詞,理研,,,,[企画講演]Discriminator optimal transport,2021,日本応用数理学会
田中 真人,トヨタ モーター ノース アメリカ,,,,超双対数に基づく固有値微分法の開発とOgden超弾性モデルへの応用,2022,日本応用数理学会
田中 真人,トヨタ モーター ノース アメリカ,,,,超双対数に基づく固有値微分法の開発とOgden超弾性モデルへの応用,2022,日本応用数理学会
田中 泰,京都大学,,,,Characteristic Basis Function MethodとCalderonの前処理を用いた誘電体の散乱解析に関する一考察,2022,日本応用数理学会
田中 泰,京都大学,,,,Characteristic Basis Function MethodとCalderonの前処理を用いた誘電体の散乱解析に関する一考察,2022,日本応用数理学会
田中 大毅,株式会社NTTデータ数理システム,,,,CIP Runge-Kutta 法による多次元線型移流方程式の数値解析,2022,日本応用数理学会
田中 大毅,株式会社NTTデータ数理システム,,,,CIP Runge-Kutta 法による多次元線型移流方程式の数値解析,2022,日本応用数理学会
田中 敏,東北大学,,,,Multiple existence of positive even function solutions for a two point boundary value problem on some very narrow possible parameter set,2021,日本応用数理学会
田中 敏,東北大学,,,,Multiple existence of positive even function solutions for a two point boundary value problem on some very narrow possible parameter set,2021,日本応用数理学会
田中 佑典,NTT株式会社,,,,ハミルトン偏微分方程式のスペクトル表現に基づく構造保存型作用素学習,2025,日本応用数理学会
田中 佑典,NTT株式会社,,,,ハミルトン偏微分方程式のスペクトル表現に基づく構造保存型作用素学習,2025,日本応用数理学会
田中 佑典,NTTコミュニケーション科学基礎研究所,,,,非線形波動のモデリングのためのハミルトニアン密度の作用素学習,2024,日本応用数理学会
田中 佑典,NTTコミュニケーション科学基礎研究所,,,,非線形波動のモデリングのためのハミルトニアン密度の作用素学習,2024,日本応用数理学会
田中 佑典,NTTコミュニケーション科学基礎研究所,,,,無限次元ハミルトン系を学習するための近似的なシンプレクティックニューラル作用素,2025,日本応用数理学会
田中 佑典,NTTコミュニケーション科学基礎研究所,,,,無限次元ハミルトン系を学習するための近似的なシンプレクティックニューラル作用素,2025,日本応用数理学会
田中 悠貴,福岡工業大学,,,,GANを用いたカオス時系列生成,2021,日本応用数理学会
田中 悠貴,福岡工業大学,,,,GANを用いたカオス時系列生成,2021,日本応用数理学会
田中 悠貴,福岡工業大学,,,,GANを用いて生成した擬似カオス時系列に対する非線形時系列解析,2022,日本応用数理学会
田中 悠貴,福岡工業大学,,,,GANを用いて生成した擬似カオス時系列に対する非線形時系列解析,2022,日本応用数理学会
田中 悠太,早稲田大学大学院基幹理工学研究科,,,,3階再帰方程式の探索と高階再帰方程式への拡張,2024,日本応用数理学会
田中 悠太,早稲田大学大学院基幹理工学研究科,,,,3階再帰方程式の探索と高階再帰方程式への拡張,2024,日本応用数理学会
田中 悠太,,,,,Pfaffian解を持つHungry Lotka-Volterra型方程式とソリトン解,2021,日本応用数理学会
田中 悠太,,,,,Pfaffian解を持つHungry Lotka-Volterra型方程式とソリトン解,2021,日本応用数理学会
田中 悠太,早稲田大学理工学術院,,,,多成分短パルス型方程式の可積分性を保つ全離散化,2025,日本応用数理学会
田中 悠太,早稲田大学理工学術院,,,,多成分短パルス型方程式の可積分性を保つ全離散化,2025,日本応用数理学会
田中 悠太,早稲田大学大学院基幹理工学研究科,,,,楕円型2次元戸田格子方程式のmulti-lump解の構成,2024,日本応用数理学会
田中 悠太,早稲田大学大学院基幹理工学研究科,,,,楕円型2次元戸田格子方程式のmulti-lump解の構成,2024,日本応用数理学会
田中 良巳,横浜国大,,,,動的に非対称な成分からなる混合溶媒中でのゲルダイナミクス,2021,日本応用数理学会
田中 良巳,横浜国大,,,,動的に非対称な成分からなる混合溶媒中でのゲルダイナミクス,2021,日本応用数理学会
田中 良巳,横浜国立大学,,,,螺旋の濡れ形態：実験と体積保存平均曲率流による数値計算,2022,日本応用数理学会
田中 良巳,横浜国立大学,,,,螺旋の濡れ形態：実験と体積保存平均曲率流による数値計算,2022,日本応用数理学会
田部井 淳志,東京大学,,,,ヘッセ行列を含む連続力学系モデルとそれに対応する最適化手法の収束率の改善の試みについて,2024,日本応用数理学会
田部井 淳志,東京大学,,,,ヘッセ行列を含む連続力学系モデルとそれに対応する最適化手法の収束率の改善の試みについて,2024,日本応用数理学会
兎子尾 理貴,京都大学,,,,Reservoir computing における普遍性と計算性能,2022,日本応用数理学会
兎子尾 理貴,京都大学,,,,Reservoir computing における普遍性と計算性能,2022,日本応用数理学会
渡部 善隆,九州大学,,,,Proudman-Johnson方程式の定常解に対する精度保証付き数値計算〜Miyaji-Okamoto定理の別証〜,2022,日本応用数理学会
渡部 善隆,九州大学,,,,Proudman-Johnson方程式の定常解に対する精度保証付き数値計算〜Miyaji-Okamoto定理の別証〜,2022,日本応用数理学会
渡部 善隆,九州大学,,,,定常Kolmogorov問題の対称性破壊分岐点に対する精度保証付き数値計算,2021,日本応用数理学会
渡部 善隆,九州大学,,,,定常Kolmogorov問題の対称性破壊分岐点に対する精度保証付き数値計算,2021,日本応用数理学会
渡部 善隆,九州大学,,,,特異項を持つ線形作用素に対する精度保証付き逆作用素ノルム評価,2024,日本応用数理学会
渡部 善隆,九州大学,,,,特異項を持つ線形作用素に対する精度保証付き逆作用素ノルム評価,2024,日本応用数理学会
渡部 善隆,九州大学,,,,微分方程式の作用素解析で用いられる行列ノルムの精度保証,2024,日本応用数理学会
渡部 善隆,九州大学,,,,微分方程式の作用素解析で用いられる行列ノルムの精度保証,2024,日本応用数理学会
渡部 善隆,九州大学,,,,平行円板間の層流に対する精度保証付き数値計算,2025,日本応用数理学会
渡部 善隆,九州大学,,,,平行円板間の層流に対する精度保証付き数値計算,2025,日本応用数理学会
渡部 悠人,早稲田大学大学院先進理工学研究科物理学及応用物理学専攻,,,,フィッシャー方程式の資源分布依存性,2025,日本応用数理学会
渡部 悠人,早稲田大学大学院先進理工学研究科物理学及応用物理学専攻,,,,フィッシャー方程式の資源分布依存性,2025,日本応用数理学会
渡部 翔,茨城大学,,,,ProVerifによる線形秘密分散の形式化とSPDZの検証への応用,2025,日本応用数理学会
渡部 翔,茨城大学,,,,ProVerifによる線形秘密分散の形式化とSPDZの検証への応用,2025,日本応用数理学会
渡辺 雅二,岡山大学,,,,水底地形の作成に関する計測とデータ解析手法および解析結果についての考察,2021,日本応用数理学会
渡辺 雅二,岡山大学,,,,水底地形の作成に関する計測とデータ解析手法および解析結果についての考察,2021,日本応用数理学会
渡辺 雅二,岡山大学名誉教授,岡山大学特命教授（研究,,,船体の運動にともなう測位ー測深誤差の補正手法に関する考察,2022,日本応用数理学会
渡辺 雅二,岡山大学名誉教授,岡山大学特命教授（研究,,,船体の運動にともなう測位ー測深誤差の補正手法に関する考察,2022,日本応用数理学会
渡辺 毅,公立諏訪東京理科大,,,,"Traveling pulses with oscillatory tails, figure-eight-like stack of isolas, and sensitive dependence on initial data in heterogeneous media",2021,日本応用数理学会
渡辺 毅,公立諏訪東京理科大,,,,"Traveling pulses with oscillatory tails, figure-eight-like stack of isolas, and sensitive dependence on initial data in heterogeneous media",2021,日本応用数理学会
渡辺 宏太郎,防衛大学校,,,,Multiple existence of positive even function solutions for a two point boundary value problem on some very narrow possible parameter set,2021,日本応用数理学会
渡辺 宏太郎,防衛大学校,,,,Multiple existence of positive even function solutions for a two point boundary value problem on some very narrow possible parameter set,2021,日本応用数理学会
渡辺 宏太郎,防衛大学校,,,,完全グラフに対応する2種類の離散 lp ソボレフ不等式の最良定数,2025,日本応用数理学会
渡辺 宏太郎,防衛大学校,,,,完全グラフに対応する2種類の離散 lp ソボレフ不等式の最良定数,2025,日本応用数理学会
渡辺 樹,早稲田大学大学院,,,,Application of Markov chain approximation to nonlinear reaction-diffusion equation,2022,日本応用数理学会
渡辺 樹,早稲田大学大学院,,,,Application of Markov chain approximation to nonlinear reaction-diffusion equation,2022,日本応用数理学会
渡辺 昌仁,早稲田大学大学院,,,,摂動を受けるレイリー・ベナール対流に現れるラグランジュ・コヒーレント構造と流体輸送の実験的解析,2021,日本応用数理学会
渡辺 昌仁,早稲田大学大学院,,,,摂動を受けるレイリー・ベナール対流に現れるラグランジュ・コヒーレント構造と流体輸送の実験的解析,2021,日本応用数理学会
渡辺 日出雄,慶應義塾大学,,,,量子コンピューターの現状と今後の展望,2024,日本応用数理学会
渡辺 日出雄,慶應義塾大学,,,,量子コンピューターの現状と今後の展望,2024,日本応用数理学会
渡邊 紘一郎,愛媛大学大学院,,,,代用電荷法による数値等角写像の最小二乗法を用いた電荷決定について,2022,日本応用数理学会
渡邊 紘一郎,愛媛大学大学院,,,,代用電荷法による数値等角写像の最小二乗法を用いた電荷決定について,2022,日本応用数理学会
渡邊 辰矢,茨城大学基礎自然学野理学専攻,,,,オートエンコーダーを用いた螺旋上のデータの学習とその評価,2024,日本応用数理学会
渡邊 辰矢,茨城大学基礎自然学野理学専攻,,,,オートエンコーダーを用いた螺旋上のデータの学習とその評価,2024,日本応用数理学会
渡邊 辰矢,茨城大学基礎自然学野理学専攻,,,,線形層が追加されたオートエンコーダーを用いた螺旋上のデータ等の学習とその評価,2025,日本応用数理学会
渡邊 辰矢,茨城大学基礎自然学野理学専攻,,,,線形層が追加されたオートエンコーダーを用いた螺旋上のデータ等の学習とその評価,2025,日本応用数理学会
渡邊 芳英,同志社大学理工学部,,,,Alternating-MethodによるMax-Plus線形方程式の解空間の近似,2021,日本応用数理学会
渡邊 芳英,同志社大学理工学部,,,,Alternating-MethodによるMax-Plus線形方程式の解空間の近似,2021,日本応用数理学会
渡邊 芳英,同志社大学,,,,Max-plus対称行列の代数的固有ベクトルの直交性,2021,日本応用数理学会
渡邊 芳英,同志社大学,,,,Max-plus対称行列の代数的固有ベクトルの直交性,2021,日本応用数理学会
渡邊 芳英,同志社大学理工学部,,,,アークに重みのある時間付きマークグラフのMax-plus発展方程式,2021,日本応用数理学会
渡邊 芳英,同志社大学理工学部,,,,アークに重みのある時間付きマークグラフのMax-plus発展方程式,2021,日本応用数理学会
渡邊 芳英,同志社大学理工学部,,,,加重平均型3値3近傍ファジーCAの収束性と数え上げ,2021,日本応用数理学会
渡邊 芳英,同志社大学理工学部,,,,加重平均型3値3近傍ファジーCAの収束性と数え上げ,2021,日本応用数理学会
渡邊 芳英,同志社大学,,,,差分方程式の無限遠点におけるトロピカル線形化と安定性解析,2025,日本応用数理学会
渡邊 芳英,同志社大学,,,,差分方程式の無限遠点におけるトロピカル線形化と安定性解析,2025,日本応用数理学会
渡邊 芳英,同志社大学,,,,優対角なmin-plus行列の上三角化とその交通流モデルへの応用,2022,日本応用数理学会
渡邊 芳英,同志社大学,,,,優対角なmin-plus行列の上三角化とその交通流モデルへの応用,2022,日本応用数理学会
渡邊 諒,明治大学,,,,展開構造を用いたヘルムホルツ共鳴器のフィジビリティスタディ,2024,日本応用数理学会
渡邊 諒,明治大学,,,,展開構造を用いたヘルムホルツ共鳴器のフィジビリティスタディ,2024,日本応用数理学会
渡邉 慶大,早稲田大学大学院基幹理工学研究科数学応用数理専攻,,,,Terminal planar networkの禁止部分グラフによる特徴付け,2024,日本応用数理学会
渡邉 慶大,早稲田大学大学院基幹理工学研究科数学応用数理専攻,,,,Terminal planar networkの禁止部分グラフによる特徴付け,2024,日本応用数理学会
渡邉 扇之介,福知山公立大学,,,,2次元3状態量子ウォークモデル,2025,日本応用数理学会
渡邉 扇之介,福知山公立大学,,,,2次元3状態量子ウォークモデル,2025,日本応用数理学会
渡邉 扇之介,福知山公立大学,,,,2次元ファジーセルオートマトンを用いた感染症モデル,2025,日本応用数理学会
渡邉 扇之介,福知山公立大学,,,,2次元ファジーセルオートマトンを用いた感染症モデル,2025,日本応用数理学会
渡邉 扇之介,福知山公立大学,,,,Max-plus対称行列の代数的固有ベクトルの直交性,2021,日本応用数理学会
渡邉 扇之介,福知山公立大学,,,,Max-plus対称行列の代数的固有ベクトルの直交性,2021,日本応用数理学会
渡邉 扇之介,福知山公立大学情報学部,,,,Max-plus代数における矩形行列の行列式とそのグラフ理論的解釈,2025,日本応用数理学会
渡邉 扇之介,福知山公立大学情報学部,,,,Max-plus代数における矩形行列の行列式とそのグラフ理論的解釈,2025,日本応用数理学会
渡邉 扇之介,福知山公立大学,,,,セルオートマトンを用いたグラフの頂点彩色,2025,日本応用数理学会
渡邉 扇之介,福知山公立大学,,,,セルオートマトンを用いたグラフの頂点彩色,2025,日本応用数理学会
渡邉 扇之介,福知山公立大学情報学部,,,,加重平均型3値3近傍ファジーCAの収束性と数え上げ,2021,日本応用数理学会
渡邉 扇之介,福知山公立大学情報学部,,,,加重平均型3値3近傍ファジーCAの収束性と数え上げ,2021,日本応用数理学会
渡邉 扇之介,福知山公立大学,,,,差分方程式の無限遠点におけるトロピカル線形化と安定性解析,2025,日本応用数理学会
渡邉 扇之介,福知山公立大学,,,,差分方程式の無限遠点におけるトロピカル線形化と安定性解析,2025,日本応用数理学会
渡邉 扇之介,福知山公立大学,,,,超離散ハングリーロトカ・ボルテラ系と超離散ハングリー戸田方程式を用いたmin-plus代数上の固有値計算,2022,日本応用数理学会
渡邉 扇之介,福知山公立大学,,,,超離散ハングリーロトカ・ボルテラ系と超離散ハングリー戸田方程式を用いたmin-plus代数上の固有値計算,2022,日本応用数理学会
渡邉 扇之介,福知山公立大学,,,,優対角なmin-plus行列の上三角化とその交通流モデルへの応用,2022,日本応用数理学会
渡邉 扇之介,福知山公立大学,,,,優対角なmin-plus行列の上三角化とその交通流モデルへの応用,2022,日本応用数理学会
渡邉 扇之介,福知山公立大学,,,,量子ウォークの漸化式から導かれるファジーセルオートマトン,2025,日本応用数理学会
渡邉 扇之介,福知山公立大学,,,,量子ウォークの漸化式から導かれるファジーセルオートマトン,2025,日本応用数理学会
渡邉 聡,株式会社KDDI総合研究所,,,,3値ポートフォリオ最適化問題に対するQAOAミキサーの性能比較,2025,日本応用数理学会
渡邉 聡,株式会社KDDI総合研究所,,,,3値ポートフォリオ最適化問題に対するQAOAミキサーの性能比較,2025,日本応用数理学会
渡邉 聡,株式会社KDDI総合研究所,,,,Lackadaisical quantum walkを用いたlong edgesを持った2次元格子における頂点探索,2024,日本応用数理学会
渡邉 聡,株式会社KDDI総合研究所,,,,Lackadaisical quantum walkを用いたlong edgesを持った2次元格子における頂点探索,2024,日本応用数理学会
渡邉 聡,株式会社KDDI総合研究所,,,,規則的なlong edgeを追加した格子模型における量子探索の探索時間の解析的な評価,2025,日本応用数理学会
渡邉 聡,株式会社KDDI総合研究所,,,,規則的なlong edgeを追加した格子模型における量子探索の探索時間の解析的な評価,2025,日本応用数理学会
渡邉 凌斗,京都府立大学　生命環境学部　環境・情報科学科,,,,拡張q-戸田方程式の固有値計算への応用,2021,日本応用数理学会
渡邉 凌斗,京都府立大学　生命環境学部　環境・情報科学科,,,,拡張q-戸田方程式の固有値計算への応用,2021,日本応用数理学会
都築 幸宏,信州大学経法学部,,,,バブルモデルにおけるオプション価格の数値的解法,2024,日本応用数理学会
都築 幸宏,信州大学経法学部,,,,バブルモデルにおけるオプション価格の数値的解法,2024,日本応用数理学会
土井 正男,北京航空航天大,,,,動的に非対称な成分からなる混合溶媒中でのゲルダイナミクス,2021,日本応用数理学会
土井 正男,北京航空航天大,,,,動的に非対称な成分からなる混合溶媒中でのゲルダイナミクス,2021,日本応用数理学会
土屋 敬亮,明治学院大学,,,,都道府県別の店舗の立地とその数理モデル ―美容室を例として―,2024,日本応用数理学会
土屋 敬亮,明治学院大学,,,,都道府県別の店舗の立地とその数理モデル ―美容室を例として―,2024,日本応用数理学会
土屋 卓也,愛媛大学,,,,Hadamard変分の数値的検証,2022,日本応用数理学会
土屋 卓也,愛媛大学,,,,Hadamard変分の数値的検証,2022,日本応用数理学会
土屋 卓也,大阪大学,,,,悪い要素を含む有限要素法の誤差解析,2024,日本応用数理学会
土屋 卓也,大阪大学,,,,悪い要素を含む有限要素法の誤差解析,2024,日本応用数理学会
土屋 卓也,愛媛大学,,,,四面体の最大角条件と同値な幾何学的条件について,2021,日本応用数理学会
土屋 卓也,愛媛大学,,,,四面体の最大角条件と同値な幾何学的条件について,2021,日本応用数理学会
土屋 拓也,八戸工業大学,,,,De Sitter時空中における半線形Klein-Gordon方程式の高精度かつ安定な数値計算,2022,日本応用数理学会
土屋 拓也,八戸工業大学,,,,De Sitter時空中における半線形Klein-Gordon方程式の高精度かつ安定な数値計算,2022,日本応用数理学会
土屋 拓也,八戸工業大学,,,,Einstein方程式の拘束条件の破れを抑えるような離散スキームについて,2022,日本応用数理学会
土屋 拓也,八戸工業大学,,,,Einstein方程式の拘束条件の破れを抑えるような離散スキームについて,2022,日本応用数理学会
土屋 拓也,明治学院大学,,,,あるベクトル場の波動方程式における構造保存数値計算について,2025,日本応用数理学会
土屋 拓也,明治学院大学,,,,あるベクトル場の波動方程式における構造保存数値計算について,2025,日本応用数理学会
土屋 拓也,八戸工業大学,,,,重力崩壊する時空におけるEinstein方程式の高精度数値計算,2021,日本応用数理学会
土屋 拓也,八戸工業大学,,,,重力崩壊する時空におけるEinstein方程式の高精度数値計算,2021,日本応用数理学会
土屋 拓也,明治学院大学,,,,都道府県別の店舗の立地とその数理モデル ―美容室を例として―,2024,日本応用数理学会
土屋 拓也,明治学院大学,,,,都道府県別の店舗の立地とその数理モデル ―美容室を例として―,2024,日本応用数理学会
土屋 拓也,明治学院大学,,,,半線型Klein–Gordon方程式の解の収束性と挙動について,2024,日本応用数理学会
土屋 拓也,明治学院大学,,,,半線型Klein–Gordon方程式の解の収束性と挙動について,2024,日本応用数理学会
土屋 拓也,八戸工業大学,,,,有限要素法による双曲型偏微分方程式の構造保存数値計算,2021,日本応用数理学会
土屋 拓也,八戸工業大学,,,,有限要素法による双曲型偏微分方程式の構造保存数値計算,2021,日本応用数理学会
土屋 和雄,京都大学,,,,ハイブリッド力学系における新しい分岐：ヒトの歩行・走行モデルの一般化,2024,日本応用数理学会
土屋 和雄,京都大学,,,,ハイブリッド力学系における新しい分岐：ヒトの歩行・走行モデルの一般化,2024,日本応用数理学会
土屋 和雄,京都大学,,,,受動歩行における吸引領域の変化とそのメカニズム,2021,日本応用数理学会
土屋 和雄,京都大学,,,,受動歩行における吸引領域の変化とそのメカニズム,2021,日本応用数理学会
唐木田 亮,産業技術総合研究所,,,,Neural tangent kernel regimeにおける継続学習の学習曲線,2022,日本応用数理学会
唐木田 亮,産業技術総合研究所,,,,Neural tangent kernel regimeにおける継続学習の学習曲線,2022,日本応用数理学会
島崎 秀昭,北海道大学 人間知・脳・AI研究教育センター,,,,神経細胞集団活動の数理とデータ解析,2022,日本応用数理学会
島崎 秀昭,北海道大学 人間知・脳・AI研究教育センター,,,,神経細胞集団活動の数理とデータ解析,2022,日本応用数理学会
島田 英昭,東邦大学大学院 消化器外科学講座,,,,腫瘍関連自己抗体を用いた食道がん診断モデルの開発,2025,日本応用数理学会
島田 英昭,東邦大学大学院 消化器外科学講座,,,,腫瘍関連自己抗体を用いた食道がん診断モデルの開発,2025,日本応用数理学会
嶋田 雅也,長岡技術科学大学 機械創造工学専攻,,,,Self-Attention Networkに基づくコンクリート構造物打撃時の加速度応答を用いた内部欠陥のトポロジー同定,2021,日本応用数理学会
嶋田 雅也,長岡技術科学大学 機械創造工学専攻,,,,Self-Attention Networkに基づくコンクリート構造物打撃時の加速度応答を用いた内部欠陥のトポロジー同定,2021,日本応用数理学会
東 康平,東京大学数理科学研究科,,,,ファジーセルオートマトンルール184へ慣性の効果を取り入れた拡張モデルの解析,2021,日本応用数理学会
東 康平,東京大学数理科学研究科,,,,ファジーセルオートマトンルール184へ慣性の効果を取り入れた拡張モデルの解析,2021,日本応用数理学会
東 康平,武蔵野大学,,,,離散半線形波動方程式の解のlifespan評価,2024,日本応用数理学会
東 康平,武蔵野大学,,,,離散半線形波動方程式の解のlifespan評価,2024,日本応用数理学会
東浜 有輝,株式会社マネジメントソリューションズ,,,,面積保存ツイスト写像の不変曲線の非存在証明,2022,日本応用数理学会
東浜 有輝,株式会社マネジメントソリューションズ,,,,面積保存ツイスト写像の不変曲線の非存在証明,2022,日本応用数理学会
董 然,東京工科大学,,,,モーションデータを用いたEMDによる人型ロボットの動作学習最適化,2022,日本応用数理学会
董 然,東京工科大学,,,,モーションデータを用いたEMDによる人型ロボットの動作学習最適化,2022,日本応用数理学会
董 然,東京工科大学,,,,経験的モード分解を用いた電磁波伝播現象解析,2022,日本応用数理学会
董 然,東京工科大学,,,,経験的モード分解を用いた電磁波伝播現象解析,2022,日本応用数理学会
董 然,東京工科大学,,,,経験的モード分解を用いた東京都COVID-19新規感染者のトレンド解析,2021,日本応用数理学会
董 然,東京工科大学,,,,経験的モード分解を用いた東京都COVID-19新規感染者のトレンド解析,2021,日本応用数理学会
藤ノ木 健介,神奈川大学,,,,CT画像再構成におけるshearlet変換を用いたリングアーティファクトの除去について,2024,日本応用数理学会
藤ノ木 健介,神奈川大学,,,,CT画像再構成におけるshearlet変換を用いたリングアーティファクトの除去について,2024,日本応用数理学会
藤ノ木 健介,神奈川大学,,,,重み付き正則化項を用いたShearletシステム上でのリングアーティファクト除去について,2025,日本応用数理学会
藤ノ木 健介,神奈川大学,,,,重み付き正則化項を用いたShearletシステム上でのリングアーティファクト除去について,2025,日本応用数理学会
藤井 雅留太,信州大学学術研究院工学系,,,,トポロジー最適化による電磁波と音波に対するアンディテクタブルクロークについて,2021,日本応用数理学会
藤井 雅留太,信州大学学術研究院工学系,,,,トポロジー最適化による電磁波と音波に対するアンディテクタブルクロークについて,2021,日本応用数理学会
藤井 克哉,筑波大学,,,,2次元のウェーブレットタイプな正規直交基底の構成,2022,日本応用数理学会
藤井 克哉,筑波大学,,,,2次元のウェーブレットタイプな正規直交基底の構成,2022,日本応用数理学会
藤井 克哉,畿央大学,,,,CT画像再構成におけるshearlet変換を用いたリングアーティファクトの除去について,2024,日本応用数理学会
藤井 克哉,畿央大学,,,,CT画像再構成におけるshearlet変換を用いたリングアーティファクトの除去について,2024,日本応用数理学会
藤井 克哉,畿央大学,,,,重み付き正則化項を用いたShearletシステム上でのリングアーティファクト除去について,2025,日本応用数理学会
藤井 克哉,畿央大学,,,,重み付き正則化項を用いたShearletシステム上でのリングアーティファクト除去について,2025,日本応用数理学会
藤井 昭宏,工学院大学,,,,スーパーコンピュータの運用状況に応じた並列自動チューニング機構の提案,2024,日本応用数理学会
藤井 昭宏,工学院大学,,,,スーパーコンピュータの運用状況に応じた並列自動チューニング機構の提案,2024,日本応用数理学会
藤井 昭宏,工学院大学,,,,混合精度版ILU(0)前処理付きBiCGSTAB法における低精度方式実現方法による影響の分析,2025,日本応用数理学会
藤井 昭宏,工学院大学,,,,混合精度版ILU(0)前処理付きBiCGSTAB法における低精度方式実現方法による影響の分析,2025,日本応用数理学会
藤岡 佳佑,東京都立大学理学研究科,,,,結合エノン写像における一様双曲領域について,2024,日本応用数理学会
藤岡 佳佑,東京都立大学理学研究科,,,,結合エノン写像における一様双曲領域について,2024,日本応用数理学会
藤原 寛太郎,東京大学,,,,パーシステントホモロジーによる作用素論的力学系解析手法の評価,2025,日本応用数理学会
藤原 寛太郎,東京大学,,,,パーシステントホモロジーによる作用素論的力学系解析手法の評価,2025,日本応用数理学会
藤原 寛太郎,東京大学大学院情報理工学系研究科,,,,位相的データ解析を用いた力学系の学習過程の評価,2024,日本応用数理学会
藤原 寛太郎,東京大学大学院情報理工学系研究科,,,,位相的データ解析を用いた力学系の学習過程の評価,2024,日本応用数理学会
藤原 宏志,京都大学,,,,FreeFEMにおける2次元数値計算結果のPDFファイル出力の機能拡張,2022,日本応用数理学会
藤原 宏志,京都大学,,,,FreeFEMにおける2次元数値計算結果のPDFファイル出力の機能拡張,2022,日本応用数理学会
藤原 宏志,京都大学,,,,境界積分によるドップラートモグラフィの数値計算,2024,日本応用数理学会
藤原 宏志,京都大学,,,,境界積分によるドップラートモグラフィの数値計算,2024,日本応用数理学会
藤原 宏志,京都大学,,,,自然境界条件を伴う楕円型正則化による移流方程式の数値計算,2021,日本応用数理学会
藤原 宏志,京都大学,,,,自然境界条件を伴う楕円型正則化による移流方程式の数値計算,2021,日本応用数理学会
藤原 浩平,京都大学,,,,Gromov-Wasserstein最適輸送理論を用いたオミクスデータ種差解析,2024,日本応用数理学会
藤原 浩平,京都大学,,,,Gromov-Wasserstein最適輸送理論を用いたオミクスデータ種差解析,2024,日本応用数理学会
藤原 正幸,北陸先端科学技術大学院大学,,,,次世代型神経質量モデルの二集団間における同期解析,2022,日本応用数理学会
藤原 正幸,北陸先端科学技術大学院大学,,,,次世代型神経質量モデルの二集団間における同期解析,2022,日本応用数理学会
藤原 裕己,早稲田大学,,,,大変形を伴って平面上を運動する柔軟梁の古典場理論に基づく定式化とテザー衛星への応用,2025,日本応用数理学会
藤原 裕己,早稲田大学,,,,大変形を伴って平面上を運動する柔軟梁の古典場理論に基づく定式化とテザー衛星への応用,2025,日本応用数理学会
藤原 裕展,理化学研究所生命機能科学研究センター,,,,2次元シートから3次元円筒構造へ至る皮膚付属器の形態形成を再現する数理モデル,2025,日本応用数理学会
藤原 裕展,理化学研究所生命機能科学研究センター,,,,2次元シートから3次元円筒構造へ至る皮膚付属器の形態形成を再現する数理モデル,2025,日本応用数理学会
藤原 裕展,理化学研究所,,,,細胞周期と細胞外環境を制御する数値シミュレーションに基づく毛包形態形成の再現,2024,日本応用数理学会
藤原 裕展,理化学研究所,,,,細胞周期と細胞外環境を制御する数値シミュレーションに基づく毛包形態形成の再現,2024,日本応用数理学会
藤山 拓巳,東京大学 大学院情報理工学系研究科,,,,コンプライアンスのバッファード故障確率による不確実性下でのトラスのデータ駆動型最適設計,2025,日本応用数理学会
藤山 拓巳,東京大学 大学院情報理工学系研究科,,,,コンプライアンスのバッファード故障確率による不確実性下でのトラスのデータ駆動型最適設計,2025,日本応用数理学会
藤山 拓巳,東京大学,,,,トラスのコンプライアンスに対する分布的ロバストCVaR制約付き期待値最小化問題の定式化,2024,日本応用数理学会
藤山 拓巳,東京大学,,,,トラスのコンプライアンスに対する分布的ロバストCVaR制約付き期待値最小化問題の定式化,2024,日本応用数理学会
藤森 岳,東京理科大学理学部第一部応用数学科,,,,スキップ接続付きDNNモデルの二次最適化における適応的 Damping 効果,2021,日本応用数理学会
藤森 岳,東京理科大学理学部第一部応用数学科,,,,スキップ接続付きDNNモデルの二次最適化における適応的 Damping 効果,2021,日本応用数理学会
藤川 正毅,琉球大学,,,,超双対数に基づく固有値微分法の開発とOgden超弾性モデルへの応用,2022,日本応用数理学会
藤川 正毅,琉球大学,,,,超双対数に基づく固有値微分法の開発とOgden超弾性モデルへの応用,2022,日本応用数理学会
藤田 喜久雄,大阪大学,,,,Wasserstein距離に基づくかたちの交叉：進化的トポロジー最適化への展開,2025,日本応用数理学会
藤田 喜久雄,大阪大学,,,,Wasserstein距離に基づくかたちの交叉：進化的トポロジー最適化への展開,2025,日本応用数理学会
藤田 宜久,立命館大学,,,,斜め入射における円筒導波管のモード解析,2022,日本応用数理学会
藤田 宜久,立命館大学,,,,斜め入射における円筒導波管のモード解析,2022,日本応用数理学会
藤田 和弘,茨城大学,,,,カードベース暗号の形式検証の再考,2024,日本応用数理学会
藤田 和弘,茨城大学,,,,カードベース暗号の形式検証の再考,2024,日本応用数理学会
藤本 修平,国立研究開発法人 海上・港湾・航空技術研究所 海上技術安全研究所,,,,曲面特徴量による船体曲がり外板の加工時間推定の検討,2025,日本応用数理学会
藤本 修平,国立研究開発法人 海上・港湾・航空技術研究所 海上技術安全研究所,,,,曲面特徴量による船体曲がり外板の加工時間推定の検討,2025,日本応用数理学会
藤本 修平,国立研究開発法人 海上・港湾・航空技術研究所 海上技術安全研究所,,,,曲面特徴量に基づく船体曲がり外板加工時間の分析,2024,日本応用数理学会
藤本 修平,国立研究開発法人 海上・港湾・航空技術研究所 海上技術安全研究所,,,,曲面特徴量に基づく船体曲がり外板加工時間の分析,2024,日本応用数理学会
藤野 拓也,広島大学大学院理学研究科,,,,固体の自己駆動体運動に対する反応拡散系モデル,2025,日本応用数理学会
藤野 拓也,広島大学大学院理学研究科,,,,固体の自己駆動体運動に対する反応拡散系モデル,2025,日本応用数理学会
奈良 高明,東京大学,,,,ネマチック液晶の持つ弾性エネルギーの陽公式に基づくトポロジカル欠陥の平衡解の解析,2024,日本応用数理学会
奈良 高明,東京大学,,,,ネマチック液晶の持つ弾性エネルギーの陽公式に基づくトポロジカル欠陥の平衡解の解析,2024,日本応用数理学会
奈良 高明,東京大学大学院,,,,異種ソースモデルに基づく局所的神経電流源推定 - てんかん焦点同定への応用,2022,日本応用数理学会
奈良 高明,東京大学大学院,,,,異種ソースモデルに基づく局所的神経電流源推定 - てんかん焦点同定への応用,2022,日本応用数理学会
奈良 高明,東京大学大学院,,,,再生核を用いた脳磁場補外法,2024,日本応用数理学会
奈良 高明,東京大学大学院,,,,再生核を用いた脳磁場補外法,2024,日本応用数理学会
奈良 知惠,明治大学研究・知財戦略機構,,,,切頂八面体のスポンジ膜：基本展開図のタイリングと変形構造,2021,日本応用数理学会
奈良 知惠,明治大学研究・知財戦略機構,,,,切頂八面体のスポンジ膜：基本展開図のタイリングと変形構造,2021,日本応用数理学会
内海 晋弥,北海道大学,,,,9-コンパートメントグルコース・インスリン体循環数理モデルのパラメータ推定及び関連する医学的知見の考察,2024,日本応用数理学会
内海 晋弥,北海道大学,,,,9-コンパートメントグルコース・インスリン体循環数理モデルのパラメータ推定及び関連する医学的知見の考察,2024,日本応用数理学会
内海 晋弥,北海道大学電子科学研究所,,,,９-コンパートメントグルコース・インスリン体循環数理モデルを用いた時系列マウスデータ解析,2024,日本応用数理学会
内海 晋弥,北海道大学電子科学研究所,,,,９-コンパートメントグルコース・インスリン体循環数理モデルを用いた時系列マウスデータ解析,2024,日本応用数理学会
内海 晋弥,北海道大学,,,,FreeFEM による三角形領域における定常キャビティ流の計算,2025,日本応用数理学会
内海 晋弥,北海道大学,,,,FreeFEM による三角形領域における定常キャビティ流の計算,2025,日本応用数理学会
内田 善照,フォスター電機（株）,,,,新しい解析技術を用いた折紙構造の吸音率の評価（三浦折り構造の低周波域挙動考察）,2025,日本応用数理学会
内田 善照,フォスター電機（株）,,,,新しい解析技術を用いた折紙構造の吸音率の評価（三浦折り構造の低周波域挙動考察）,2025,日本応用数理学会
内藤 朱里,岐阜大学,,,,強化学習における学習時間削減を目的とした報酬関数推定手法の提案,2025,日本応用数理学会
内藤 朱里,岐阜大学,,,,強化学習における学習時間削減を目的とした報酬関数推定手法の提案,2025,日本応用数理学会
内野 佑基,芝浦工業大学,,,,3つの点行列の積の包含法とその解析について,2022,日本応用数理学会
内野 佑基,芝浦工業大学,,,,3つの点行列の積の包含法とその解析について,2022,日本応用数理学会
内野 佑基,理化学研究所,,,,行列積に対するGEMM-basedな試行型エミュレーションについて,2025,日本応用数理学会
内野 佑基,理化学研究所,,,,行列積に対するGEMM-basedな試行型エミュレーションについて,2025,日本応用数理学会
内野 佑基,芝浦工業大学大学院 理工学研究科,,,,実対称固有値分解に対する反復改良法の高速化,2021,日本応用数理学会
内野 佑基,芝浦工業大学大学院 理工学研究科,,,,実対称固有値分解に対する反復改良法の高速化,2021,日本応用数理学会
内野 佑基,理化学研究所 計算科学研究センター,,,,数値線形代数に対する再現性のある試行型テスト行列生成法,2024,日本応用数理学会
内野 佑基,理化学研究所 計算科学研究センター,,,,数値線形代数に対する再現性のある試行型テスト行列生成法,2024,日本応用数理学会
内野 佑基,芝浦工業大学大学院,,,,数値線形代数の諸問題に対する真の解がわかるテスト行列の生成法,2022,日本応用数理学会
内野 佑基,芝浦工業大学大学院,,,,数値線形代数の諸問題に対する真の解がわかるテスト行列の生成法,2022,日本応用数理学会
縄手 孝央,大阪大学大学院情報科学研究科,,,,Parareal法を活用した数値解の不確実性評価に向けての考察,2022,日本応用数理学会
縄手 孝央,大阪大学大学院情報科学研究科,,,,Parareal法を活用した数値解の不確実性評価に向けての考察,2022,日本応用数理学会
南 彩菜,公立はこだて未来大学,,,,1次元格子上の空間離散モデルにおける拡散誘導不安定化,2021,日本応用数理学会
南 彩菜,公立はこだて未来大学,,,,1次元格子上の空間離散モデルにおける拡散誘導不安定化,2021,日本応用数理学会
南 彩菜,公立はこだて未来大学,,,,非一様格子上の空間離散モデルにおけるパターン形成の数値シミュレーション,2022,日本応用数理学会
南 彩菜,公立はこだて未来大学,,,,非一様格子上の空間離散モデルにおけるパターン形成の数値シミュレーション,2022,日本応用数理学会
南 萌絵,福知山公立大学,,,,量子ウォークの漸化式から導かれるファジーセルオートマトン,2025,日本応用数理学会
南 萌絵,福知山公立大学,,,,量子ウォークの漸化式から導かれるファジーセルオートマトン,2025,日本応用数理学会
南 凜歩,早稲田大学,,,,個人行動履歴を用いた感染モデルについて,2022,日本応用数理学会
南 凜歩,早稲田大学,,,,個人行動履歴を用いた感染モデルについて,2022,日本応用数理学会
南川 智都,東京都立大学,,,,ジャンプシステムおよびデルタマトロイド上の最適化問題に対する貪欲アルゴリズムの測地線性質,2022,日本応用数理学会
南川 智都,東京都立大学,,,,ジャンプシステムおよびデルタマトロイド上の最適化問題に対する貪欲アルゴリズムの測地線性質,2022,日本応用数理学会
楠 涼太,北陸先端科学技術大学院大学,,,,逆優先的選択によるネットワークのカスケード故障に対する性能評価,2022,日本応用数理学会
楠 涼太,北陸先端科学技術大学院大学,,,,逆優先的選択によるネットワークのカスケード故障に対する性能評価,2022,日本応用数理学会
楠元 宏幸,名古屋大学大学院多元数理科学研究科,,,,制御理論を用いたLSTMのレジリエンスの定式化と保証手法,2025,日本応用数理学会
楠元 宏幸,名古屋大学大学院多元数理科学研究科,,,,制御理論を用いたLSTMのレジリエンスの定式化と保証手法,2025,日本応用数理学会
二宮 祥一,東京工業大学,,,,確率微分方程式の弱近似のための再結合測度法のアルゴリズム,2024,日本応用数理学会
二宮 祥一,東京工業大学,,,,確率微分方程式の弱近似のための再結合測度法のアルゴリズム,2024,日本応用数理学会
二国 徹郎,東京理科大学,,,,3値ポートフォリオ最適化問題に対するQAOAミキサーの性能比較,2025,日本応用数理学会
二国 徹郎,東京理科大学,,,,3値ポートフォリオ最適化問題に対するQAOAミキサーの性能比較,2025,日本応用数理学会
二村 保徳,筑波大学システム情報系,,,,モジュラリティ行列の固有値計算に基づいた次元削減手法とそのマテリアルズインフォマティクスへの応用,2024,日本応用数理学会
二村 保徳,筑波大学システム情報系,,,,モジュラリティ行列の固有値計算に基づいた次元削減手法とそのマテリアルズインフォマティクスへの応用,2024,日本応用数理学会
二反田 篤史,九州工業大学大学院情報工学研究院知能情報工学研究系,,,,平均場ニューラルネットワークの収束率保証付き最適化,2021,日本応用数理学会
二反田 篤史,九州工業大学大学院情報工学研究院知能情報工学研究系,,,,平均場ニューラルネットワークの収束率保証付き最適化,2021,日本応用数理学会
日詰 明男,武蔵野美術大学特別講師,龍谷大学客員教授,,,フィボナッチ折紙の展開,2021,日本応用数理学会
日詰 明男,武蔵野美術大学特別講師,龍谷大学客員教授,,,フィボナッチ折紙の展開,2021,日本応用数理学会
日高 俊太郎,電気通信大学,,,,MINRES法に基づくシフト線形方程式および一般化シフト線形方程式解法の性能評価,2025,日本応用数理学会
日高 俊太郎,電気通信大学,,,,MINRES法に基づくシフト線形方程式および一般化シフト線形方程式解法の性能評価,2025,日本応用数理学会
波江野 洋,東京理科大学生命医科学研究所,,,,低悪性度脳腫瘍の悪性化を抑える最適治療法に関する数理モデル解析,2022,日本応用数理学会
波江野 洋,東京理科大学生命医科学研究所,,,,低悪性度脳腫瘍の悪性化を抑える最適治療法に関する数理モデル解析,2022,日本応用数理学会
波多野 恭弘,大阪大学,,,,地震断層の簡単なモデルにおける周期倍分岐,2024,日本応用数理学会
波多野 恭弘,大阪大学,,,,地震断層の簡単なモデルにおける周期倍分岐,2024,日本応用数理学会
馬 芳,大阪大学,,,,地震断層の簡単なモデルにおける周期倍分岐,2024,日本応用数理学会
馬 芳,大阪大学,,,,地震断層の簡単なモデルにおける周期倍分岐,2024,日本応用数理学会
馬原 凌河,東京大学 大学院 情報理工学系研究科 数理情報学専攻,,,,不可分な負担の公平かつパレート効率的な配分の存在,2025,日本応用数理学会
馬原 凌河,東京大学 大学院 情報理工学系研究科 数理情報学専攻,,,,不可分な負担の公平かつパレート効率的な配分の存在,2025,日本応用数理学会
馬場 慧,海洋研究開発機構,,,,アイコナル方程式に基づく地震波到達時間計算の物理情報深層学習におけるスペクトルバイアス,2024,日本応用数理学会
馬場 慧,海洋研究開発機構,,,,アイコナル方程式に基づく地震波到達時間計算の物理情報深層学習におけるスペクトルバイアス,2024,日本応用数理学会
馬場 元,大阪大学 大学院情報科学研究科 情報数理学専攻,,,,周期的活性化関数を用いたニューラルネットワークによる位相振幅振動子モデルの応答特性推定,2025,日本応用数理学会
馬場 元,大阪大学 大学院情報科学研究科 情報数理学専攻,,,,周期的活性化関数を用いたニューラルネットワークによる位相振幅振動子モデルの応答特性推定,2025,日本応用数理学会
梅垣 俊仁,大阪大学数理・データ科学教育研究センター,,,,放射線と抗がん剤併用医療の多細胞応答数理シミュレーション,2024,日本応用数理学会
梅垣 俊仁,大阪大学数理・データ科学教育研究センター,,,,放射線と抗がん剤併用医療の多細胞応答数理シミュレーション,2024,日本応用数理学会
梅田 典晃,工学院大学,,,,符号拡散による2値クラス分類器とその応用,2021,日本応用数理学会
梅田 典晃,工学院大学,,,,符号拡散による2値クラス分類器とその応用,2021,日本応用数理学会
梅木 智士,琉球大学,,,,一般化したトランプにおけるペア数の期待値について,2024,日本応用数理学会
梅木 智士,琉球大学,,,,一般化したトランプにおけるペア数の期待値について,2024,日本応用数理学会
梅野 健,京都大学 物理統計学分野研究室,,,,2自由度結合カオス系の解析,2022,日本応用数理学会
梅野 健,京都大学 物理統計学分野研究室,,,,2自由度結合カオス系の解析,2022,日本応用数理学会
梅野 健,京都大学 物理統計学分野研究室,,,,3自由度ループ結合カオス系の解析,2021,日本応用数理学会
梅野 健,京都大学 物理統計学分野研究室,,,,3自由度ループ結合カオス系の解析,2021,日本応用数理学会
梅野 健,京都大学大学院,,,,GANによる一般化ブール変換により生成される時系列の学習可能性,2022,日本応用数理学会
梅野 健,京都大学大学院,,,,GANによる一般化ブール変換により生成される時系列の学習可能性,2022,日本応用数理学会
梅野 健,京都大学大学院情報学研究科,,,,GDP成長率の統計則について,2025,日本応用数理学会
梅野 健,京都大学大学院情報学研究科,,,,GDP成長率の統計則について,2025,日本応用数理学会
梅野 健,京都大学大学院,,,,Mean-DCCAアプローチによるマルチスケールなポートフォリオの構築,2022,日本応用数理学会
梅野 健,京都大学大学院,,,,Mean-DCCAアプローチによるマルチスケールなポートフォリオの構築,2022,日本応用数理学会
梅野 健,京都大学　情報学研究科　数理工学　物理統計学分野,,,,カオス同期における振幅減衰モデル,2022,日本応用数理学会
梅野 健,京都大学　情報学研究科　数理工学　物理統計学分野,,,,カオス同期における振幅減衰モデル,2022,日本応用数理学会
梅野 健,京都大学,,,,べき指数が時間変化する非定常OU過程,2025,日本応用数理学会
梅野 健,京都大学,,,,べき指数が時間変化する非定常OU過程,2025,日本応用数理学会
梅野 健,京都大学大学院情報学研究科数理工学専攻,,,,安定分布に基づく無限分解可能分布の一般表現について,2021,日本応用数理学会
梅野 健,京都大学大学院情報学研究科数理工学専攻,,,,安定分布に基づく無限分解可能分布の一般表現について,2021,日本応用数理学会
梅野 健,応用数理物理学,,,,位相変位カオス同期,2024,日本応用数理学会
梅野 健,応用数理物理学,,,,位相変位カオス同期,2024,日本応用数理学会
梅野 健,京都大学大学院情報学研究科,,,,一般化ブール変換により生成されるランダムウォークを利用したリーマン予想の確率的検証,2025,日本応用数理学会
梅野 健,京都大学大学院情報学研究科,,,,一般化ブール変換により生成されるランダムウォークを利用したリーマン予想の確率的検証,2025,日本応用数理学会
梅野 健,京都大学,,,,拡張超一般化Boole変換におけるK=2Nにおける臨界指数,2021,日本応用数理学会
梅野 健,京都大学,,,,拡張超一般化Boole変換におけるK=2Nにおける臨界指数,2021,日本応用数理学会
梅野 健,京都大学,,,,虚数乗法論におけるアーベル写像の可解カオス性とリアプノフ指数の量子化,2022,日本応用数理学会
梅野 健,京都大学,,,,虚数乗法論におけるアーベル写像の可解カオス性とリアプノフ指数の量子化,2022,日本応用数理学会
梅野 健,京都大学,,,,時間反転対称性をもつシンプレクティック写像におけるBernoulli性と平衡測度の唯一性,2025,日本応用数理学会
梅野 健,京都大学,,,,時間反転対称性をもつシンプレクティック写像におけるBernoulli性と平衡測度の唯一性,2025,日本応用数理学会
梅野 健,京都大学,,,,重み付き点過程における時空間イベントのベイズ推定,2022,日本応用数理学会
梅野 健,京都大学,,,,重み付き点過程における時空間イベントのベイズ推定,2022,日本応用数理学会
梅野 健,京都大学大学院情報学研究科,,,,心拍変動における加齢に伴うカオス尺度の変化,2025,日本応用数理学会
梅野 健,京都大学大学院情報学研究科,,,,心拍変動における加齢に伴うカオス尺度の変化,2025,日本応用数理学会
梅野 健,京都大学,,,,世界間隔を不変にする可解カオスについてー可解カオス宇宙モデルー,2021,日本応用数理学会
梅野 健,京都大学,,,,世界間隔を不変にする可解カオスについてー可解カオス宇宙モデルー,2021,日本応用数理学会
梅野 健,京都大学大学院情報学研究科,,,,測度補正による修正カオス尺度について,2022,日本応用数理学会
梅野 健,京都大学大学院情報学研究科,,,,測度補正による修正カオス尺度について,2022,日本応用数理学会
梅野 健,京都大学,,,,多体系一般化ブール変換における発散条件,2025,日本応用数理学会
梅野 健,京都大学,,,,多体系一般化ブール変換における発散条件,2025,日本応用数理学会
梅野 健,京都大学大学院情報学研究科,,,,対称ネットワークにおける無限次元カオス同期とその成立条件,2025,日本応用数理学会
梅野 健,京都大学大学院情報学研究科,,,,対称ネットワークにおける無限次元カオス同期とその成立条件,2025,日本応用数理学会
梅野 健,京都大学大学院情報学研究科数理工学専攻物理統計学分野,,,,非カオス的写像の相互結合系におけるカオス同期現象の解析,2022,日本応用数理学会
梅野 健,京都大学大学院情報学研究科数理工学専攻物理統計学分野,,,,非カオス的写像の相互結合系におけるカオス同期現象の解析,2022,日本応用数理学会
梅野 健,京都大学大学院情報学研究科,,,,非対象テント写像におけるカオス尺度の極限値の解析,2022,日本応用数理学会
梅野 健,京都大学大学院情報学研究科,,,,非対象テント写像におけるカオス尺度の極限値の解析,2022,日本応用数理学会
梅野 健,京都大学,,,,有限分割のKolmogorov-Sinaiエントロピーとカオス尺度,2025,日本応用数理学会
梅野 健,京都大学,,,,有限分割のKolmogorov-Sinaiエントロピーとカオス尺度,2025,日本応用数理学会
萩原 一郎,明治大学,,,,3次元細胞培養のためのタチ-三浦および野島多面体によるハニカム構造の構築,2025,日本応用数理学会
萩原 一郎,明治大学,,,,3次元細胞培養のためのタチ-三浦および野島多面体によるハニカム構造の構築,2025,日本応用数理学会
萩原 一郎,明治大学,,,,Development of digital technology to eliminate the unnaturalness of fanning two-dimensional photographs and paintings,2021,日本応用数理学会
萩原 一郎,明治大学,,,,Development of digital technology to eliminate the unnaturalness of fanning two-dimensional photographs and paintings,2021,日本応用数理学会
萩原 一郎,明治大学,,,,エネルギー密度に着目した折紙構造の振動制御,2021,日本応用数理学会
萩原 一郎,明治大学,,,,エネルギー密度に着目した折紙構造の振動制御,2021,日本応用数理学会
萩原 一郎,明治大学先端数理科学インスティテュート,,,,エネルギー密度位相変更法による輸送箱の固有値制御法の提案,2022,日本応用数理学会
萩原 一郎,明治大学先端数理科学インスティテュート,,,,エネルギー密度位相変更法による輸送箱の固有値制御法の提案,2022,日本応用数理学会
萩原 一郎,明治大学,,,,ミウラ折り扇を用いた空間・流体・時間軌跡の可視化と身体芸術的応用,2025,日本応用数理学会
萩原 一郎,明治大学,,,,ミウラ折り扇を用いた空間・流体・時間軌跡の可視化と身体芸術的応用,2025,日本応用数理学会
萩原 一郎,明治大学,,,,快適音響空間創出手法の開発と折紙構造への適用,2022,日本応用数理学会
萩原 一郎,明治大学,,,,快適音響空間創出手法の開発と折紙構造への適用,2022,日本応用数理学会
萩原 一郎,明治大学,,,,振動・音響連成下の室内騒音低減検討と折紙コアへの適用,2022,日本応用数理学会
萩原 一郎,明治大学,,,,振動・音響連成下の室内騒音低減検討と折紙コアへの適用,2022,日本応用数理学会
萩原 一郎,明治大学,,,,新しい解析技術を用いた折紙構造の吸音率の評価（三浦折り構造の低周波域挙動考察）,2025,日本応用数理学会
萩原 一郎,明治大学,,,,新しい解析技術を用いた折紙構造の吸音率の評価（三浦折り構造の低周波域挙動考察）,2025,日本応用数理学会
萩原 一郎,明治大学,,,,新しい解析技術を用いた折紙構造の遮音・吸音特性の評価,2024,日本応用数理学会
萩原 一郎,明治大学,,,,新しい解析技術を用いた折紙構造の遮音・吸音特性の評価,2024,日本応用数理学会
萩原 一郎,Meiji University,,,,切紙ロボット開発の一考察 (A consideration on development of Kirigami robot),2022,日本応用数理学会
萩原 一郎,Meiji University,,,,切紙ロボット開発の一考察 (A consideration on development of Kirigami robot),2022,日本応用数理学会
萩原 一郎,明治大学,,,,折り構造を応用した音響材料設計の基礎的検討,2025,日本応用数理学会
萩原 一郎,明治大学,,,,折り構造を応用した音響材料設計の基礎的検討,2025,日本応用数理学会
萩原 一郎,明治大学,,,,折紙ヘルメットの設計とシミュレーション解析,2025,日本応用数理学会
萩原 一郎,明治大学,,,,折紙ヘルメットの設計とシミュレーション解析,2025,日本応用数理学会
萩原 一郎,明治大学,,,,折紙構造を可能とする部分加熱捩じり加工法の特徴,2021,日本応用数理学会
萩原 一郎,明治大学,,,,折紙構造を可能とする部分加熱捩じり加工法の特徴,2021,日本応用数理学会
萩原 一郎,明治大学,,,,折紙構造を用いた減音シェードの検討,2024,日本応用数理学会
萩原 一郎,明治大学,,,,折紙構造を用いた減音シェードの検討,2024,日本応用数理学会
萩原 一郎,明治大学,,,,折畳み缶に関する検討,2021,日本応用数理学会
萩原 一郎,明治大学,,,,折畳み缶に関する検討,2021,日本応用数理学会
萩原 一郎,明治大学,,,,折畳めるお洒落な作業ヘルメットの開発,2024,日本応用数理学会
萩原 一郎,明治大学,,,,折畳めるお洒落な作業ヘルメットの開発,2024,日本応用数理学会
萩原 一郎,明治大学先端数理科学インスティテュート,,,,扇のアプリの開発,2024,日本応用数理学会
萩原 一郎,明治大学先端数理科学インスティテュート,,,,扇のアプリの開発,2024,日本応用数理学会
萩原 一郎,明治大学,,,,反転捩り折紙構造を利用した二重構造の衝撃特性,2022,日本応用数理学会
萩原 一郎,明治大学,,,,反転捩り折紙構造を利用した二重構造の衝撃特性,2022,日本応用数理学会
萩原 一郎,明治大学,,,,有限要素法による遮音特性シミュレーション技術の折紙コアへの応用,2021,日本応用数理学会
萩原 一郎,明治大学,,,,有限要素法による遮音特性シミュレーション技術の折紙コアへの応用,2021,日本応用数理学会
萩田 真理子,お茶の水女子大学,,,,グラフの重み更新を用いた順位決定のための主成分分析による重み補正,2021,日本応用数理学会
萩田 真理子,お茶の水女子大学,,,,グラフの重み更新を用いた順位決定のための主成分分析による重み補正,2021,日本応用数理学会
萩田 真理子,お茶の水女子大学,,,,評価値合計順の彩色アルゴリズムとウェルシュパウエルの彩色アルゴリズムの比較,2021,日本応用数理学会
萩田 真理子,お茶の水女子大学,,,,評価値合計順の彩色アルゴリズムとウェルシュパウエルの彩色アルゴリズムの比較,2021,日本応用数理学会
柏原 賢二,東京大学,,,,大規模並列計算による格子の最短ベクトル探索の効率化について,2021,日本応用数理学会
柏原 賢二,東京大学,,,,大規模並列計算による格子の最短ベクトル探索の効率化について,2021,日本応用数理学会
柏原 崇人,東京大学大学院数理科学研究科,,,,Hamilton-Jacobi-Bellman方程式に対する風上差分法の収束証明,2021,日本応用数理学会
柏原 崇人,東京大学大学院数理科学研究科,,,,Hamilton-Jacobi-Bellman方程式に対する風上差分法の収束証明,2021,日本応用数理学会
柏原 崇人,東京大学,,,,Space–Time法による波動方程式の数値解析におけるDirichlet境界安定化手法の検討,2025,日本応用数理学会
柏原 崇人,東京大学,,,,Space–Time法による波動方程式の数値解析におけるDirichlet境界安定化手法の検討,2025,日本応用数理学会
柏原 崇人,東京大学大学院数理科学研究科,,,,ガウス過程回帰とモンテカルロ法を用いた偏微分方程式の数値計算,2024,日本応用数理学会
柏原 崇人,東京大学大学院数理科学研究科,,,,ガウス過程回帰とモンテカルロ法を用いた偏微分方程式の数値計算,2024,日本応用数理学会
柏原 崇人,東京大学大学院数理科学研究科,,,,平均場ゲーム方程式のCole-Hopf変換とFictitiou Play反復による数値計算,2022,日本応用数理学会
柏原 崇人,東京大学大学院数理科学研究科,,,,平均場ゲーム方程式のCole-Hopf変換とFictitiou Play反復による数値計算,2022,日本応用数理学会
白井 嵩彦,早稲田大学,,,,傘の応力状態に着目したT-splineによる設計,2022,日本応用数理学会
白井 嵩彦,早稲田大学,,,,傘の応力状態に着目したT-splineによる設計,2022,日本応用数理学会
白井 佑介,立命館大学,,,,Sig-Wasserstein GANを利用した資産価格過程のシミュレーション,2024,日本応用数理学会
白井 佑介,立命館大学,,,,Sig-Wasserstein GANを利用した資産価格過程のシミュレーション,2024,日本応用数理学会
白坂 将,大阪大学 大学院情報科学研究科 情報数理学専攻,,,,周期的活性化関数を用いたニューラルネットワークによる位相振幅振動子モデルの応答特性推定,2025,日本応用数理学会
白坂 将,大阪大学 大学院情報科学研究科 情報数理学専攻,,,,周期的活性化関数を用いたニューラルネットワークによる位相振幅振動子モデルの応答特性推定,2025,日本応用数理学会
白勢 政明,公立はこだて未来大学,,,,LWE暗号の弱鍵について,2024,日本応用数理学会
白勢 政明,公立はこだて未来大学,,,,LWE暗号の弱鍵について,2024,日本応用数理学会
白勢 政明,公立はこだて未来大学,,,,LWE問題とケーリー・ハミルトンの定理,2025,日本応用数理学会
白勢 政明,公立はこだて未来大学,,,,LWE問題とケーリー・ハミルトンの定理,2025,日本応用数理学会
白勢 政明,公立はこだて未来大学,,,,楕円曲線のMeスカラー倍算の改良とその性質,2022,日本応用数理学会
白勢 政明,公立はこだて未来大学,,,,楕円曲線のMeスカラー倍算の改良とその性質,2022,日本応用数理学会
白勢 政明,公立はこだて未来大学,,,,有限体上楕円曲線の3次の指標,2021,日本応用数理学会
白勢 政明,公立はこだて未来大学,,,,有限体上楕円曲線の3次の指標,2021,日本応用数理学会
白川 健,千葉大学,,,,熱交換および相依存駆動力を組み込んだ結晶粒界運動モデルの最適制御問題,2025,日本応用数理学会
白川 健,千葉大学,,,,熱交換および相依存駆動力を組み込んだ結晶粒界運動モデルの最適制御問題,2025,日本応用数理学会
白川 桃子,武蔵野大学,,,,会話分析に基づく興味関心抽出と最適トピック提案：Zero-shot learningと感情評価の統合,2025,日本応用数理学会
白川 桃子,武蔵野大学,,,,会話分析に基づく興味関心抽出と最適トピック提案：Zero-shot learningと感情評価の統合,2025,日本応用数理学会
白鳥 史明,東邦大学大学院 消化器外科学講座,,,,腫瘍関連自己抗体を用いた食道がん診断モデルの開発,2025,日本応用数理学会
白鳥 史明,東邦大学大学院 消化器外科学講座,,,,腫瘍関連自己抗体を用いた食道がん診断モデルの開発,2025,日本応用数理学会
白尾  拓也,福井工業大学,,,,レーザーカオスにおけるのモードの同時性,2021,日本応用数理学会
白尾  拓也,福井工業大学,,,,レーザーカオスにおけるのモードの同時性,2021,日本応用数理学会
白尾 拓也,福井工業大学,,,,光ビートの効率解析によるレーザーカオスにおけるモードの同時性の証明,2022,日本応用数理学会
白尾 拓也,福井工業大学,,,,光ビートの効率解析によるレーザーカオスにおけるモードの同時性の証明,2022,日本応用数理学会
幡谷 龍一郎,理化学研究所革新知能統合研究センター,,,,Koopman作用素理論の深層学習への応用,2024,日本応用数理学会
幡谷 龍一郎,理化学研究所革新知能統合研究センター,,,,Koopman作用素理論の深層学習への応用,2024,日本応用数理学会
畑 佳孝,九州大学大学院医学研究院 病態制御内科学,,,,食道運動の数理モデルと食道運動異常症,2022,日本応用数理学会
畑 佳孝,九州大学大学院医学研究院 病態制御内科学,,,,食道運動の数理モデルと食道運動異常症,2022,日本応用数理学会
畑 宏明,一橋大学大学院経営管理研究科,,,,A long term optimal consumption and investment problem with partial information.,2022,日本応用数理学会
畑 宏明,一橋大学大学院経営管理研究科,,,,A long term optimal consumption and investment problem with partial information.,2022,日本応用数理学会
畑 宏明,一橋大学大学院経営管理研究科,,,,Expected power utility maximization with delay for insurers under 4/2 stochastic volatility model.,2021,日本応用数理学会
畑 宏明,一橋大学大学院経営管理研究科,,,,Expected power utility maximization with delay for insurers under 4/2 stochastic volatility model.,2021,日本応用数理学会
畑 宏明,一橋大学,,,,Ｎプレイヤーおよび平均場ゲームでの最適投資・再保険問題：ベキ型効用の場合,2025,日本応用数理学会
畑 宏明,一橋大学,,,,Ｎプレイヤーおよび平均場ゲームでの最適投資・再保険問題：ベキ型効用の場合,2025,日本応用数理学会
畑 宏明,一橋大学,,,,Optimal investment and reinsurance strategy for mean-variance insurers in a dependent risk model using a linear Gaussian stochastic factor model.,2025,日本応用数理学会
畑 宏明,一橋大学,,,,Optimal investment and reinsurance strategy for mean-variance insurers in a dependent risk model using a linear Gaussian stochastic factor model.,2025,日本応用数理学会
畑 宏明,一橋大学,,,,確率的ファクタモデル下での最適消費・投資問題に対するPIA,2022,日本応用数理学会
畑 宏明,一橋大学,,,,確率的ファクタモデル下での最適消費・投資問題に対するPIA,2022,日本応用数理学会
畑上 到,東京都市大学共通教育部,,,,陰解法におけるランダムネスの長波長不安定化の抑制効果と特異的遷移過程への分岐,2022,日本応用数理学会
畑上 到,東京都市大学共通教育部,,,,陰解法におけるランダムネスの長波長不安定化の抑制効果と特異的遷移過程への分岐,2022,日本応用数理学会
八束 孝一,理研,東大,,,化学反応ネットワークにおける速度と駆動力の関係性,2025,日本応用数理学会
八束 孝一,理研,東大,,,化学反応ネットワークにおける速度と駆動力の関係性,2025,日本応用数理学会
八尾 良司,公益財団法人がん研究会 がん研究所 細胞生物部,,,,シングルセルRNA-Seq解析による家族性大腸腺腫症治療薬の探索,2024,日本応用数理学会
八尾 良司,公益財団法人がん研究会 がん研究所 細胞生物部,,,,シングルセルRNA-Seq解析による家族性大腸腺腫症治療薬の探索,2024,日本応用数理学会
八木 孝憲,Taiyo Europe GmbH,,,,離散膜O曲面による形状・応力分布の同時生成,2022,日本応用数理学会
八木 孝憲,Taiyo Europe GmbH,,,,離散膜O曲面による形状・応力分布の同時生成,2022,日本応用数理学会
板橋 将之,九州工業大学,,,,メビウス型包除積分ニューラルネットワークの項数削減による精度と解釈,2021,日本応用数理学会
板橋 将之,九州工業大学,,,,メビウス型包除積分ニューラルネットワークの項数削減による精度と解釈,2021,日本応用数理学会
畔上 秀幸,名古屋大学,,,,FreeFEM による超弾性体の有限変形解析と形状最適化への応用,2021,日本応用数理学会
畔上 秀幸,名古屋大学,,,,FreeFEM による超弾性体の有限変形解析と形状最適化への応用,2021,日本応用数理学会
畔上 秀幸,名古屋大学,,,,ニット素材を対象とする超弾性構成則の提案,2021,日本応用数理学会
畔上 秀幸,名古屋大学,,,,ニット素材を対象とする超弾性構成則の提案,2021,日本応用数理学会
畔上 秀幸,名古屋大学,,,,形状最適化解析を対象にした Karhunen-Loeve 展開によるモデル次元縮退,2021,日本応用数理学会
畔上 秀幸,名古屋大学,,,,形状最適化解析を対象にした Karhunen-Loeve 展開によるモデル次元縮退,2021,日本応用数理学会
畔上 秀幸,名古屋産業科学研究所,,,,密度変動型位相最適化解析における評価関数の２階微分を用いた $H^1$ 勾配法のステップサイズ調整法,2022,日本応用数理学会
畔上 秀幸,名古屋産業科学研究所,,,,密度変動型位相最適化解析における評価関数の２階微分を用いた $H^1$ 勾配法のステップサイズ調整法,2022,日本応用数理学会
繁田 岳美,昭和薬科大学,,,,非有界領域問題に対する高速数値解法,2024,日本応用数理学会
繁田 岳美,昭和薬科大学,,,,非有界領域問題に対する高速数値解法,2024,日本応用数理学会
繁富 香織,北海道大学　高等教育推進機構,,,,細胞折紙と計算折紙による細胞の立体構造の最適化,2022,日本応用数理学会
繁富 香織,北海道大学　高等教育推進機構,,,,細胞折紙と計算折紙による細胞の立体構造の最適化,2022,日本応用数理学会
飯盛 浩司,慶應義塾大学,,,,一般化二重層ポテンシャルの高速算法とその応用,2024,日本応用数理学会
飯盛 浩司,慶應義塾大学,,,,一般化二重層ポテンシャルの高速算法とその応用,2024,日本応用数理学会
飯盛 浩司,慶應義塾大学,,,,周期構造による散乱透過率のトポロジー感度解析について,2024,日本応用数理学会
飯盛 浩司,慶應義塾大学,,,,周期構造による散乱透過率のトポロジー感度解析について,2024,日本応用数理学会
飯塚 秀明,明治大学,,,,Riemann多様体上のHZ型共役勾配法の固有値問題への応用,2022,日本応用数理学会
飯塚 秀明,明治大学,,,,Riemann多様体上のHZ型共役勾配法の固有値問題への応用,2022,日本応用数理学会
飯塚 秀明,明治大学,,,,リーマン多様体上の最適化アルゴリズムの固有値問題への応用,2024,日本応用数理学会
飯塚 秀明,明治大学,,,,リーマン多様体上の最適化アルゴリズムの固有値問題への応用,2024,日本応用数理学会
飯田 幸治,広島大学,,,,異種ソースモデルに基づく局所的神経電流源推定 - てんかん焦点同定への応用,2022,日本応用数理学会
飯田 幸治,広島大学,,,,異種ソースモデルに基づく局所的神経電流源推定 - てんかん焦点同定への応用,2022,日本応用数理学会
飯田 直毅,みずほ第一フィナンシャルテクノロジー,,,,Rough SABR Forward Market Modelの下でのスワップションプライシング,2025,日本応用数理学会
飯田 直毅,みずほ第一フィナンシャルテクノロジー,,,,Rough SABR Forward Market Modelの下でのスワップションプライシング,2025,日本応用数理学会
樋口 永祐,筑波大学大学院,,,,自励発振させたマイクロカンチレバーの実験的な非線形特性の制御,2022,日本応用数理学会
樋口 永祐,筑波大学大学院,,,,自励発振させたマイクロカンチレバーの実験的な非線形特性の制御,2022,日本応用数理学会
樋口 永祐,筑波大学,,,,片持ち弾性送水管に生じる自励振動の実験による複素振動モードの抽出,2021,日本応用数理学会
樋口 永祐,筑波大学,,,,片持ち弾性送水管に生じる自励振動の実験による複素振動モードの抽出,2021,日本応用数理学会
尾崎 克久,芝浦工業大学,,,,２ステップ型反復改良法を用いた連立１次方程式の高精度計算法,2021,日本応用数理学会
尾崎 克久,芝浦工業大学,,,,２ステップ型反復改良法を用いた連立１次方程式の高精度計算法,2021,日本応用数理学会
尾崎 克久,芝浦工業大学,,,,２次元領域における三角形分割の事後保証法,2022,日本応用数理学会
尾崎 克久,芝浦工業大学,,,,２次元領域における三角形分割の事後保証法,2022,日本応用数理学会
尾崎 克久,芝浦工業大学,,,,3つの点行列の積の包含法とその解析について,2022,日本応用数理学会
尾崎 克久,芝浦工業大学,,,,3つの点行列の積の包含法とその解析について,2022,日本応用数理学会
尾崎 克久,芝浦工業大学,,,,"FMAを巧みに利用した疑似4,6,8倍精度行列積の設計",2024,日本応用数理学会
尾崎 克久,芝浦工業大学,,,,"FMAを巧みに利用した疑似4,6,8倍精度行列積の設計",2024,日本応用数理学会
尾崎 克久,芝浦工業大学,,,,一般疎行列系連立1次方程式に対する精度保証付き数値計算,2024,日本応用数理学会
尾崎 克久,芝浦工業大学,,,,一般疎行列系連立1次方程式に対する精度保証付き数値計算,2024,日本応用数理学会
尾崎 克久,芝浦工業大学,,,,疑似的な高精度演算のブロックコレスキー分解への適用,2024,日本応用数理学会
尾崎 克久,芝浦工業大学,,,,疑似的な高精度演算のブロックコレスキー分解への適用,2024,日本応用数理学会
尾崎 克久,芝浦工業大学,,,,固有値分解に対する2ステップ型反復改良法,2022,日本応用数理学会
尾崎 克久,芝浦工業大学,,,,固有値分解に対する2ステップ型反復改良法,2022,日本応用数理学会
尾崎 克久,芝浦工業大学,,,,行列積に対するGEMM-basedな試行型エミュレーションについて,2025,日本応用数理学会
尾崎 克久,芝浦工業大学,,,,行列積に対するGEMM-basedな試行型エミュレーションについて,2025,日本応用数理学会
尾崎 克久,芝浦工業大学,,,,行列積に対するエラーフリー変換の多倍長精度計算への応用について,2021,日本応用数理学会
尾崎 克久,芝浦工業大学,,,,行列積に対するエラーフリー変換の多倍長精度計算への応用について,2021,日本応用数理学会
尾崎 克久,芝浦工業大学 システム理工学部,,,,実対称固有値分解に対する反復改良法の高速化,2021,日本応用数理学会
尾崎 克久,芝浦工業大学 システム理工学部,,,,実対称固有値分解に対する反復改良法の高速化,2021,日本応用数理学会
尾崎 克久,芝浦工業大学,,,,実対称行列に対する部分固有対の逆反復改良法,2024,日本応用数理学会
尾崎 克久,芝浦工業大学,,,,実対称行列に対する部分固有対の逆反復改良法,2024,日本応用数理学会
尾崎 克久,芝浦工業大学,,,,数値線形代数に対する再現性のある試行型テスト行列生成法,2024,日本応用数理学会
尾崎 克久,芝浦工業大学,,,,数値線形代数に対する再現性のある試行型テスト行列生成法,2024,日本応用数理学会
尾崎 克久,芝浦工業大学,,,,数値線形代数の諸問題に対する真の解がわかるテスト行列の生成法,2022,日本応用数理学会
尾崎 克久,芝浦工業大学,,,,数値線形代数の諸問題に対する真の解がわかるテスト行列の生成法,2022,日本応用数理学会
尾崎 克久,芝浦工業大学,,,,前進誤差に焦点を当てた固有値分解の反復改良法,2025,日本応用数理学会
尾崎 克久,芝浦工業大学,,,,前進誤差に焦点を当てた固有値分解の反復改良法,2025,日本応用数理学会
尾崎 克久,芝浦工業大学,理化学研究所,,,非正規化合成浮動小数点数を用いた計算方法の実装方法について,2024,日本応用数理学会
尾崎 克久,芝浦工業大学,理化学研究所,,,非正規化合成浮動小数点数を用いた計算方法の実装方法について,2024,日本応用数理学会
尾崎 克久,芝浦工業大学,,,,尾崎スキームによる無限精度内積と再現可能疎行列反復ソルバーへの応用,2022,日本応用数理学会
尾崎 克久,芝浦工業大学,,,,尾崎スキームによる無限精度内積と再現可能疎行列反復ソルバーへの応用,2022,日本応用数理学会
尾崎 克久,芝浦工業大学,,,,微分方程式の作用素解析で用いられる行列ノルムの精度保証,2024,日本応用数理学会
尾崎 克久,芝浦工業大学,,,,微分方程式の作用素解析で用いられる行列ノルムの精度保証,2024,日本応用数理学会
尾崎 克久,芝浦工業大学,,,,不等分割による行列積のエラーフリー変換の高精度計算への応用,2022,日本応用数理学会
尾崎 克久,芝浦工業大学,,,,不等分割による行列積のエラーフリー変換の高精度計算への応用,2022,日本応用数理学会
尾崎 咲太,東京理科大学,,,,非線形力学系に対するデータ同化と軌道不安定性,2025,日本応用数理学会
尾崎 咲太,東京理科大学,,,,非線形力学系に対するデータ同化と軌道不安定性,2025,日本応用数理学会
品川 和雅,茨城大学 / 産業技術総合研究所,,,,カードベース暗号の形式検証の再考,2024,日本応用数理学会
品川 和雅,茨城大学 / 産業技術総合研究所,,,,カードベース暗号の形式検証の再考,2024,日本応用数理学会
浜向 直,北海道大学,,,,非凸な石の摩耗過程における待ち時間効果,2022,日本応用数理学会
浜向 直,北海道大学,,,,非凸な石の摩耗過程における待ち時間効果,2022,日本応用数理学会
富安 亮子,九州大学,,,,R13への区分線形埋め込みを用いたrank 3の格子の高速同一性判定,2025,日本応用数理学会
富安 亮子,九州大学,,,,R13への区分線形埋め込みを用いたrank 3の格子の高速同一性判定,2025,日本応用数理学会
富安 亮子,九州大学,,,,黄金角の方法の一般化による多様体のメッシュ・パターン生成法,2022,日本応用数理学会
富安 亮子,九州大学,,,,黄金角の方法の一般化による多様体のメッシュ・パターン生成法,2022,日本応用数理学会
富安 亮子,九州大学,,,,有限個の標本信号のための標本化定理の統計的拡張,2024,日本応用数理学会
富安 亮子,九州大学,,,,有限個の標本信号のための標本化定理の統計的拡張,2024,日本応用数理学会
富田 直,株式会社豊田中央研究所,,,,局在化した波動モードをもつ折紙チューブ弾性波メタマテリアル,2024,日本応用数理学会
富田 直,株式会社豊田中央研究所,,,,局在化した波動モードをもつ折紙チューブ弾性波メタマテリアル,2024,日本応用数理学会
富田 直,株式会社豊田中央研究所,,,,折り畳みと展開が結合した折紙チューブによる弾性・音響のメタマテリアル,2025,日本応用数理学会
富田 直,株式会社豊田中央研究所,,,,折り畳みと展開が結合した折紙チューブによる弾性・音響のメタマテリアル,2025,日本応用数理学会
冨田 尭,北陸先端科学技術大学院大学,,,,[企画講演] 自動運転システムの形式検証手法の確立に向けて,2025,日本応用数理学会
冨田 尭,北陸先端科学技術大学院大学,,,,[企画講演] 自動運転システムの形式検証手法の確立に向けて,2025,日本応用数理学会
布田 裕一,東京工科大学コンピュータサイエンス学部,,,,ProVerif を用いたPolicy-based Chameleon Hashによる修正可能なブロックチェーンの形式化,2021,日本応用数理学会
布田 裕一,東京工科大学コンピュータサイエンス学部,,,,ProVerif を用いたPolicy-based Chameleon Hashによる修正可能なブロックチェーンの形式化,2021,日本応用数理学会
布田 裕一,東京工科大学,,,,ProVerifによるBGPセキュリティ機構の形式的安全性検証,2025,日本応用数理学会
布田 裕一,東京工科大学,,,,ProVerifによるBGPセキュリティ機構の形式的安全性検証,2025,日本応用数理学会
布田 裕一,東京工科大学コンピュータサイエンス学部,,,,Tamarin proverの Heuristic Oracleを利用した CPA Modelの安全性検証,2024,日本応用数理学会
布田 裕一,東京工科大学コンピュータサイエンス学部,,,,Tamarin proverの Heuristic Oracleを利用した CPA Modelの安全性検証,2024,日本応用数理学会
武笠 雅子,明治大学先端数理科学インスティテュート,,,,扇のアプリの開発,2024,日本応用数理学会
武笠 雅子,明治大学先端数理科学インスティテュート,,,,扇のアプリの開発,2024,日本応用数理学会
武重 日香里,株式会社LIXIL,,,,剛性異方性を持つサンドイッチ材を用いた曲線折紙機構,2021,日本応用数理学会
武重 日香里,株式会社LIXIL,,,,剛性異方性を持つサンドイッチ材を用いた曲線折紙機構,2021,日本応用数理学会
武川 睦寛,東京大学医科学研究所,,,,放射線と抗がん剤併用医療の多細胞応答数理シミュレーション,2024,日本応用数理学会
武川 睦寛,東京大学医科学研究所,,,,放射線と抗がん剤併用医療の多細胞応答数理シミュレーション,2024,日本応用数理学会
武田 渉,東京理科大学,,,,マンハッタン距離ボロノイ図の母点探索,2022,日本応用数理学会
武田 渉,東京理科大学,,,,マンハッタン距離ボロノイ図の母点探索,2022,日本応用数理学会
武田 渉,東京理科大学,,,,角度に制限を設けたときの正方形の格子三角形分割,2022,日本応用数理学会
武田 渉,東京理科大学,,,,角度に制限を設けたときの正方形の格子三角形分割,2022,日本応用数理学会
武田 朗子,東京大学,,,,Stiefel多様体上のランダム部分空間法,2024,日本応用数理学会
武田 朗子,東京大学,,,,Stiefel多様体上のランダム部分空間法,2024,日本応用数理学会
武田 朗子,東京大学,理研AIP,,,リーマン多様体上の不等式制約付き 最適化問題に対する信頼領域内点法,2025,日本応用数理学会
武田 朗子,東京大学,理研AIP,,,リーマン多様体上の不等式制約付き 最適化問題に対する信頼領域内点法,2025,日本応用数理学会
武内 優樹,法政大学 理工学研究科,,,,非線形二次錐相補性問題に対する行列分割を用いた不動点アルゴリズム,2025,日本応用数理学会
武内 優樹,法政大学 理工学研究科,,,,非線形二次錐相補性問題に対する行列分割を用いた不動点アルゴリズム,2025,日本応用数理学会
武流野 ロウレンソ,統計数理研究所,,,,双曲錐と導分による緩和の自己同型群,2022,日本応用数理学会
武流野 ロウレンソ,統計数理研究所,,,,双曲錐と導分による緩和の自己同型群,2022,日本応用数理学会
服部 佳也乃,お茶の水女子大学大学院,,,,グラフの重み更新を用いた順位決定のための主成分分析による重み補正,2021,日本応用数理学会
服部 佳也乃,お茶の水女子大学大学院,,,,グラフの重み更新を用いた順位決定のための主成分分析による重み補正,2021,日本応用数理学会
服部 翔太,茨城大学理工学研究科理学専攻,,,,オートエンコーダーを用いた螺旋上のデータの学習とその評価,2024,日本応用数理学会
服部 翔太,茨城大学理工学研究科理学専攻,,,,オートエンコーダーを用いた螺旋上のデータの学習とその評価,2024,日本応用数理学会
服部 翔太,茨城大学理工学研究科理学専攻,,,,線形層が追加されたオートエンコーダーを用いた螺旋上のデータ等の学習とその評価,2025,日本応用数理学会
服部 翔太,茨城大学理工学研究科理学専攻,,,,線形層が追加されたオートエンコーダーを用いた螺旋上のデータ等の学習とその評価,2025,日本応用数理学会
福永 拓海,早稲田大学,,,,半緩和シンクホーンアルゴリズムにおける周辺条件誤差とOT距離誤差の収束解析,2022,日本応用数理学会
福永 拓海,早稲田大学,,,,半緩和シンクホーンアルゴリズムにおける周辺条件誤差とOT距離誤差の収束解析,2022,日本応用数理学会
福原 颯,香川大学創発科学研究科,,,,固有振動数に基づく材料定数同定問題の解法,2022,日本応用数理学会
福原 颯,香川大学創発科学研究科,,,,固有振動数に基づく材料定数同定問題の解法,2022,日本応用数理学会
福原 颯,香川大学,,,,材料定数同定問題における側面制約処理に関する研究,2024,日本応用数理学会
福原 颯,香川大学,,,,材料定数同定問題における側面制約処理に関する研究,2024,日本応用数理学会
福原 颯,香川大学大学院　創発科学研究科,,,,二乗誤差最小化問題の解法に関する検討,2022,日本応用数理学会
福原 颯,香川大学大学院　創発科学研究科,,,,二乗誤差最小化問題の解法に関する検討,2022,日本応用数理学会
福重 俊幸,K&F Computing Research Co.,,,,パイプライン化による多倍長浮動小数点演算アプリケーションの高速化,2022,日本応用数理学会
福重 俊幸,K&F Computing Research Co.,,,,パイプライン化による多倍長浮動小数点演算アプリケーションの高速化,2022,日本応用数理学会
福田 エレン秀美,京都大学,,,,Riemannian generalized conditional gradient methods,2024,日本応用数理学会
福田 エレン秀美,京都大学,,,,Riemannian generalized conditional gradient methods,2024,日本応用数理学会
福田 エレン秀美,京都大学 大学院情報学研究科,,,,マルチリーダー・フォロワーゲームに対する正則化最適値関数を用いたペナルティ法,2025,日本応用数理学会
福田 エレン秀美,京都大学 大学院情報学研究科,,,,マルチリーダー・フォロワーゲームに対する正則化最適値関数を用いたペナルティ法,2025,日本応用数理学会
福田 亜希子,芝浦工業大学システム理工学部,,,,Kaczmarz法の超離散化とmin-plus代数におけるダイクストラ法との対応,2021,日本応用数理学会
福田 亜希子,芝浦工業大学システム理工学部,,,,Kaczmarz法の超離散化とmin-plus代数におけるダイクストラ法との対応,2021,日本応用数理学会
福田 亜希子,芝浦工業大学,,,,一次多項式で表現される保存量をもつ多値セルオートマトン,2024,日本応用数理学会
福田 亜希子,芝浦工業大学,,,,一次多項式で表現される保存量をもつ多値セルオートマトン,2024,日本応用数理学会
福田 亜希子,芝浦工業大学,,,,運搬車容量付きの箱に番号が付いた箱玉系とシフト付きLR変換との対応,2022,日本応用数理学会
福田 亜希子,芝浦工業大学,,,,運搬車容量付きの箱に番号が付いた箱玉系とシフト付きLR変換との対応,2022,日本応用数理学会
福田 亜希子,芝浦工業大学システム理工学部,,,,加重平均型3値3近傍ファジーCAの収束性と数え上げ,2021,日本応用数理学会
福田 亜希子,芝浦工業大学システム理工学部,,,,加重平均型3値3近傍ファジーCAの収束性と数え上げ,2021,日本応用数理学会
福田 亜希子,芝浦工業大学,,,,超離散ハングリーロトカ・ボルテラ系と超離散ハングリー戸田方程式を用いたmin-plus代数上の固有値計算,2022,日本応用数理学会
福田 亜希子,芝浦工業大学,,,,超離散ハングリーロトカ・ボルテラ系と超離散ハングリー戸田方程式を用いたmin-plus代数上の固有値計算,2022,日本応用数理学会
福田 恵美子,東京科学大学,,,,所得格差下における第三者の給付金配分選好の実験研究,2025,日本応用数理学会
福田 恵美子,東京科学大学,,,,所得格差下における第三者の給付金配分選好の実験研究,2025,日本応用数理学会
福田 慧吾,鹿児島大学理工学研究科工学専攻建築プログラム,,,,測地線による木質グリッドシェル構造の形状決定法 - 一方向の測地線と曲面形状の同時決定法 -,2022,日本応用数理学会
福田 慧吾,鹿児島大学理工学研究科工学専攻建築プログラム,,,,測地線による木質グリッドシェル構造の形状決定法 - 一方向の測地線と曲面形状の同時決定法 -,2022,日本応用数理学会
福田 隆,日本大学生産工学部,,,,円分多項式の mod p での既約分解,2022,日本応用数理学会
福田 隆,日本大学生産工学部,,,,円分多項式の mod p での既約分解,2022,日本応用数理学会
福島 孝治,東京大学,,,,ポピュレーションアニーリング型モンテカルロ法における分布診断法と全反射高速陽電子回折実験への応用,2022,日本応用数理学会
福島 孝治,東京大学,,,,ポピュレーションアニーリング型モンテカルロ法における分布診断法と全反射高速陽電子回折実験への応用,2022,日本応用数理学会
福島 孝治,東大総合文化,,,,先端測定データ解析に向けた超並列モンテカルロ法計算,2021,日本応用数理学会
福島 孝治,東大総合文化,,,,先端測定データ解析に向けた超並列モンテカルロ法計算,2021,日本応用数理学会
福島 真太朗,トヨタ自動車株式会社,,,,周期軌道に着目した順序ネットワークを用いた位相的エントロピーの数値計算,2025,日本応用数理学会
福島 真太朗,トヨタ自動車株式会社,,,,周期軌道に着目した順序ネットワークを用いた位相的エントロピーの数値計算,2025,日本応用数理学会
福島 真太朗,トヨタ自動車株式会社,,,,順序分割ネットワークの動的なウィンドウサイズ調整に基づく位相的エントロピーの数値計算,2024,日本応用数理学会
福島 真太朗,トヨタ自動車株式会社,,,,順序分割ネットワークの動的なウィンドウサイズ調整に基づく位相的エントロピーの数値計算,2024,日本応用数理学会
福留 直宙,茨城大学,,,,一般化Merkle-Damgård構造に対する計算機支援証明,2021,日本応用数理学会
福留 直宙,茨城大学,,,,一般化Merkle-Damgård構造に対する計算機支援証明,2021,日本応用数理学会
物部 治徳,大阪公立大学,,,,Free boundary problems related to controlling invasive aline species,2022,日本応用数理学会
物部 治徳,大阪公立大学,,,,Free boundary problems related to controlling invasive aline species,2022,日本応用数理学会
物部 治徳,大阪公立大学大学院理学研究科,,,,固体の自己駆動体運動に対する反応拡散系モデル,2025,日本応用数理学会
物部 治徳,大阪公立大学大学院理学研究科,,,,固体の自己駆動体運動に対する反応拡散系モデル,2025,日本応用数理学会
物部 治徳,大阪公立大学,,,,遅延を含むFisher-KPP方程式のsemi-waveについて -数値計算の視点から-,2024,日本応用数理学会
物部 治徳,大阪公立大学,,,,遅延を含むFisher-KPP方程式のsemi-waveについて -数値計算の視点から-,2024,日本応用数理学会
平井 広志,東京大学,,,,Finding Hall blockers by matrix scaling,2022,日本応用数理学会
平井 広志,東京大学,,,,Finding Hall blockers by matrix scaling,2022,日本応用数理学会
平井 広志,東京大学情報理工学系研究科数理情報専攻,,,,漸化式を用いた多面体上の格子点の数え上げ,2021,日本応用数理学会
平井 広志,東京大学情報理工学系研究科数理情報専攻,,,,漸化式を用いた多面体上の格子点の数え上げ,2021,日本応用数理学会
平岡 俊佑,福井大学,,,,実対称帯行列に対する分割統治法の計算量削減のための摂動処理順序の提案,2021,日本応用数理学会
平岡 俊佑,福井大学,,,,実対称帯行列に対する分割統治法の計算量削減のための摂動処理順序の提案,2021,日本応用数理学会
平岡 聡佑,公立はこだて未来大学大学院,,,,成長する領域上でのProneural waveの数理モデリング,2024,日本応用数理学会
平岡 聡佑,公立はこだて未来大学大学院,,,,成長する領域上でのProneural waveの数理モデリング,2024,日本応用数理学会
平岡 裕章,京都大学,,,,Gromov-Wasserstein最適輸送理論を用いたオミクスデータ種差解析,2024,日本応用数理学会
平岡 裕章,京都大学,,,,Gromov-Wasserstein最適輸送理論を用いたオミクスデータ種差解析,2024,日本応用数理学会
平岡 裕章,京都大学高等研究院高等研究センター,京都大学高等研究院ヒト生物学高等研究拠点,,,Mapperに基づく細胞分化の位相的流れ解析,2021,日本応用数理学会
平岡 裕章,京都大学高等研究院高等研究センター,京都大学高等研究院ヒト生物学高等研究拠点,,,Mapperに基づく細胞分化の位相的流れ解析,2021,日本応用数理学会
平岡 裕章,京都大学,,,,Topological Node2vec via Optimal Transport,2022,日本応用数理学会
平岡 裕章,京都大学,,,,Topological Node2vec via Optimal Transport,2022,日本応用数理学会
平岡 裕章,京都大学,,,,完全可換クイバーの区間近似とその応用,2024,日本応用数理学会
平岡 裕章,京都大学,,,,完全可換クイバーの区間近似とその応用,2024,日本応用数理学会
平原 和朗,理化学研究所,,,,Physics-informed深層学習による地震時地殻変動解析,2024,日本応用数理学会
平原 和朗,理化学研究所,,,,Physics-informed深層学習による地震時地殻変動解析,2024,日本応用数理学会
平原 和朗,理化学研究所革新知能統合研究センター,,,,転位の形状不変性と物理深層学習を用いた地殻変動観測からの地震断層推定,2025,日本応用数理学会
平原 和朗,理化学研究所革新知能統合研究センター,,,,転位の形状不変性と物理深層学習を用いた地殻変動観測からの地震断層推定,2025,日本応用数理学会
平山 弘,神奈川工科大学,,,,積分区間分割によるピーク型関数の数値積分,2021,日本応用数理学会
平山 弘,神奈川工科大学,,,,積分区間分割によるピーク型関数の数値積分,2021,日本応用数理学会
平山 弘,神奈川工科大学,,,,多変数関数の1次のTaylor展開式による高速化,2022,日本応用数理学会
平山 弘,神奈川工科大学,,,,多変数関数の1次のTaylor展開式による高速化,2022,日本応用数理学会
平手 利昌,東芝産業機器システム株式会社,,,,固有振動数に基づく材料定数同定問題の解法,2022,日本応用数理学会
平手 利昌,東芝産業機器システム株式会社,,,,固有振動数に基づく材料定数同定問題の解法,2022,日本応用数理学会
平手 利昌,東芝産業機器システム（株),,,,材料定数同定問題における側面制約処理に関する研究,2024,日本応用数理学会
平手 利昌,東芝産業機器システム（株),,,,材料定数同定問題における側面制約処理に関する研究,2024,日本応用数理学会
平尾 将剛,愛知県立大学情報科学部,,,,On random point configurations on Q-polynomial schemes,2021,日本応用数理学会
平尾 将剛,愛知県立大学情報科学部,,,,On random point configurations on Q-polynomial schemes,2021,日本応用数理学会
平野 史朗,立命館大学,,,,Slip rate of earthquake faulting modeled by a cross-correlation of two Bessel processes,2021,日本応用数理学会
平野 史朗,立命館大学,,,,Slip rate of earthquake faulting modeled by a cross-correlation of two Bessel processes,2021,日本応用数理学会
平野 史朗,弘前大学,,,,乗法的ノイズを持つ確率波動方程式の数値解と、地震時断層挙動との類似性,2024,日本応用数理学会
平野 史朗,弘前大学,,,,乗法的ノイズを持つ確率波動方程式の数値解と、地震時断層挙動との類似性,2024,日本応用数理学会
平野 史朗,立命館大学,,,,地震学における弾性波動論と確率過程の親和性,2022,日本応用数理学会
平野 史朗,立命館大学,,,,地震学における弾性波動論と確率過程の親和性,2022,日本応用数理学会
平野 史朗,弘前大学,,,,動的破壊による速度場への確率的ノイズ付加,2025,日本応用数理学会
平野 史朗,弘前大学,,,,動的破壊による速度場への確率的ノイズ付加,2025,日本応用数理学会
米 大海,計測エンジニアリングシステム（株）,,,,新しい解析技術を用いた折紙構造の吸音率の評価（三浦折り構造の低周波域挙動考察）,2025,日本応用数理学会
米 大海,計測エンジニアリングシステム（株）,,,,新しい解析技術を用いた折紙構造の吸音率の評価（三浦折り構造の低周波域挙動考察）,2025,日本応用数理学会
米 大海,計測エンジニアリングシステム,,,,新しい解析技術を用いた折紙構造の遮音・吸音特性の評価,2024,日本応用数理学会
米 大海,計測エンジニアリングシステム,,,,新しい解析技術を用いた折紙構造の遮音・吸音特性の評価,2024,日本応用数理学会
米 大海,計測エンジニアリング株式会社,,,,折り構造を応用した音響材料設計の基礎的検討,2025,日本応用数理学会
米 大海,計測エンジニアリング株式会社,,,,折り構造を応用した音響材料設計の基礎的検討,2025,日本応用数理学会
米山 一樹,茨城大学,,,,ProVerifによる線形秘密分散の形式化とSPDZの検証への応用,2025,日本応用数理学会
米山 一樹,茨城大学,,,,ProVerifによる線形秘密分散の形式化とSPDZの検証への応用,2025,日本応用数理学会
米山 一樹,茨城大学,,,,カードベース暗号の形式検証の再考,2024,日本応用数理学会
米山 一樹,茨城大学,,,,カードベース暗号の形式検証の再考,2024,日本応用数理学会
米山 一樹,茨城大学,,,,一般化Merkle-Damgård構造に対する計算機支援証明,2021,日本応用数理学会
米山 一樹,茨城大学,,,,一般化Merkle-Damgård構造に対する計算機支援証明,2021,日本応用数理学会
米山 一樹,茨城大学,,,,数理的技法による情報セキュリティの2024年度後半＆2025年度前半の研究動向,2025,日本応用数理学会
米山 一樹,茨城大学,,,,数理的技法による情報セキュリティの2024年度後半＆2025年度前半の研究動向,2025,日本応用数理学会
米山 一樹,茨城大学,,,,数理的技法による情報セキュリティの2024年度前半の研究動向,2024,日本応用数理学会
米山 一樹,茨城大学,,,,数理的技法による情報セキュリティの2024年度前半の研究動向,2024,日本応用数理学会
米倉 一男,東京大学,,,,VAE-WGAN-gpを用いた翼形状生成,2022,日本応用数理学会
米倉 一男,東京大学,,,,VAE-WGAN-gpを用いた翼形状生成,2022,日本応用数理学会
米倉 一男,東京大学大学院 工学系研究科 システム創成学専攻,,,,最適化手法を用いた海洋生態系モデルパラメータの同定,2024,日本応用数理学会
米倉 一男,東京大学大学院 工学系研究科 システム創成学専攻,,,,最適化手法を用いた海洋生態系モデルパラメータの同定,2024,日本応用数理学会
米倉 一男,東京大学,,,,変分オートエンコーダを用いた多種の翼生成,2021,日本応用数理学会
米倉 一男,東京大学,,,,変分オートエンコーダを用いた多種の翼生成,2021,日本応用数理学会
米田 元,早稲田大学,,,,Einstein方程式の拘束条件の破れを抑えるような離散スキームについて,2022,日本応用数理学会
米田 元,早稲田大学,,,,Einstein方程式の拘束条件の破れを抑えるような離散スキームについて,2022,日本応用数理学会
米田 元,早稲田大学大学院基幹理工学研究科数学応用数理専攻,,,,Einstein方程式の数値計算のための拘束条件を用いた補正の最適化,2022,日本応用数理学会
米田 元,早稲田大学大学院基幹理工学研究科数学応用数理専攻,,,,Einstein方程式の数値計算のための拘束条件を用いた補正の最適化,2022,日本応用数理学会
米田 元,早稲田大学基幹理工学部,,,,ランダムグラフの彩色数期待値,2025,日本応用数理学会
米田 元,早稲田大学基幹理工学部,,,,ランダムグラフの彩色数期待値,2025,日本応用数理学会
米田 元,早稲田大学,,,,拘束条件の保存性に着目したEinstein方程式の数値計算法,2021,日本応用数理学会
米田 元,早稲田大学,,,,拘束条件の保存性に着目したEinstein方程式の数値計算法,2021,日本応用数理学会
米田 元,早稲田大学,,,,重力崩壊する時空におけるEinstein方程式の高精度数値計算,2021,日本応用数理学会
米田 元,早稲田大学,,,,重力崩壊する時空におけるEinstein方程式の高精度数値計算,2021,日本応用数理学会
米田 剛,一橋大学,,,,Littlewood-Paley分解の数学理論に立脚したリザバーコンピューティングの実装,2024,日本応用数理学会
米田 剛,一橋大学,,,,Littlewood-Paley分解の数学理論に立脚したリザバーコンピューティングの実装,2024,日本応用数理学会
米田 剛,一橋大学大学院経済学研究科,,,,誤差逆伝播法を用いない新たなる勾配降下法構築によるLSTMの予測精度向上と高速化、およびリザバーコンピューティングの二重ループ学習化,2025,日本応用数理学会
米田 剛,一橋大学大学院経済学研究科,,,,誤差逆伝播法を用いない新たなる勾配降下法構築によるLSTMの予測精度向上と高速化、およびリザバーコンピューティングの二重ループ学習化,2025,日本応用数理学会
米田 大樹,九州大学,,,,柱状生物の脱皮 -- ヘビ、イモムシ、あるいはヒトの靴下,2022,日本応用数理学会
米田 大樹,九州大学,,,,柱状生物の脱皮 -- ヘビ、イモムシ、あるいはヒトの靴下,2022,日本応用数理学会
別木 智也,東京工業大学情報理工学院数理計算科学系,,,,深層学習を用いたディンキンゲームの数値解析,2022,日本応用数理学会
別木 智也,東京工業大学情報理工学院数理計算科学系,,,,深層学習を用いたディンキンゲームの数値解析,2022,日本応用数理学会
片桐 孝洋,名古屋大学,,,,HPC-GENIE: LLMを利用したHPCコード自動生成プロジェクト -- 概要とケーススタディ--,2025,日本応用数理学会
片桐 孝洋,名古屋大学,,,,HPC-GENIE: LLMを利用したHPCコード自動生成プロジェクト -- 概要とケーススタディ--,2025,日本応用数理学会
片桐 孝洋,名古屋大学,,,,疑似量子アニーリングにおける自動チューニングの適用,2024,日本応用数理学会
片桐 孝洋,名古屋大学,,,,疑似量子アニーリングにおける自動チューニングの適用,2024,日本応用数理学会
片桐 孝洋,名古屋大学,,,,高精度行列-行列積ライブラリの実装選択パラメタの特徴量解析,2021,日本応用数理学会
片桐 孝洋,名古屋大学,,,,高精度行列-行列積ライブラリの実装選択パラメタの特徴量解析,2021,日本応用数理学会
片桐 孝洋,名古屋大学情報基盤センター,,,,自動チューニングにおけるXAI適用の試み：精度保証数値計算ライブラリを例にして,2022,日本応用数理学会
片桐 孝洋,名古屋大学情報基盤センター,,,,自動チューニングにおけるXAI適用の試み：精度保証数値計算ライブラリを例にして,2022,日本応用数理学会
片桐 秀樹,東北大学,,,,9-コンパートメントグルコース・インスリン体循環数理モデルのパラメータ推定及び関連する医学的知見の考察,2024,日本応用数理学会
片桐 秀樹,東北大学,,,,9-コンパートメントグルコース・インスリン体循環数理モデルのパラメータ推定及び関連する医学的知見の考察,2024,日本応用数理学会
片桐 秀樹,東北大学,,,,９-コンパートメントグルコース・インスリン体循環数理モデルを用いた時系列マウスデータ解析,2024,日本応用数理学会
片桐 秀樹,東北大学,,,,９-コンパートメントグルコース・インスリン体循環数理モデルを用いた時系列マウスデータ解析,2024,日本応用数理学会
片山 瑛,立教大学大学院理学研究科,,,,有限体上の楕円曲線の積によるアーベル曲面のブラウアー群の位数計算,2022,日本応用数理学会
片山 瑛,立教大学大学院理学研究科,,,,有限体上の楕円曲線の積によるアーベル曲面のブラウアー群の位数計算,2022,日本応用数理学会
片山 瑛,立教大学,,,,ρ法による超特異同種写像グラフにおけるサイクル探索,2022,日本応用数理学会
片山 瑛,立教大学,,,,ρ法による超特異同種写像グラフにおけるサイクル探索,2022,日本応用数理学会
片上 舜,東京大学大学院新領域創成科学研究科,,,,[企画講演]ベイズ計測  ~ 中性子散乱スペクトル解析への導入 ~,2021,日本応用数理学会
片上 舜,東京大学大学院新領域創成科学研究科,,,,[企画講演]ベイズ計測  ~ 中性子散乱スペクトル解析への導入 ~,2021,日本応用数理学会
片峯 英次,岐阜工業高等専門学校,,,,流体構造連成を考慮した内部流れ場領域の形状最適化,2021,日本応用数理学会
片峯 英次,岐阜工業高等専門学校,,,,流体構造連成を考慮した内部流れ場領域の形状最適化,2021,日本応用数理学会
片峯 英次,岐阜工業高等専門学校,,,,流体構造連成を考慮した内部流路問題の形状最適化,2022,日本応用数理学会
片峯 英次,岐阜工業高等専門学校,,,,流体構造連成を考慮した内部流路問題の形状最適化,2022,日本応用数理学会
片峯 英次,岐阜工業高等専門学校,,,,流体構造連成を考慮した粘性流れ場における流速制御のための形状設計,2024,日本応用数理学会
片峯 英次,岐阜工業高等専門学校,,,,流体構造連成を考慮した粘性流れ場における流速制御のための形状設計,2024,日本応用数理学会
辺 浩,慶應義塾大学,,,,Global convergence of a Newton-type proximal gradient method for multi-objective optimization with composite D.C. functions,2022,日本応用数理学会
辺 浩,慶應義塾大学,,,,Global convergence of a Newton-type proximal gradient method for multi-objective optimization with composite D.C. functions,2022,日本応用数理学会
辺 浩,慶應義塾大学,,,,L1正則化項を持つ無制約最適化問題に対するニュートン型近接勾配法の上界近似を用いた加速と切り替え規則について,2024,日本応用数理学会
辺 浩,慶應義塾大学,,,,L1正則化項を持つ無制約最適化問題に対するニュートン型近接勾配法の上界近似を用いた加速と切り替え規則について,2024,日本応用数理学会
辺 浩,慶応義塾大学理工学研究科,,,,L1正則化項を持つ無制約最適化問題に対する上界近似を用いたニュートン型近接勾配法,2022,日本応用数理学会
辺 浩,慶応義塾大学理工学研究科,,,,L1正則化項を持つ無制約最適化問題に対する上界近似を用いたニュートン型近接勾配法,2022,日本応用数理学会
保國 惠一,筑波大学 システム情報系,,,,Analysis of the stabilized GMRES method,2021,日本応用数理学会
保國 惠一,筑波大学 システム情報系,,,,Analysis of the stabilized GMRES method,2021,日本応用数理学会
保國 惠一,筑波大学,,,,Projection method for eigenproblems of linear nonsquare matrix pencils,2021,日本応用数理学会
保國 惠一,筑波大学,,,,Projection method for eigenproblems of linear nonsquare matrix pencils,2021,日本応用数理学会
保國 惠一,筑波大学,,,,一般化エルミート固有値問題に対するRayleigh-Ritz版の周回積分型精度保証付 き部分固有対計算,2022,日本応用数理学会
保國 惠一,筑波大学,,,,一般化エルミート固有値問題に対するRayleigh-Ritz版の周回積分型精度保証付 き部分固有対計算,2022,日本応用数理学会
保國 惠一,筑波大学,,,,正則化最適輸送問題におけるスケーリングの影響,2024,日本応用数理学会
保國 惠一,筑波大学,,,,正則化最適輸送問題におけるスケーリングの影響,2024,日本応用数理学会
保國 惠一,筑波大学,,,,微分作用素の固有値問題に対する複素モーメントを用いた精度保証付き数値計算とMathieu方程式およびSchrödinger方程式への応用,2025,日本応用数理学会
保國 惠一,筑波大学,,,,微分作用素の固有値問題に対する複素モーメントを用いた精度保証付き数値計算とMathieu方程式およびSchrödinger方程式への応用,2025,日本応用数理学会
縫田 光司,九州大学,,,,Legendre型の楕円曲線を用いた超特異性判定アルゴリズムの効率化,2021,日本応用数理学会
縫田 光司,九州大学,,,,Legendre型の楕円曲線を用いた超特異性判定アルゴリズムの効率化,2021,日本応用数理学会
芳師渡 淳之介,北陸先端科学技術大学院大学,,,,一次元折り紙の計算複雑性とその電子署名方式への応用,2022,日本応用数理学会
芳師渡 淳之介,北陸先端科学技術大学院大学,,,,一次元折り紙の計算複雑性とその電子署名方式への応用,2022,日本応用数理学会
豊岡 龍弥,東京大学,,,,立体化するねじり折りの双安定性に与える自己交差の影響,2025,日本応用数理学会
豊岡 龍弥,東京大学,,,,立体化するねじり折りの双安定性に与える自己交差の影響,2025,日本応用数理学会
豊田 充,長岡技術科学大学,,,,Iterative Feedback Tuningにおけるバックトラッキングを用いた勾配法,2025,日本応用数理学会
豊田 充,長岡技術科学大学,,,,Iterative Feedback Tuningにおけるバックトラッキングを用いた勾配法,2025,日本応用数理学会
豊田 和人,公立はこだて未来大学,,,,Belousov Zhabotinsky反応を用いたリザバー計算の数理モデリング,2024,日本応用数理学会
豊田 和人,公立はこだて未来大学,,,,Belousov Zhabotinsky反応を用いたリザバー計算の数理モデリング,2024,日本応用数理学会
豊田 和人,公立はこだて未来大学,,,,Belousov-Zhabotinsky反応を用いたsin波を生成するレザバー計算の提案とシミュレーション,2021,日本応用数理学会
豊田 和人,公立はこだて未来大学,,,,Belousov-Zhabotinsky反応を用いたsin波を生成するレザバー計算の提案とシミュレーション,2021,日本応用数理学会
望月 敦史,京都大学　ウイルス再生医科学研究所　数理生物学分野,,,,ステージ特異的な細胞周期調節機構の、ネットワーク構造に基づく解明,2022,日本応用数理学会
望月 敦史,京都大学　ウイルス再生医科学研究所　数理生物学分野,,,,ステージ特異的な細胞周期調節機構の、ネットワーク構造に基づく解明,2022,日本応用数理学会
望月 敦史,京都大学医生物学研究所,,,,化学反応ネットワークにおける構造分岐解析の一般化,2024,日本応用数理学会
望月 敦史,京都大学医生物学研究所,,,,化学反応ネットワークにおける構造分岐解析の一般化,2024,日本応用数理学会
望月 敦史,京都大学 医生物学研究所,,,,細胞周期ネットワークのトポロジーにより実現される、複数チェックポイントの独立制御,2024,日本応用数理学会
望月 敦史,京都大学 医生物学研究所,,,,細胞周期ネットワークのトポロジーにより実現される、複数チェックポイントの独立制御,2024,日本応用数理学会
望月 敦史,京大ウィルス研,,,,電極触媒の劣化速度に関する力学系モデルの構築,2024,日本応用数理学会
望月 敦史,京大ウィルス研,,,,電極触媒の劣化速度に関する力学系モデルの構築,2024,日本応用数理学会
北 研二,（株）MILAI Technologies ,,,,可能性理論によるアナログ波動方程式簡略型解法の提案,2024,日本応用数理学会
北 研二,（株）MILAI Technologies ,,,,可能性理論によるアナログ波動方程式簡略型解法の提案,2024,日本応用数理学会
北 研二,（株）MILAI Technologies ,,,,事後識別不能状態と事前無差別状態を伴う可能性マルコフ連鎖,2024,日本応用数理学会
北 研二,（株）MILAI Technologies ,,,,事後識別不能状態と事前無差別状態を伴う可能性マルコフ連鎖,2024,日本応用数理学会
北井 健介,同志社大学大学院理工学研究科数理環境科学専攻,,,,アークに重みのある時間付きマークグラフのMax-plus発展方程式,2021,日本応用数理学会
北井 健介,同志社大学大学院理工学研究科数理環境科学専攻,,,,アークに重みのある時間付きマークグラフのMax-plus発展方程式,2021,日本応用数理学会
北原  英明,福井⼤遠⾚セ,,,,レーザーカオスにおけるのモードの同時性,2021,日本応用数理学会
北原  英明,福井⼤遠⾚セ,,,,レーザーカオスにおけるのモードの同時性,2021,日本応用数理学会
北原 英明,福井大学遠赤外領域開発研究センター,,,,カオス超越性を用いたレーザーカオスによるTHｚ波の出力,2025,日本応用数理学会
北原 英明,福井大学遠赤外領域開発研究センター,,,,カオス超越性を用いたレーザーカオスによるTHｚ波の出力,2025,日本応用数理学会
北原 英明,福井大学遠赤センター,,,,光ビートの効率解析によるレーザーカオスにおけるモードの同時性の証明,2022,日本応用数理学会
北原 英明,福井大学遠赤センター,,,,光ビートの効率解析によるレーザーカオスにおけるモードの同時性の証明,2022,日本応用数理学会
北原 大地,大阪大学,,,,Design of Tight Minimum-Sidelobe Windows by Newton's Method on Oblique Manifolds for Time-Frequency Domain Signal Processing,2022,日本応用数理学会
北原 大地,大阪大学,,,,Design of Tight Minimum-Sidelobe Windows by Newton's Method on Oblique Manifolds for Time-Frequency Domain Signal Processing,2022,日本応用数理学会
北川 宗詢,早稲田大学基幹理工学研究科,,,,合成順序の交換によるmax-min方程式と解の構成,2021,日本応用数理学会
北川 宗詢,早稲田大学基幹理工学研究科,,,,合成順序の交換によるmax-min方程式と解の構成,2021,日本応用数理学会
北爪 裕美,成蹊大学大学院理工学研究科,,,,パレート解集合上の最適化に対する重み付きミニマックス法を用いた2段階勾配法,2024,日本応用数理学会
北爪 裕美,成蹊大学大学院理工学研究科,,,,パレート解集合上の最適化に対する重み付きミニマックス法を用いた2段階勾配法,2024,日本応用数理学会
北島 千朔,九州大学大学院人間環境学部,,,,ハサミムシの扇子を応用した3Dドーム構造の設計,2022,日本応用数理学会
北島 千朔,九州大学大学院人間環境学部,,,,ハサミムシの扇子を応用した3Dドーム構造の設計,2022,日本応用数理学会
北畑 裕之,千葉大学大学院理学研究院,,,,固体の自己駆動体運動に対する反応拡散系モデル,2025,日本応用数理学会
北畑 裕之,千葉大学大学院理学研究院,,,,固体の自己駆動体運動に対する反応拡散系モデル,2025,日本応用数理学会
北畑 裕之,千葉大学,,,,濃度場と相互作用する自己駆動粒子の形状と運動の関係性,2021,日本応用数理学会
北畑 裕之,千葉大学,,,,濃度場と相互作用する自己駆動粒子の形状と運動の関係性,2021,日本応用数理学会
北野 草太,名古屋大学,,,,グラフの平面性とodd chromatic numberについて,2024,日本応用数理学会
北野 草太,名古屋大学,,,,グラフの平面性とodd chromatic numberについて,2024,日本応用数理学会
北野 智也,大阪大学大学院情報科学研究科,,,,文書集合からの話題抽出に適したニューラルトピックモデルのk-meansを用いた事前分布構成法,2022,日本応用数理学会
北野 智也,大阪大学大学院情報科学研究科,,,,文書集合からの話題抽出に適したニューラルトピックモデルのk-meansを用いた事前分布構成法,2022,日本応用数理学会
牧 将太,福知山公立大学情報学部,,,,Max-plus代数における矩形行列の行列式とそのグラフ理論的解釈,2025,日本応用数理学会
牧 将太,福知山公立大学情報学部,,,,Max-plus代数における矩形行列の行列式とそのグラフ理論的解釈,2025,日本応用数理学会
堀 綾子,早稲田大学基幹理工学研究科,,,,多成分短パルス型方程式の可積分性を保つ全離散化,2025,日本応用数理学会
堀 綾子,早稲田大学基幹理工学研究科,,,,多成分短パルス型方程式の可積分性を保つ全離散化,2025,日本応用数理学会
堀 綾子,早稲田大学基幹理工学研究科,,,,多成分短パルス型方程式の可積分性を保つ離散化と数値計算,2024,日本応用数理学会
堀 綾子,早稲田大学基幹理工学研究科,,,,多成分短パルス型方程式の可積分性を保つ離散化と数値計算,2024,日本応用数理学会
堀 宗朗,国立研究開発法人海洋研究開発機構,,,,構造物の地震応答解析を支える応用数学,2025,日本応用数理学会
堀 宗朗,国立研究開発法人海洋研究開発機構,,,,構造物の地震応答解析を支える応用数学,2025,日本応用数理学会
堀 篤史,名古屋工業大学,,,,A closer target setting approach to SBM model with weight restrictions and production trade-offs,2025,日本応用数理学会
堀 篤史,名古屋工業大学,,,,A closer target setting approach to SBM model with weight restrictions and production trade-offs,2025,日本応用数理学会
堀 篤史,成蹊大学,,,,Bottleneck type DEA model reformulation under production trade-offs,2024,日本応用数理学会
堀 篤史,成蹊大学,,,,Bottleneck type DEA model reformulation under production trade-offs,2024,日本応用数理学会
堀 篤史,名古屋工業大学 大学院工学研究科,,,,マルチリーダー・フォロワーゲームに対する正則化最適値関数を用いたペナルティ法,2025,日本応用数理学会
堀 篤史,名古屋工業大学 大学院工学研究科,,,,マルチリーダー・フォロワーゲームに対する正則化最適値関数を用いたペナルティ法,2025,日本応用数理学会
堀江 正信,株式会社ＲＩＣＯＳ,,,,最適輸送と移流による流れ場の補間,2025,日本応用数理学会
堀江 正信,株式会社ＲＩＣＯＳ,,,,最適輸送と移流による流れ場の補間,2025,日本応用数理学会
堀江 正信,株式会社ＲＩＣＯＳ,,,,有限体積法をもとに局所保存性を担保した機械学習数値解析手法,2024,日本応用数理学会
堀江 正信,株式会社ＲＩＣＯＳ,,,,有限体積法をもとに局所保存性を担保した機械学習数値解析手法,2024,日本応用数理学会
堀江 正彦,明治大学,,,,岐路にある人類と地球 ～気候変動と生物多様性 の危機そしてSDGs～,2022,日本応用数理学会
堀江 正彦,明治大学,,,,岐路にある人類と地球 ～気候変動と生物多様性 の危機そしてSDGs～,2022,日本応用数理学会
堀山 貴史,北海道大学,,,,細胞折紙と計算折紙による細胞の立体構造の最適化,2022,日本応用数理学会
堀山 貴史,北海道大学,,,,細胞折紙と計算折紙による細胞の立体構造の最適化,2022,日本応用数理学会
堀田 一希,立命館大学,,,,グローヴァーの探索アルゴリズムと絶対ゼータ関数,2024,日本応用数理学会
堀田 一希,立命館大学,,,,グローヴァーの探索アルゴリズムと絶対ゼータ関数,2024,日本応用数理学会
堀内 一樹,東京理科大学,,,,非対称な線形行列方程式に対するglobal GPBiCGstab(L)法の提案,2021,日本応用数理学会
堀内 一樹,東京理科大学,,,,非対称な線形行列方程式に対するglobal GPBiCGstab(L)法の提案,2021,日本応用数理学会
堀内 宏輔,筑波大学,,,,ガウス球上のトレース図による円錐特異点を含む離散可展面のインタラクティブモデリング,2025,日本応用数理学会
堀内 宏輔,筑波大学,,,,ガウス球上のトレース図による円錐特異点を含む離散可展面のインタラクティブモデリング,2025,日本応用数理学会
堀内 宏輔,筑波大学大学院,,,,ブレークを含む離散可展面の形状モデリングのためのruling制御,2024,日本応用数理学会
堀内 宏輔,筑波大学大学院,,,,ブレークを含む離散可展面の形状モデリングのためのruling制御,2024,日本応用数理学会
本永 幸嗣郎,福知山公立大学,,,,2次元3状態量子ウォークモデル,2025,日本応用数理学会
本永 幸嗣郎,福知山公立大学,,,,2次元3状態量子ウォークモデル,2025,日本応用数理学会
本永 翔也,立命館大学,,,,ある電磁場における水素原子内の電子のカオス的挙動,2022,日本応用数理学会
本永 翔也,立命館大学,,,,ある電磁場における水素原子内の電子のカオス的挙動,2022,日本応用数理学会
本永 翔也,京都大学,,,,近可積分系に対する正則レベル集合近傍における非可積分性のための十分条件,2021,日本応用数理学会
本永 翔也,京都大学,,,,近可積分系に対する正則レベル集合近傍における非可積分性のための十分条件,2021,日本応用数理学会
本永 翔也,立命館大学理工学部数理科学科,,,,空間1次元退化放物型方程式における進行波の幾何学的構造,2025,日本応用数理学会
本永 翔也,立命館大学理工学部数理科学科,,,,空間1次元退化放物型方程式における進行波の幾何学的構造,2025,日本応用数理学会
本永 翔也,立命館大学理工学部数理科学科,,,,分数調波メルニコフ関数による平面上の近可積分系の可積分性の特徴づけ,2024,日本応用数理学会
本永 翔也,立命館大学理工学部数理科学科,,,,分数調波メルニコフ関数による平面上の近可積分系の可積分性の特徴づけ,2024,日本応用数理学会
本橋 樹,北海道大学大学院理学院,,,,固体の自己駆動体運動に対する反応拡散系モデル,2025,日本応用数理学会
本橋 樹,北海道大学大学院理学院,,,,固体の自己駆動体運動に対する反応拡散系モデル,2025,日本応用数理学会
本窪田 昌也,ソニーセミコンダクタソリューションズ株式会社,,,,三次元畳み込みニューラルネットワークを用いた有限差分時間領域法による光学シミュレーションの時間発展予測,2022,日本応用数理学会
本窪田 昌也,ソニーセミコンダクタソリューションズ株式会社,,,,三次元畳み込みニューラルネットワークを用いた有限差分時間領域法による光学シミュレーションの時間発展予測,2022,日本応用数理学会
本山 裕一,東大物性研,,,,先端測定データ解析に向けた超並列モンテカルロ法計算,2021,日本応用数理学会
本山 裕一,東大物性研,,,,先端測定データ解析に向けた超並列モンテカルロ法計算,2021,日本応用数理学会
本多 淳也,京都大学 / 理研AIP,,,,[企画講演] バンディットアルゴリズムのランダム化に基づく高速化について,2025,日本応用数理学会
本多 淳也,京都大学 / 理研AIP,,,,[企画講演] バンディットアルゴリズムのランダム化に基づく高速化について,2025,日本応用数理学会
本多 泰理,東洋大学,,,,A Gauge-Theory Framework for Graph Neural Networks,2025,日本応用数理学会
本多 泰理,東洋大学,,,,A Gauge-Theory Framework for Graph Neural Networks,2025,日本応用数理学会
本多 泰理,東洋大学,,,,On a singular perturbation perspective of the Momentum ResNet,2022,日本応用数理学会
本多 泰理,東洋大学,,,,On a singular perturbation perspective of the Momentum ResNet,2022,日本応用数理学会
本多 泰理,東洋大学,,,,On differential-equation-based-neural-networks on manifolds,2024,日本応用数理学会
本多 泰理,東洋大学,,,,On differential-equation-based-neural-networks on manifolds,2024,日本応用数理学会
本多 泰理,東洋大学,,,,On NeuralODE and neural network,2025,日本応用数理学会
本多 泰理,東洋大学,,,,On NeuralODE and neural network,2025,日本応用数理学会
本多 泰理,東洋大学,,,,On universal approximation property of a partial differential equation-based neural network,2021,日本応用数理学会
本多 泰理,東洋大学,,,,On universal approximation property of a partial differential equation-based neural network,2021,日本応用数理学会
本田 あおい,九州工業大学,,,,メビウス型包除積分ニューラルネットワークの項数削減による精度と解釈,2021,日本応用数理学会
本田 あおい,九州工業大学,,,,メビウス型包除積分ニューラルネットワークの項数削減による精度と解釈,2021,日本応用数理学会
本田 あおい,九州工業大学,,,,協力ゲーム理論に基づく分類タスクのための特徴量重要度評価,2025,日本応用数理学会
本田 あおい,九州工業大学,,,,協力ゲーム理論に基づく分類タスクのための特徴量重要度評価,2025,日本応用数理学会
本田 あおい,九州工業大学,,,,包除積分ニューラルネットの多層化とパーセプトロンによる構成について,2021,日本応用数理学会
本田 あおい,九州工業大学,,,,包除積分ニューラルネットの多層化とパーセプトロンによる構成について,2021,日本応用数理学会
本田 あおい,九州工業大学,,,,包除積分ニューラルネットワークへの単調正則化項の導入,2024,日本応用数理学会
本田 あおい,九州工業大学,,,,包除積分ニューラルネットワークへの単調正則化項の導入,2024,日本応用数理学会
本田 あおい,九州工業大学,,,,包除積分によるLIMEの拡張と画像分類モデルの高次相互作用の可視化,2025,日本応用数理学会
本田 あおい,九州工業大学,,,,包除積分によるLIMEの拡張と画像分類モデルの高次相互作用の可視化,2025,日本応用数理学会
本田 あおい,九州工業大学,,,,包除積分ネットワークモデルとtノルム・コノルム演算の関係,2021,日本応用数理学会
本田 あおい,九州工業大学,,,,包除積分ネットワークモデルとtノルム・コノルム演算の関係,2021,日本応用数理学会
本田 淳史,横浜国立大学,,,,ピローボックスの等長変形,2025,日本応用数理学会
本田 淳史,横浜国立大学,,,,ピローボックスの等長変形,2025,日本応用数理学会
本田 悠希,近畿大学,,,,全域木を持つDAGを対象としたグラフラプラシアンの固有値に関する考察,2021,日本応用数理学会
本田 悠希,近畿大学,,,,全域木を持つDAGを対象としたグラフラプラシアンの固有値に関する考察,2021,日本応用数理学会
麻生 豊大,東京大学,,,,偏微分方程式の重度演算子分解解法について,2024,日本応用数理学会
麻生 豊大,東京大学,,,,偏微分方程式の重度演算子分解解法について,2024,日本応用数理学会
麻生 良祐,株式会社　アースライズカンパニー,,,,水底地形の作成に関する計測とデータ解析手法および解析結果についての考察,2021,日本応用数理学会
麻生 良祐,株式会社　アースライズカンパニー,,,,水底地形の作成に関する計測とデータ解析手法および解析結果についての考察,2021,日本応用数理学会
桝井 晃基,大阪大学,,,,大規模電磁場解析向け反復法の前処理における最適な加速係数の決定方法,2021,日本応用数理学会
桝井 晃基,大阪大学,,,,大規模電磁場解析向け反復法の前処理における最適な加速係数の決定方法,2021,日本応用数理学会
桝井 晃基,大阪大学情報科学研究科,,,,複素対称線形方程式に対するCOCR法の精度切り替えについて,2024,日本応用数理学会
桝井 晃基,大阪大学情報科学研究科,,,,複素対称線形方程式に対するCOCR法の精度切り替えについて,2024,日本応用数理学会
末松 信彦,明治大学総合数理学部現象数理学科,,,,自己駆動粒子の間欠振動運動,2021,日本応用数理学会
末松 信彦,明治大学総合数理学部現象数理学科,,,,自己駆動粒子の間欠振動運動,2021,日本応用数理学会
椋木 大地,名古屋大学情報基盤センター,,,,[企画講演] AI向け低精度演算の動向と尾崎スキームによるFP64演算への適用可能性の検討,2025,日本応用数理学会
椋木 大地,名古屋大学情報基盤センター,,,,[企画講演] AI向け低精度演算の動向と尾崎スキームによるFP64演算への適用可能性の検討,2025,日本応用数理学会
椋木 大地,名古屋大学 情報基盤センター,,,,Cerebras CS-2における疑似倍精度行列積,2025,日本応用数理学会
椋木 大地,名古屋大学 情報基盤センター,,,,Cerebras CS-2における疑似倍精度行列積,2025,日本応用数理学会
椋木 大地,理化学研究所,,,,CPUにおけるbatched BLASのためのタスクスケジューリング戦略,2021,日本応用数理学会
椋木 大地,理化学研究所,,,,CPUにおけるbatched BLASのためのタスクスケジューリング戦略,2021,日本応用数理学会
椋木 大地,名古屋大学,,,,HPC-GENIE: LLMを利用したHPCコード自動生成プロジェクト -- 概要とケーススタディ--,2025,日本応用数理学会
椋木 大地,名古屋大学,,,,HPC-GENIE: LLMを利用したHPCコード自動生成プロジェクト -- 概要とケーススタディ--,2025,日本応用数理学会
椋木 大地,理化学研究所計算科学研究センター,,,,尾崎スキームによる無限精度内積と再現可能疎行列反復ソルバーへの応用,2022,日本応用数理学会
椋木 大地,理化学研究所計算科学研究センター,,,,尾崎スキームによる無限精度内積と再現可能疎行列反復ソルバーへの応用,2022,日本応用数理学会
椋木 大地,理化学研究所,,,,不等分割による行列積のエラーフリー変換の高精度計算への応用,2022,日本応用数理学会
椋木 大地,理化学研究所,,,,不等分割による行列積のエラーフリー変換の高精度計算への応用,2022,日本応用数理学会
明石 望洋,京都大学,,,,受動歩行の脚質量に応じたフラクタルな吸引領域の変化,2024,日本応用数理学会
明石 望洋,京都大学,,,,受動歩行の脚質量に応じたフラクタルな吸引領域の変化,2024,日本応用数理学会
毛利 道明,株式会社　アースライズカンパニー,,,,水底地形の作成に関する計測とデータ解析手法および解析結果についての考察,2021,日本応用数理学会
毛利 道明,株式会社　アースライズカンパニー,,,,水底地形の作成に関する計測とデータ解析手法および解析結果についての考察,2021,日本応用数理学会
毛利 道明,株式会社　アースライズカンパニー,,,,船体の運動にともなう測位ー測深誤差の補正手法に関する考察,2022,日本応用数理学会
毛利 道明,株式会社　アースライズカンパニー,,,,船体の運動にともなう測位ー測深誤差の補正手法に関する考察,2022,日本応用数理学会
木下 保,筑波大学,,,,2次元のウェーブレットタイプな正規直交基底の構成,2022,日本応用数理学会
木下 保,筑波大学,,,,2次元のウェーブレットタイプな正規直交基底の構成,2022,日本応用数理学会
木下 保,筑波大学,,,,減衰条件を弱めたH^2-MRAの具体的構成,2021,日本応用数理学会
木下 保,筑波大学,,,,減衰条件を弱めたH^2-MRAの具体的構成,2021,日本応用数理学会
木原 開,東京大学工学系研究科航空宇宙工学専攻,,,,クーロン相互作用を有する格子気体モデルにおける秩序形成と拡散特性,2025,日本応用数理学会
木原 開,東京大学工学系研究科航空宇宙工学専攻,,,,クーロン相互作用を有する格子気体モデルにおける秩序形成と拡散特性,2025,日本応用数理学会
木村 巌,富山大学,,,,On Diffie-Hellman key exchange algorithm based on a real quadratic analogue of ideal class group action of CM elliptic curves,2025,日本応用数理学会
木村 巌,富山大学,,,,On Diffie-Hellman key exchange algorithm based on a real quadratic analogue of ideal class group action of CM elliptic curves,2025,日本応用数理学会
木村 欣司,福井大学,,,,Lax形式を利用した離散Nahm方程式から得られるKahan-Hirota-Kimura型の差分方程式について,2021,日本応用数理学会
木村 欣司,福井大学,,,,Lax形式を利用した離散Nahm方程式から得られるKahan-Hirota-Kimura型の差分方程式について,2021,日本応用数理学会
木村 欣司,福井大学,,,,主成分分析のためのOQDS法の実装方法の提案,2024,日本応用数理学会
木村 欣司,福井大学,,,,主成分分析のためのOQDS法の実装方法の提案,2024,日本応用数理学会
木村 欣司,福井大学,,,,特異値と片側の特異ベクトルを利用した最小二乗法による特異ベクトル計算について,2025,日本応用数理学会
木村 欣司,福井大学,,,,特異値と片側の特異ベクトルを利用した最小二乗法による特異ベクトル計算について,2025,日本応用数理学会
木村 欣司,福井大学,,,,特異値分解のための両側ヤコビ法の複素数行列に対する効率的な実装法,2021,日本応用数理学会
木村 欣司,福井大学,,,,特異値分解のための両側ヤコビ法の複素数行列に対する効率的な実装法,2021,日本応用数理学会
木村 欣司,福井大学,,,,分散共分散行列の逆行列の対角成分の逆数の高精度計算から拡張版 Lotka-Volterra 方程式へ,2025,日本応用数理学会
木村 欣司,福井大学,,,,分散共分散行列の逆行列の対角成分の逆数の高精度計算から拡張版 Lotka-Volterra 方程式へ,2025,日本応用数理学会
木村 慧,九州大学,,,,整数最適化の線形緩和における近傍永続性,2022,日本応用数理学会
木村 慧,九州大学,,,,整数最適化の線形緩和における近傍永続性,2022,日本応用数理学会
木村 正人,金沢大学,,,,Comoving mesh method:移動境界問題に対する汎用型有限要素法,2021,日本応用数理学会
木村 正人,金沢大学,,,,Comoving mesh method:移動境界問題に対する汎用型有限要素法,2021,日本応用数理学会
木村 正人,金沢大学,,,,Maxwellモデルの時間非局所化: モデリングから逆問題へ,2025,日本応用数理学会
木村 正人,金沢大学,,,,Maxwellモデルの時間非局所化: モデリングから逆問題へ,2025,日本応用数理学会
木村 正人,Kanazawa University,,,,Quasi-stationary Stefan-type scheme for solving shape identification problems,2021,日本応用数理学会
木村 正人,Kanazawa University,,,,Quasi-stationary Stefan-type scheme for solving shape identification problems,2021,日本応用数理学会
木村 正人,金沢大学,,,,乾燥破壊現象のフェーズ・フィールド・モデルとエネルギー散逸等式,2022,日本応用数理学会
木村 正人,金沢大学,,,,乾燥破壊現象のフェーズ・フィールド・モデルとエネルギー散逸等式,2022,日本応用数理学会
木村 正人,金沢大学,,,,螺旋の濡れ形態：実験と体積保存平均曲率流による数値計算,2022,日本応用数理学会
木村 正人,金沢大学,,,,螺旋の濡れ形態：実験と体積保存平均曲率流による数値計算,2022,日本応用数理学会
木村 正雄,高エネルギー加速器研究機構,,,,焼結鉱3次元CT画像のパーシステントホモロジーと非負行列分解による解析,2021,日本応用数理学会
木村 正雄,高エネルギー加速器研究機構,,,,焼結鉱3次元CT画像のパーシステントホモロジーと非負行列分解による解析,2021,日本応用数理学会
木村 拓馬,佐賀大学,,,,制約条件付き凸計画問題の解に対する成分毎精度保証付き数値計算法,2024,日本応用数理学会
木村 拓馬,佐賀大学,,,,制約条件付き凸計画問題の解に対する成分毎精度保証付き数値計算法,2024,日本応用数理学会
木村 満晃,大阪歯科大学,,,,二重周期領域流れの流線トポロジカルデータ解析,2024,日本応用数理学会
木村 満晃,大阪歯科大学,,,,二重周期領域流れの流線トポロジカルデータ解析,2024,日本応用数理学会
木村 満晃,大阪歯科大学,,,,流線トポロジカルデータ解析による二次元乱流データの判別,2025,日本応用数理学会
木村 満晃,大阪歯科大学,,,,流線トポロジカルデータ解析による二次元乱流データの判別,2025,日本応用数理学会
木村 優大,名古屋市立大学,,,,結晶成長における不純物効果の数理モデル：ステップ動力学と吸着不純物の相互作用,2024,日本応用数理学会
木村 優大,名古屋市立大学,,,,結晶成長における不純物効果の数理モデル：ステップ動力学と吸着不純物の相互作用,2024,日本応用数理学会
木村 隆介,株式会社リクルート,,,,感染症流行時における人々の移動に関する意思決定のタイミング：宿泊予約データと携帯電話位置情報データの統合分析,2025,日本応用数理学会
木村 隆介,株式会社リクルート,,,,感染症流行時における人々の移動に関する意思決定のタイミング：宿泊予約データと携帯電話位置情報データの統合分析,2025,日本応用数理学会
木村 隆介,株式会社リクルート,,,,新興感染症出現時の将来の行動についての意思決定の定量化,2022,日本応用数理学会
木村 隆介,株式会社リクルート,,,,新興感染症出現時の将来の行動についての意思決定の定量化,2022,日本応用数理学会
木谷 亮介,一橋大学,,,,市場にシステミックな影響を与える可能性のあるカウンターパーティ破綻によるリスク指標への影響,2025,日本応用数理学会
木谷 亮介,一橋大学,,,,市場にシステミックな影響を与える可能性のあるカウンターパーティ破綻によるリスク指標への影響,2025,日本応用数理学会
門田 賢征,青山学院大学大学院,,,,信用格付判別問題に対する回帰結合型ニューラルネットワークモデルの有効性検証,2021,日本応用数理学会
門田 賢征,青山学院大学大学院,,,,信用格付判別問題に対する回帰結合型ニューラルネットワークモデルの有効性検証,2021,日本応用数理学会
門脇 大我,九州大学大学院 マス・フォア・イノベーション連係学府,,,,形成・破壊粒⼦を⽤いたバイアス付き拡散律速凝集によるプラーク起因⾎管狭窄の数値 シミュレーション,2025,日本応用数理学会
門脇 大我,九州大学大学院 マス・フォア・イノベーション連係学府,,,,形成・破壊粒⼦を⽤いたバイアス付き拡散律速凝集によるプラーク起因⾎管狭窄の数値 シミュレーション,2025,日本応用数理学会
野々川 舞,株式会社アシックス,,,,ニット素材を対象とする超弾性構成則の提案,2021,日本応用数理学会
野々川 舞,株式会社アシックス,,,,ニット素材を対象とする超弾性構成則の提案,2021,日本応用数理学会
野下 浩司,九州大学,,,,「かたち」のフェノーム解析,2024,日本応用数理学会
野下 浩司,九州大学,,,,「かたち」のフェノーム解析,2024,日本応用数理学会
野口 貴志,京都大学,,,,三角形フリー２マッチング問題に対する(1-ε)-近似アルゴリズム,2024,日本応用数理学会
野口 貴志,京都大学,,,,三角形フリー２マッチング問題に対する(1-ε)-近似アルゴリズム,2024,日本応用数理学会
野口 友暉,早稲田大学基幹理工学部応用数理学科,,,,Terminal planar networkの禁止部分グラフによる特徴付け,2024,日本応用数理学会
野口 友暉,早稲田大学基幹理工学部応用数理学科,,,,Terminal planar networkの禁止部分グラフによる特徴付け,2024,日本応用数理学会
野村 壮史,株式会社豊田中央研究所,,,,折り畳みと展開が結合した折紙チューブによる弾性・音響のメタマテリアル,2025,日本応用数理学会
野村 壮史,株式会社豊田中央研究所,,,,折り畳みと展開が結合した折紙チューブによる弾性・音響のメタマテリアル,2025,日本応用数理学会
野村 昴太郎,株式会社Preferred Networks,,,,MN-Coreと開発環境,2024,日本応用数理学会
野村 昴太郎,株式会社Preferred Networks,,,,MN-Coreと開発環境,2024,日本応用数理学会
野沢 健人,株式会社Preferred Networks,,,,[企画講演] ◎PLaMo 2 における事後学習,2025,日本応用数理学会
野沢 健人,株式会社Preferred Networks,,,,[企画講演] ◎PLaMo 2 における事後学習,2025,日本応用数理学会
野沢 諒太,東京大学大学院情報理工学系研究科,,,,Nesterovの加速勾配法の可変刻み線形多段法としての解釈とその応用について,2022,日本応用数理学会
野沢 諒太,東京大学大学院情報理工学系研究科,,,,Nesterovの加速勾配法の可変刻み線形多段法としての解釈とその応用について,2022,日本応用数理学会
野津 裕史,金沢大学,,,,1次元保存則のためのラグランジュ移動メッシュ法,2024,日本応用数理学会
野津 裕史,金沢大学,,,,1次元保存則のためのラグランジュ移動メッシュ法,2024,日本応用数理学会
野津 裕史,Kanazawa University,,,,A convective boundary condition for the incompressible Navier—Stokes equations.,2021,日本応用数理学会
野津 裕史,Kanazawa University,,,,A convective boundary condition for the incompressible Navier—Stokes equations.,2021,日本応用数理学会
野津 裕史,金沢大学,,,,ラグランジュ移動メッシュ法,2025,日本応用数理学会
野津 裕史,金沢大学,,,,ラグランジュ移動メッシュ法,2025,日本応用数理学会
野津 裕史,金沢大学,,,,リザバーコンピューティングのシミュレーショ:数値スキームとハードウェアの最適化,2024,日本応用数理学会
野津 裕史,金沢大学,,,,リザバーコンピューティングのシミュレーショ:数値スキームとハードウェアの最適化,2024,日本応用数理学会
野津 裕史,金沢大学,,,,単一測定を用いた非凸境界インターフェースを持つ拡散光トモグラフィーにおけるパラメータ同定問題のための数値形状最適化手法,2024,日本応用数理学会
野津 裕史,金沢大学,,,,単一測定を用いた非凸境界インターフェースを持つ拡散光トモグラフィーにおけるパラメータ同定問題のための数値形状最適化手法,2024,日本応用数理学会
野田 裕真,北海道大学,,,,9-コンパートメントグルコース・インスリン体循環数理モデルのパラメータ推定及び関連する医学的知見の考察,2024,日本応用数理学会
野田 裕真,北海道大学,,,,9-コンパートメントグルコース・インスリン体循環数理モデルのパラメータ推定及び関連する医学的知見の考察,2024,日本応用数理学会
野島 陽水,大阪大学 数理・データ科学教育研究センター,,,,シングルセルRNA-Seq解析による家族性大腸腺腫症治療薬の探索,2024,日本応用数理学会
野島 陽水,大阪大学 数理・データ科学教育研究センター,,,,シングルセルRNA-Seq解析による家族性大腸腺腫症治療薬の探索,2024,日本応用数理学会
野島 陽水,大阪大学 数理・データ科学教育研究センター,,,,腫瘍関連自己抗体を用いた食道がん診断モデルの開発,2025,日本応用数理学会
野島 陽水,大阪大学 数理・データ科学教育研究センター,,,,腫瘍関連自己抗体を用いた食道がん診断モデルの開発,2025,日本応用数理学会
野澤 友希,静岡理工科大学,,,,ラテン立方体と秘密分散法,2025,日本応用数理学会
野澤 友希,静岡理工科大学,,,,ラテン立方体と秘密分散法,2025,日本応用数理学会
野邊 厚,早稲田大学,,,,SIR感染症モデルの保存量を保つ離散化,2022,日本応用数理学会
野邊 厚,早稲田大学,,,,SIR感染症モデルの保存量を保つ離散化,2022,日本応用数理学会
野邊 厚,早稲田大学,,,,Volterra格子と感染症数理モデル,2024,日本応用数理学会
野邊 厚,早稲田大学,,,,Volterra格子と感染症数理モデル,2024,日本応用数理学会
矢ヶ崎 一幸,京都大学,,,,Integrability of the Zakharov-Shabat systems by quadrature: An application of diﬀerential Galois theory to integrable nonlinear PDEs,2021,日本応用数理学会
矢ヶ崎 一幸,京都大学,,,,Integrability of the Zakharov-Shabat systems by quadrature: An application of diﬀerential Galois theory to integrable nonlinear PDEs,2021,日本応用数理学会
矢ヶ崎 一幸,京都大学,,,,Koopman作用素の一般化固有関数による力学系の大域的線形化,2025,日本応用数理学会
矢ヶ崎 一幸,京都大学,,,,Koopman作用素の一般化固有関数による力学系の大域的線形化,2025,日本応用数理学会
矢ヶ崎 一幸,京都大学,,,,Three Topics on Nonintegrability of Dynamical Systems,2022,日本応用数理学会
矢ヶ崎 一幸,京都大学,,,,Three Topics on Nonintegrability of Dynamical Systems,2022,日本応用数理学会
矢ヶ崎 一幸,京都大学,,,,グラフ上で定義された蔵本モデルに対するフィードバック制御,2024,日本応用数理学会
矢ヶ崎 一幸,京都大学,,,,グラフ上で定義された蔵本モデルに対するフィードバック制御,2024,日本応用数理学会
矢ヶ崎 一幸,京都大学,,,,一様グラフ上で定義されたランダムな自然振動数をもつ蔵本モデルのフィードバック制御,2025,日本応用数理学会
矢ヶ崎 一幸,京都大学,,,,一様グラフ上で定義されたランダムな自然振動数をもつ蔵本モデルのフィードバック制御,2025,日本応用数理学会
矢ヶ崎 一幸,京都大学,,,,近可積分系に対する正則レベル集合近傍における非可積分性のための十分条件,2021,日本応用数理学会
矢ヶ崎 一幸,京都大学,,,,近可積分系に対する正則レベル集合近傍における非可積分性のための十分条件,2021,日本応用数理学会
矢ヶ崎 一幸,京都大学,,,,自然振動数を有する蔵本モデルにおける同期解の分岐と安定性,2024,日本応用数理学会
矢ヶ崎 一幸,京都大学,,,,自然振動数を有する蔵本モデルにおける同期解の分岐と安定性,2024,日本応用数理学会
矢ヶ崎 一幸,京都大学大学院情報学研究科,,,,力学系の可積分性に関する最近の研究結果について,2021,日本応用数理学会
矢ヶ崎 一幸,京都大学大学院情報学研究科,,,,力学系の可積分性に関する最近の研究結果について,2021,日本応用数理学会
矢可部 寛太,関西大学,,,,高速道路で発生するハンチング現象の周波数解析,2025,日本応用数理学会
矢可部 寛太,関西大学,,,,高速道路で発生するハンチング現象の周波数解析,2025,日本応用数理学会
矢崎 成俊,明治大学 理工学部,,,,Using Coulomb energy to make uniform distribution points in the region enclosed by a Jordan curve.,2025,日本応用数理学会
矢崎 成俊,明治大学 理工学部,,,,Using Coulomb energy to make uniform distribution points in the region enclosed by a Jordan curve.,2025,日本応用数理学会
矢崎 成俊,明治大学理工学部,,,,時間依存する隙間を持つHele-Shawセル内の磁性流体の運動について,2022,日本応用数理学会
矢崎 成俊,明治大学理工学部,,,,時間依存する隙間を持つHele-Shawセル内の磁性流体の運動について,2022,日本応用数理学会
矢崎 成俊,明治大学,,,,双曲曲率流の安定な数値計算,2025,日本応用数理学会
矢崎 成俊,明治大学,,,,双曲曲率流の安定な数値計算,2025,日本応用数理学会
矢崎 成俊,明治大学,,,,"袖の""かたち""が制御する熱の伝播",2024,日本応用数理学会
矢崎 成俊,明治大学,,,,"袖の""かたち""が制御する熱の伝播",2024,日本応用数理学会
矢崎 成俊,明治大学,,,,点を一様に分布させる方法について,2024,日本応用数理学会
矢崎 成俊,明治大学,,,,点を一様に分布させる方法について,2024,日本応用数理学会
矢崎 成俊,明治大学,,,,膨張する円周上におけるKuramoto--Sivashinsky方程式に対するCrank--Nicolsonスキームの解の存在性・一意性・収束性,2021,日本応用数理学会
矢崎 成俊,明治大学,,,,膨張する円周上におけるKuramoto--Sivashinsky方程式に対するCrank--Nicolsonスキームの解の存在性・一意性・収束性,2021,日本応用数理学会
矢崎 成俊,明治大学,,,,螺旋の濡れ形態：実験と体積保存平均曲率流による数値計算,2022,日本応用数理学会
矢崎 成俊,明治大学,,,,螺旋の濡れ形態：実験と体積保存平均曲率流による数値計算,2022,日本応用数理学会
矢崎 雪莉,芝浦工業大学大学院,,,,疑似的な高精度演算のブロックコレスキー分解への適用,2024,日本応用数理学会
矢崎 雪莉,芝浦工業大学大学院,,,,疑似的な高精度演算のブロックコレスキー分解への適用,2024,日本応用数理学会
矢地 謙太郎,大阪大学,,,,Wasserstein距離に基づくかたちの交叉：進化的トポロジー最適化への展開,2025,日本応用数理学会
矢地 謙太郎,大阪大学,,,,Wasserstein距離に基づくかたちの交叉：進化的トポロジー最適化への展開,2025,日本応用数理学会
矢地 謙太郎,大阪大学,,,,かたちの交叉に着目した進化的トポロジー最適化,2024,日本応用数理学会
矢地 謙太郎,大阪大学,,,,かたちの交叉に着目した進化的トポロジー最適化,2024,日本応用数理学会
矢田 和善,筑波大学,,,,複数の高次元小標本データにおけるスパース次元削減手法の検証,2024,日本応用数理学会
矢田 和善,筑波大学,,,,複数の高次元小標本データにおけるスパース次元削減手法の検証,2024,日本応用数理学会
矢田部 浩平,東京農工大学,,,,Design of Tight Minimum-Sidelobe Windows by Newton's Method on Oblique Manifolds for Time-Frequency Domain Signal Processing,2022,日本応用数理学会
矢田部 浩平,東京農工大学,,,,Design of Tight Minimum-Sidelobe Windows by Newton's Method on Oblique Manifolds for Time-Frequency Domain Signal Processing,2022,日本応用数理学会
矢田部 浩平,早稲田大学,,,,優解劣解法による微分方程式の解の精度保証法とニューラルネットワーク近似への応用,2021,日本応用数理学会
矢田部 浩平,早稲田大学,,,,優解劣解法による微分方程式の解の精度保証法とニューラルネットワーク近似への応用,2021,日本応用数理学会
矢島 雄河,工学院大学,,,,スーパーコンピュータの運用状況に応じた並列自動チューニング機構の提案,2024,日本応用数理学会
矢島 雄河,工学院大学,,,,スーパーコンピュータの運用状況に応じた並列自動チューニング機構の提案,2024,日本応用数理学会
矢嶋 徹,宇都宮大学,,,,スケールフリーネットワーク上のSIRモデルにおける感染率と感染者数の対数関係,2024,日本応用数理学会
矢嶋 徹,宇都宮大学,,,,スケールフリーネットワーク上のSIRモデルにおける感染率と感染者数の対数関係,2024,日本応用数理学会
矢嶋 徹,宇都宮大学,,,,ネットワーク上のSIRモデルにおける感染率と最大感染者数の関係,2025,日本応用数理学会
矢嶋 徹,宇都宮大学,,,,ネットワーク上のSIRモデルにおける感染率と最大感染者数の関係,2025,日本応用数理学会
矢部 博,東京理科大学データサイエンスセンター,,,,非線形最適化問題に対する２次の最適性を与える信頼領域逐次２次計画法,2022,日本応用数理学会
矢部 博,東京理科大学データサイエンスセンター,,,,非線形最適化問題に対する２次の最適性を与える信頼領域逐次２次計画法,2022,日本応用数理学会
矢部 博,山陽小野田市立山口東京理科大学,,,,非線形最適化問題に対する非厳密逐次２次制約２次計画法,2025,日本応用数理学会
矢部 博,山陽小野田市立山口東京理科大学,,,,非線形最適化問題に対する非厳密逐次２次制約２次計画法,2025,日本応用数理学会
矢野 良輔,東京海上ディーアール株式会社,,,,Neural Sheaf Diffusion の普遍近似定理と交通予測への応用,2025,日本応用数理学会
矢野 良輔,東京海上ディーアール株式会社,,,,Neural Sheaf Diffusion の普遍近似定理と交通予測への応用,2025,日本応用数理学会
矢野 良輔,東京海上ディーアール株式会社,,,,参照型の意見形成問題について,2024,日本応用数理学会
矢野 良輔,東京海上ディーアール株式会社,,,,参照型の意見形成問題について,2024,日本応用数理学会
柳 長門,核融合科学研究所,,,,辺要素有限要素法による高温超伝導テープ線材中の磁気遮蔽電流密度解析,2021,日本応用数理学会
柳 長門,核融合科学研究所,,,,辺要素有限要素法による高温超伝導テープ線材中の磁気遮蔽電流密度解析,2021,日本応用数理学会
柳下 翔太郎,統計数理研究所,,,,Gerber-Shiuライクなペナルティ関数最小化による投資及び再保険戦略,2024,日本応用数理学会
柳下 翔太郎,統計数理研究所,,,,Gerber-Shiuライクなペナルティ関数最小化による投資及び再保険戦略,2024,日本応用数理学会
柳下 翔太郎,統計数理研究所,,,,Hölder連続勾配をもつ多目的最適化問題に対する近接勾配法,2025,日本応用数理学会
柳下 翔太郎,統計数理研究所,,,,Hölder連続勾配をもつ多目的最適化問題に対する近接勾配法,2025,日本応用数理学会
柳下 翔太郎,統計数理研究所,データサイエンス共同利用基盤施設,,,一般的な距離を用いた近接勾配法 ―global descent lemmaからの解放―,2025,日本応用数理学会
柳下 翔太郎,統計数理研究所,データサイエンス共同利用基盤施設,,,一般的な距離を用いた近接勾配法 ―global descent lemmaからの解放―,2025,日本応用数理学会
柳田 達雄,大阪電気通信大学,,,,バネ玉ハミルトン力学系における遅い緩和・形態変化・分岐,2025,日本応用数理学会
柳田 達雄,大阪電気通信大学,,,,バネ玉ハミルトン力学系における遅い緩和・形態変化・分岐,2025,日本応用数理学会
柳澤 大地,東京大学,,,,重力モデルによる歩行者のOD交通量予測と測定誤差の影響,2022,日本応用数理学会
柳澤 大地,東京大学,,,,重力モデルによる歩行者のOD交通量予測と測定誤差の影響,2022,日本応用数理学会
柳澤 大地,東京大学先端科学技術研究センター,,,,情報提供の遅れによる待ち時間の挙動の解析,2022,日本応用数理学会
柳澤 大地,東京大学先端科学技術研究センター,,,,情報提供の遅れによる待ち時間の挙動の解析,2022,日本応用数理学会
柳澤 大地,東京大学 先端科学技術研究センター,,,,大規模イベント会場における規制退場の最適化,2022,日本応用数理学会
柳澤 大地,東京大学 先端科学技術研究センター,,,,大規模イベント会場における規制退場の最適化,2022,日本応用数理学会
友枝 明保,関西大学　総合情報学部,,,,CAモデルを用いた自動運転車の交通流に与える影響について：流量制御と速度制御の比較,2021,日本応用数理学会
友枝 明保,関西大学　総合情報学部,,,,CAモデルを用いた自動運転車の交通流に与える影響について：流量制御と速度制御の比較,2021,日本応用数理学会
友枝 明保,関西大学,,,,回転挙動を考慮した歩行モデルと実験データによるパラメータ推定,2022,日本応用数理学会
友枝 明保,関西大学,,,,回転挙動を考慮した歩行モデルと実験データによるパラメータ推定,2022,日本応用数理学会
友枝 明保,関西大学,,,,交通流に対する遅延差分方程式モデルにおけるNeimark-Sacker分岐,2024,日本応用数理学会
友枝 明保,関西大学,,,,交通流に対する遅延差分方程式モデルにおけるNeimark-Sacker分岐,2024,日本応用数理学会
友枝 明保,関西大学,,,,高速道路で発生するハンチング現象の周波数解析,2025,日本応用数理学会
友枝 明保,関西大学,,,,高速道路で発生するハンチング現象の周波数解析,2025,日本応用数理学会
友枝 明保,関西大学,,,,人流を表現するためのFCA184の拡張,2022,日本応用数理学会
友枝 明保,関西大学,,,,人流を表現するためのFCA184の拡張,2022,日本応用数理学会
友枝 明保,関西大学総合情報学部,,,,反応時間変化を考慮した2次元最適速度モデルの安定性の検討,2021,日本応用数理学会
友枝 明保,関西大学総合情報学部,,,,反応時間変化を考慮した2次元最適速度モデルの安定性の検討,2021,日本応用数理学会
友利 優希,東京大学,,,,VAE-WGAN-gpを用いた翼形状生成,2022,日本応用数理学会
友利 優希,東京大学,,,,VAE-WGAN-gpを用いた翼形状生成,2022,日本応用数理学会
有泉 洵平,京都大学大学院情報学研究科,,,,正則化項を一般化したLevenberg-Marquardt法とその収束性,2022,日本応用数理学会
有泉 洵平,京都大学大学院情報学研究科,,,,正則化項を一般化したLevenberg-Marquardt法とその収束性,2022,日本応用数理学会
有馬 孝尚,東京大学大学院新領域創成科学研究科,,,,[企画講演]ベイズ計測  ~ 中性子散乱スペクトル解析への導入 ~,2021,日本応用数理学会
有馬 孝尚,東京大学大学院新領域創成科学研究科,,,,[企画講演]ベイズ計測  ~ 中性子散乱スペクトル解析への導入 ~,2021,日本応用数理学会
由良 文孝,公立はこだて未来大学,,,,有限体上のソリトン方程式における入れ子構造を持つソリトン解とmeta-Fibonacci数列,2022,日本応用数理学会
由良 文孝,公立はこだて未来大学,,,,有限体上のソリトン方程式における入れ子構造を持つソリトン解とmeta-Fibonacci数列,2022,日本応用数理学会
祐川 翼,京都大学高等研究院ヒト生物学高等研究拠点,,,,最適輸送理論とフェーズフィールド法を用いた画像データにもとづくモデル記述ツール,2025,日本応用数理学会
祐川 翼,京都大学高等研究院ヒト生物学高等研究拠点,,,,最適輸送理論とフェーズフィールド法を用いた画像データにもとづくモデル記述ツール,2025,日本応用数理学会
楊 家宝,武蔵野大学,,,,非平滑関数に対する確率的勾配降下法へのチェビシェフ法の適用と収束解析,2025,日本応用数理学会
楊 家宝,武蔵野大学,,,,非平滑関数に対する確率的勾配降下法へのチェビシェフ法の適用と収束解析,2025,日本応用数理学会
楊 家宝,武蔵野大学,,,,連続最適化問題に対する線形多段法の安定性解析,2024,日本応用数理学会
楊 家宝,武蔵野大学,,,,連続最適化問題に対する線形多段法の安定性解析,2024,日本応用数理学会
楊 天宇,東京大学,,,,異種ソースモデルに基づく局所的神経電流源推定 - てんかん焦点同定への応用,2022,日本応用数理学会
楊 天宇,東京大学,,,,異種ソースモデルに基づく局所的神経電流源推定 - てんかん焦点同定への応用,2022,日本応用数理学会
楊 陽,明治大学,,,,振動・音響連成下の室内騒音低減検討と折紙コアへの適用,2022,日本応用数理学会
楊 陽,明治大学,,,,振動・音響連成下の室内騒音低減検討と折紙コアへの適用,2022,日本応用数理学会
楊 陽,明治大学,,,,折紙構造を可能とする部分加熱捩じり加工法の特徴,2021,日本応用数理学会
楊 陽,明治大学,,,,折紙構造を可能とする部分加熱捩じり加工法の特徴,2021,日本応用数理学会
葉 雨欣,名古屋大学,同済大学,,,An orthogonal randomized Bregman projection method for linearly constrained optimization problems,2025,日本応用数理学会
葉 雨欣,名古屋大学,同済大学,,,An orthogonal randomized Bregman projection method for linearly constrained optimization problems,2025,日本応用数理学会
来田 真友子,東京大学,,,,パーシステントホモロジーによる枝構造解析ツール,2025,日本応用数理学会
来田 真友子,東京大学,,,,パーシステントホモロジーによる枝構造解析ツール,2025,日本応用数理学会
頼 志堅,筑波大学,,,,On the Global Convergence of Riemannian Interior Point Method,2022,日本応用数理学会
頼 志堅,筑波大学,,,,On the Global Convergence of Riemannian Interior Point Method,2022,日本応用数理学会
落合 啓之,九州大学,,,,Green関数による解包含理論：非凸多次元領域上におけるPoisson方程式への適用,2024,日本応用数理学会
落合 啓之,九州大学,,,,Green関数による解包含理論：非凸多次元領域上におけるPoisson方程式への適用,2024,日本応用数理学会
落合 啓之,九州大学,,,,円領域内のパルス運動に関わる修正ヘルムホルツ方程式のノイマン問題に対する基本解近似解法,2021,日本応用数理学会
落合 啓之,九州大学,,,,円領域内のパルス運動に関わる修正ヘルムホルツ方程式のノイマン問題に対する基本解近似解法,2021,日本応用数理学会
李 愛龍,理研CSRS,,,,電極触媒の劣化速度に関する力学系モデルの構築,2024,日本応用数理学会
李 愛龍,理研CSRS,,,,電極触媒の劣化速度に関する力学系モデルの構築,2024,日本応用数理学会
李 旭,奈良女子大学,,,,パンディ--ウパディヤイのウェーブレット変換と関数の超局所的特異性について,2024,日本応用数理学会
李 旭,奈良女子大学,,,,パンディ--ウパディヤイのウェーブレット変換と関数の超局所的特異性について,2024,日本応用数理学会
李 威特,立命館大学情報理工学研究科CG第一研究室,,,,深層学習を用いたアップサンプリングに基づく３次元計測データのエッジ強調可視化,2021,日本応用数理学会
李 威特,立命館大学情報理工学研究科CG第一研究室,,,,深層学習を用いたアップサンプリングに基づく３次元計測データのエッジ強調可視化,2021,日本応用数理学会
李 志遠,（中国,,,,時間非整数階拡散方程式系における階数決定の逆問題,2022,日本応用数理学会
李 志遠,（中国,,,,時間非整数階拡散方程式系における階数決定の逆問題,2022,日本応用数理学会
李 聖林,京都大学,,,,形と皮膚疾患をつなぐ数理皮膚医学,2024,日本応用数理学会
李 聖林,京都大学,,,,形と皮膚疾患をつなぐ数理皮膚医学,2024,日本応用数理学会
李 聖林,京都大学高等研究院ヒト生物学高等研究拠点/京都大学医学部,,,,最適輸送理論とフェーズフィールド法を用いた画像データにもとづくモデル記述ツール,2025,日本応用数理学会
李 聖林,京都大学高等研究院ヒト生物学高等研究拠点/京都大学医学部,,,,最適輸送理論とフェーズフィールド法を用いた画像データにもとづくモデル記述ツール,2025,日本応用数理学会
李 聖林,京都大学高等研究院・ASHBi,,,,専業主婦学から数理生命医学に至るまで,2022,日本応用数理学会
李 聖林,京都大学高等研究院・ASHBi,,,,専業主婦学から数理生命医学に至るまで,2022,日本応用数理学会
李 凌叡,京都大学情報学研究科数理工学専攻最適化数理研究室,,,,最適輸送に対するブロック座標降下ネットワークシンプレックス法,2024,日本応用数理学会
李 凌叡,京都大学情報学研究科数理工学専攻最適化数理研究室,,,,最適輸送に対するブロック座標降下ネットワークシンプレックス法,2024,日本応用数理学会
李 昊,Kyoto University,,,,Large-scale level set-based topology optimization lattice structure using a PDE-filter,2022,日本応用数理学会
李 昊,Kyoto University,,,,Large-scale level set-based topology optimization lattice structure using a PDE-filter,2022,日本応用数理学会
立岡 文理,株式会社IHI,,,,DE積分型行列関数計算法に対する部分固有対デフレーションに基づく収束性改善およびその性能評価,2024,日本応用数理学会
立岡 文理,株式会社IHI,,,,DE積分型行列関数計算法に対する部分固有対デフレーションに基づく収束性改善およびその性能評価,2024,日本応用数理学会
立岡 文理,名古屋大学,,,,行列実数乗の数値積分に対する定数倍の前処理について,2021,日本応用数理学会
立岡 文理,名古屋大学,,,,行列実数乗の数値積分に対する定数倍の前処理について,2021,日本応用数理学会
立石 萌,京都大学,,,,ビリヤード写像における不変曲線が存在しないための十分条件,2024,日本応用数理学会
立石 萌,京都大学,,,,ビリヤード写像における不変曲線が存在しないための十分条件,2024,日本応用数理学会
劉 逸侃,京都大学,,,,Maxwellモデルの時間非局所化: モデリングから逆問題へ,2025,日本応用数理学会
劉 逸侃,京都大学,,,,Maxwellモデルの時間非局所化: モデリングから逆問題へ,2025,日本応用数理学会
劉 逸侃,京都大学,,,,強結合の非整数階拡散系の時間逆向き問題について,2024,日本応用数理学会
劉 逸侃,京都大学,,,,強結合の非整数階拡散系の時間逆向き問題について,2024,日本応用数理学会
劉 逸侃,北海道大学電子科学研究所　附属社会創造数学研究センター,,,,時間非整数階拡散方程式系における階数決定の逆問題,2022,日本応用数理学会
劉 逸侃,北海道大学電子科学研究所　附属社会創造数学研究センター,,,,時間非整数階拡散方程式系における階数決定の逆問題,2022,日本応用数理学会
劉 恩豪,京都大学,,,,パーシステンス加群の区間代替,2024,日本応用数理学会
劉 恩豪,京都大学,,,,パーシステンス加群の区間代替,2024,日本応用数理学会
劉 嘉瑋,東北大学,,,,血流分布の自動調節を可能にするマルチスケール血液循環モデル,2025,日本応用数理学会
劉 嘉瑋,東北大学,,,,血流分布の自動調節を可能にするマルチスケール血液循環モデル,2025,日本応用数理学会
劉 継紅,大阪成蹊大学,,,,データ駆動型の偏微分方程式の推定~可積分系を用いた実験,2024,日本応用数理学会
劉 継紅,大阪成蹊大学,,,,データ駆動型の偏微分方程式の推定~可積分系を用いた実験,2024,日本応用数理学会
劉 雪峰,東京女子大学,,,,Hadamard微分の厳密計算による固有値の単純性の解析,2025,日本応用数理学会
劉 雪峰,東京女子大学,,,,Hadamard微分の厳密計算による固有値の単純性の解析,2025,日本応用数理学会
劉 雪峰,新潟大学理学部,,,,Helmholtz方程式の非斉次Neumann境界値問題に対する定量的な事後誤差評価,2021,日本応用数理学会
劉 雪峰,新潟大学理学部,,,,Helmholtz方程式の非斉次Neumann境界値問題に対する定量的な事後誤差評価,2021,日本応用数理学会
劉 雪峰,新潟大学理学部,,,,Hypercircle法を用いた有限要素法解の局所誤差評価の改善,2022,日本応用数理学会
劉 雪峰,新潟大学理学部,,,,Hypercircle法を用いた有限要素法解の局所誤差評価の改善,2022,日本応用数理学会
劉 雪峰,新潟大学理学部,,,,Verified computation for optimization problems with maximum norm constraint condition,2021,日本応用数理学会
劉 雪峰,新潟大学理学部,,,,Verified computation for optimization problems with maximum norm constraint condition,2021,日本応用数理学会
劉 雪峰,東京女子大学,,,,ハイパーサークル法を用いた有限要素解の事後誤差評価,2024,日本応用数理学会
劉 雪峰,東京女子大学,,,,ハイパーサークル法を用いた有限要素解の事後誤差評価,2024,日本応用数理学会
劉 雪峰,東京女子大学,,,,円柱領域におけるdivergence-free有限要素解の構築と厳密誤差解析,2025,日本応用数理学会
劉 雪峰,東京女子大学,,,,円柱領域におけるdivergence-free有限要素解の構築と厳密誤差解析,2025,日本応用数理学会
劉 雪峰,新潟大学理学部,,,,三角形領域におけるラプラス作用素の固有値問題と形状微分公式の厳密評価,2022,日本応用数理学会
劉 雪峰,新潟大学理学部,,,,三角形領域におけるラプラス作用素の固有値問題と形状微分公式の厳密評価,2022,日本応用数理学会
劉 雪峰,新潟大学理学部,,,,板の振動に関わる重調和作用素の厳密な固有値評価,2021,日本応用数理学会
劉 雪峰,新潟大学理学部,,,,板の振動に関わる重調和作用素の厳密な固有値評価,2021,日本応用数理学会
劉 雪峰,新潟大学,,,,微分作用素の固有値と固有関数の厳密評価法の進展,2022,日本応用数理学会
劉 雪峰,新潟大学,,,,微分作用素の固有値と固有関数の厳密評価法の進展,2022,日本応用数理学会
良原 丈夫,大阪大学大学院医学系研究科消化器内科学,,,,炎症性腸疾患に対する最適な生物学的製剤選択モデル,2025,日本応用数理学会
良原 丈夫,大阪大学大学院医学系研究科消化器内科学,,,,炎症性腸疾患に対する最適な生物学的製剤選択モデル,2025,日本応用数理学会
林 夏生,北九州市立大学,,,,楕円曲線上のMe演算によって生成される2値系列の統計的乱数性,2025,日本応用数理学会
林 夏生,北九州市立大学,,,,楕円曲線上のMe演算によって生成される2値系列の統計的乱数性,2025,日本応用数理学会
林 久史,日本女子大学,,,,電気化学反応における周期的沈殿帯形成を記述する数理モデルについて,2025,日本応用数理学会
林 久史,日本女子大学,,,,電気化学反応における周期的沈殿帯形成を記述する数理モデルについて,2025,日本応用数理学会
林 匡史,三菱UFJ信託銀行株式会社,,,,制約付最適リスクシェア問題 - 二重バリア付後退確率微分方程式の応用,2024,日本応用数理学会
林 匡史,三菱UFJ信託銀行株式会社,,,,制約付最適リスクシェア問題 - 二重バリア付後退確率微分方程式の応用,2024,日本応用数理学会
林 興養,中央大学,,,,Finding Hall blockers by matrix scaling,2022,日本応用数理学会
林 興養,中央大学,,,,Finding Hall blockers by matrix scaling,2022,日本応用数理学会
林 晃平,東京大学大学院数理科学研究科,,,,Spatial-segregation limit for interacting particle systems,2022,日本応用数理学会
林 晃平,東京大学大学院数理科学研究科,,,,Spatial-segregation limit for interacting particle systems,2022,日本応用数理学会
林 晃平,大阪大学,,,,ラフ・ボラティリティ・モデルの高次弱近似：マルコフ化と楠岡近似によるアプローチ,2025,日本応用数理学会
林 晃平,大阪大学,,,,ラフ・ボラティリティ・モデルの高次弱近似：マルコフ化と楠岡近似によるアプローチ,2025,日本応用数理学会
林 俊一郎,名古屋大学大学院情報学研究科,,,,[企画講演] AI向け低精度演算の動向と尾崎スキームによるFP64演算への適用可能性の検討,2025,日本応用数理学会
林 俊一郎,名古屋大学大学院情報学研究科,,,,[企画講演] AI向け低精度演算の動向と尾崎スキームによるFP64演算への適用可能性の検討,2025,日本応用数理学会
林 俊一郎,名古屋大学,,,,HPC-GENIE: LLMを利用したHPCコード自動生成プロジェクト -- 概要とケーススタディ--,2025,日本応用数理学会
林 俊一郎,名古屋大学,,,,HPC-GENIE: LLMを利用したHPCコード自動生成プロジェクト -- 概要とケーススタディ--,2025,日本応用数理学会
林 俊介,法政大学 理工学部,,,,非線形二次錐相補性問題に対する行列分割を用いた不動点アルゴリズム,2025,日本応用数理学会
林 俊介,法政大学 理工学部,,,,非線形二次錐相補性問題に対する行列分割を用いた不動点アルゴリズム,2025,日本応用数理学会
林 晋,科学技術振興機構 さきがけ,東北大学 材料科学高等研究所,,,トポロジカルな角状態への指数理論的アプローチ,2022,日本応用数理学会
林 晋,科学技術振興機構 さきがけ,東北大学 材料科学高等研究所,,,トポロジカルな角状態への指数理論的アプローチ,2022,日本応用数理学会
林 和希,京都大学大学院工学研究科,,,,ラプラシアンを明示的に考慮した強化学習エージェントによる三角形分割されたシェル構造の施工順序最適化,2025,日本応用数理学会
林 和希,京都大学大学院工学研究科,,,,ラプラシアンを明示的に考慮した強化学習エージェントによる三角形分割されたシェル構造の施工順序最適化,2025,日本応用数理学会
林 和希,京都大学,,,,可積分離散べき函数から構成されるMichell-Prager型トラス構造,2025,日本応用数理学会
林 和希,京都大学,,,,可積分離散べき函数から構成されるMichell-Prager型トラス構造,2025,日本応用数理学会
林 和希,京都大学,,,,等角写像を利用した複層オーゼティック構造のボルト接合設計,2024,日本応用数理学会
林 和希,京都大学,,,,等角写像を利用した複層オーゼティック構造のボルト接合設計,2024,日本応用数理学会
林 和希,京都大学,,,,離散正則函数を用いたMichellトラス型構造について,2022,日本応用数理学会
林 和希,京都大学,,,,離散正則函数を用いたMichellトラス型構造について,2022,日本応用数理学会
林 和希,京都大学,,,,離散膜O曲面による形状・応力分布の同時生成,2022,日本応用数理学会
林 和希,京都大学,,,,離散膜O曲面による形状・応力分布の同時生成,2022,日本応用数理学会
林田 守広,松江工業高等専門学校,,,,与えられたアルファベット上の文字列の位相半群における球の体積公式,2021,日本応用数理学会
林田 守広,松江工業高等専門学校,,,,与えられたアルファベット上の文字列の位相半群における球の体積公式,2021,日本応用数理学会
鈴木 絢芽,早稲田大学,,,,傘の応力状態に着目したT-splineによる設計,2022,日本応用数理学会
鈴木 絢芽,早稲田大学,,,,傘の応力状態に着目したT-splineによる設計,2022,日本応用数理学会
鈴木 雅人,東京大学大学院情報理工学系研究科,,,,各種行列関数の数値計算に対する二重指数関数型数値計算公式の誤差評価,2024,日本応用数理学会
鈴木 雅人,東京大学大学院情報理工学系研究科,,,,各種行列関数の数値計算に対する二重指数関数型数値計算公式の誤差評価,2024,日本応用数理学会
鈴木 貴,大阪大学 数理・データ科学教育研究センター,,,,シングルセルRNA-Seq解析による家族性大腸腺腫症治療薬の探索,2024,日本応用数理学会
鈴木 貴,大阪大学 数理・データ科学教育研究センター,,,,シングルセルRNA-Seq解析による家族性大腸腺腫症治療薬の探索,2024,日本応用数理学会
鈴木 貴,大阪大学,,,,ストレス応答シグナルの振動パターンについて,2022,日本応用数理学会
鈴木 貴,大阪大学,,,,ストレス応答シグナルの振動パターンについて,2022,日本応用数理学会
鈴木 貴,大阪大学,,,,変分固有値の調和凸性と自由境界問題への応用,2022,日本応用数理学会
鈴木 貴,大阪大学,,,,変分固有値の調和凸性と自由境界問題への応用,2022,日本応用数理学会
鈴木 貴,大阪大学数理・データ科学教育研究センター,,,,放射線と抗がん剤併用医療の多細胞応答数理シミュレーション,2024,日本応用数理学会
鈴木 貴,大阪大学数理・データ科学教育研究センター,,,,放射線と抗がん剤併用医療の多細胞応答数理シミュレーション,2024,日本応用数理学会
鈴木 尭虎,早稲田大学,,,,Boltzmann Samplerを用いた重み付きカクタスグラフのランダムサンプリング,2024,日本応用数理学会
鈴木 尭虎,早稲田大学,,,,Boltzmann Samplerを用いた重み付きカクタスグラフのランダムサンプリング,2024,日本応用数理学会
鈴木 尭虎,早稲田大学大学院基幹理工学研究科数学応用数理専攻,,,,Terminal planar networkの禁止部分グラフによる特徴付け,2024,日本応用数理学会
鈴木 尭虎,早稲田大学大学院基幹理工学研究科数学応用数理専攻,,,,Terminal planar networkの禁止部分グラフによる特徴付け,2024,日本応用数理学会
鈴木 謙吾,北海道大学,,,,GPUに適した近似逆行列前処理の簡略化手法,2021,日本応用数理学会
鈴木 謙吾,北海道大学,,,,GPUに適した近似逆行列前処理の簡略化手法,2021,日本応用数理学会
鈴木 謙吾,北海道大学,,,,ブロック構造に基づくフィルイン制御を用いたSIMD演算に適したILU分解前処理手法,2022,日本応用数理学会
鈴木 謙吾,北海道大学,,,,ブロック構造に基づくフィルイン制御を用いたSIMD演算に適したILU分解前処理手法,2022,日本応用数理学会
鈴木 厚,大阪大学 サイバーメディアセンター,,,,FreeFEM 講習会　-- 3次元領域での流れ問題の並列計算,2021,日本応用数理学会
鈴木 厚,大阪大学 サイバーメディアセンター,,,,FreeFEM 講習会　-- 3次元領域での流れ問題の並列計算,2021,日本応用数理学会
鈴木 厚,大阪大学　サイバーメディアセンター,,,,FreeFEMによるろう付け形状予測と実形状部品への適用,2021,日本応用数理学会
鈴木 厚,大阪大学　サイバーメディアセンター,,,,FreeFEMによるろう付け形状予測と実形状部品への適用,2021,日本応用数理学会
鈴木 厚,理化学研究所 計算科学研究センター,大阪大学D3センター,,,チュートリアル：計算領域での拡散項の弱形式のFreeFEMでの記述方法と非線形問題の解法,2025,日本応用数理学会
鈴木 厚,理化学研究所 計算科学研究センター,大阪大学D3センター,,,チュートリアル：計算領域での拡散項の弱形式のFreeFEMでの記述方法と非線形問題の解法,2025,日本応用数理学会
鈴木 厚,理化学研究所 計算科学研究センター・大阪大学 サイバーメディアセンター,,,,圧力損失制約を課す定常Navier-Stokes方程式の領域変分と形状設計への応用,2022,日本応用数理学会
鈴木 厚,理化学研究所 計算科学研究センター・大阪大学 サイバーメディアセンター,,,,圧力損失制約を課す定常Navier-Stokes方程式の領域変分と形状設計への応用,2022,日本応用数理学会
鈴木 厚,理化学研究所 計算科学研究センター,,,,火山地表面の変動を決定するマグマ溜りの数理モデルの変分解法,2025,日本応用数理学会
鈴木 厚,理化学研究所 計算科学研究センター,,,,火山地表面の変動を決定するマグマ溜りの数理モデルの変分解法,2025,日本応用数理学会
鈴木 厚,大阪大学 サイバーメディアセンター,,,,半導体問題の有限要素離散化と特異な係数行列をもつ非線形問題の解法,2021,日本応用数理学会
鈴木 厚,大阪大学 サイバーメディアセンター,,,,半導体問題の有限要素離散化と特異な係数行列をもつ非線形問題の解法,2021,日本応用数理学会
鈴木 厚,理化学研究所 計算科学研究センター,,,,反復解法を組み合わせた大規模直接法LU分解と混合精度演算による高速化,2022,日本応用数理学会
鈴木 厚,理化学研究所 計算科学研究センター,,,,反復解法を組み合わせた大規模直接法LU分解と混合精度演算による高速化,2022,日本応用数理学会
鈴木 厚,理化学研究所 計算科学研究センター,大阪大学サイバーメディアセンター,,,要素非適合境界条件を扱う仮想領域法の安定化手法と不定値行列ソルバー,2024,日本応用数理学会
鈴木 厚,理化学研究所 計算科学研究センター,大阪大学サイバーメディアセンター,,,要素非適合境界条件を扱う仮想領域法の安定化手法と不定値行列ソルバー,2024,日本応用数理学会
鈴木 宏二郎,東京大学大学院新領域創成科学研究科,,,,変分原理に基づく圧縮性Euler方程式の構造保存縮約モデル,2022,日本応用数理学会
鈴木 宏二郎,東京大学大学院新領域創成科学研究科,,,,変分原理に基づく圧縮性Euler方程式の構造保存縮約モデル,2022,日本応用数理学会
鈴木 幸太郎,豊橋技術科学大学,,,,数理的技法による情報セキュリティの2024年度後半＆2025年度前半の研究動向,2025,日本応用数理学会
鈴木 幸太郎,豊橋技術科学大学,,,,数理的技法による情報セキュリティの2024年度後半＆2025年度前半の研究動向,2025,日本応用数理学会
鈴木 幸太郎,豊橋技術科学大学,,,,数理的技法による情報セキュリティの2024年度前半の研究動向,2024,日本応用数理学会
鈴木 幸太郎,豊橋技術科学大学,,,,数理的技法による情報セキュリティの2024年度前半の研究動向,2024,日本応用数理学会
鈴木 克幸,東京大学,,,,VAE-WGAN-gpを用いた翼形状生成,2022,日本応用数理学会
鈴木 克幸,東京大学,,,,VAE-WGAN-gpを用いた翼形状生成,2022,日本応用数理学会
鈴木 克幸,東京大学,,,,変分オートエンコーダを用いた多種の翼生成,2021,日本応用数理学会
鈴木 克幸,東京大学,,,,変分オートエンコーダを用いた多種の翼生成,2021,日本応用数理学会
鈴木 彩,日本電信電話株式会社 宇宙環境エネルギー研究所,,,,最適化手法を用いた海洋生態系モデルパラメータの同定,2024,日本応用数理学会
鈴木 彩,日本電信電話株式会社 宇宙環境エネルギー研究所,,,,最適化手法を用いた海洋生態系モデルパラメータの同定,2024,日本応用数理学会
鈴木 秀幸,大阪大学 大学院情報科学研究科 情報数理学専攻,,,,周期的活性化関数を用いたニューラルネットワークによる位相振幅振動子モデルの応答特性推定,2025,日本応用数理学会
鈴木 秀幸,大阪大学 大学院情報科学研究科 情報数理学専攻,,,,周期的活性化関数を用いたニューラルネットワークによる位相振幅振動子モデルの応答特性推定,2025,日本応用数理学会
鈴木 俊夫,神奈川大学,,,,CT画像再構成におけるshearlet変換を用いたリングアーティファクトの除去について,2024,日本応用数理学会
鈴木 俊夫,神奈川大学,,,,CT画像再構成におけるshearlet変換を用いたリングアーティファクトの除去について,2024,日本応用数理学会
鈴木 俊夫,神奈川大学,,,,重み付き正則化項を用いたShearletシステム上でのリングアーティファクト除去について,2025,日本応用数理学会
鈴木 俊夫,神奈川大学,,,,重み付き正則化項を用いたShearletシステム上でのリングアーティファクト除去について,2025,日本応用数理学会
鈴木 俊夫,神奈川大学,,,,窓Fourier変換と2次元変換を用いた音声ノイズ除去,2025,日本応用数理学会
鈴木 俊夫,神奈川大学,,,,窓Fourier変換と2次元変換を用いた音声ノイズ除去,2025,日本応用数理学会
鈴木 俊夫,東京理科大学,,,,非対称な線形行列方程式に対するglobal GPBiCGstab(L)法の提案,2021,日本応用数理学会
鈴木 俊夫,東京理科大学,,,,非対称な線形行列方程式に対するglobal GPBiCGstab(L)法の提案,2021,日本応用数理学会
鈴木 俊夫,神奈川大学,,,,分数べきFourier変換によるPaley-Wienerの定理とサンプリング定理,2025,日本応用数理学会
鈴木 俊夫,神奈川大学,,,,分数べきFourier変換によるPaley-Wienerの定理とサンプリング定理,2025,日本応用数理学会
鈴木 奨之,太陽工業,,,,離散膜O曲面による形状・応力分布の同時生成,2022,日本応用数理学会
鈴木 奨之,太陽工業,,,,離散膜O曲面による形状・応力分布の同時生成,2022,日本応用数理学会
鈴木 清一朗,法政大学,,,,中心差分に基づく符号付き超離散非線形バネ方程式の解析,2024,日本応用数理学会
鈴木 清一朗,法政大学,,,,中心差分に基づく符号付き超離散非線形バネ方程式の解析,2024,日本応用数理学会
鈴木 清一朗,法政大学大学院理工学研究科,,,,離散対数関数とリャプノフ関数について,2022,日本応用数理学会
鈴木 清一朗,法政大学大学院理工学研究科,,,,離散対数関数とリャプノフ関数について,2022,日本応用数理学会
鈴木 大慈,東京大学情報理工学系研究科数理情報学専攻 / 理研AIP,,,,全勾配を用いない勾配推定量: 1次及び2次の最適性と連合学習への応用,2022,日本応用数理学会
鈴木 大慈,東京大学情報理工学系研究科数理情報学専攻 / 理研AIP,,,,全勾配を用いない勾配推定量: 1次及び2次の最適性と連合学習への応用,2022,日本応用数理学会
鈴木 登志雄,東京都立大学,,,,形状制約なしAND-OR木に関する均衡値不等式の分離と崩壊,2024,日本応用数理学会
鈴木 登志雄,東京都立大学,,,,形状制約なしAND-OR木に関する均衡値不等式の分離と崩壊,2024,日本応用数理学会
鈴木 彦文,NII,,,,ProVerifによるBGPセキュリティ機構の形式的安全性検証,2025,日本応用数理学会
鈴木 彦文,NII,,,,ProVerifによるBGPセキュリティ機構の形式的安全性検証,2025,日本応用数理学会
鈴木 利友,武庫川女子大学,,,,円弧状、渦巻き状、一般化ミウラ折りの展開図の幾何学的形状生成,2022,日本応用数理学会
鈴木 利友,武庫川女子大学,,,,円弧状、渦巻き状、一般化ミウラ折りの展開図の幾何学的形状生成,2022,日本応用数理学会
鈴木 利友,武庫川女子大学,,,,城郭石垣の設計法に基づく反り曲線における調和数とディガンマ関数,2025,日本応用数理学会
鈴木 利友,武庫川女子大学,,,,城郭石垣の設計法に基づく反り曲線における調和数とディガンマ関数,2025,日本応用数理学会
鈴木 利友,武庫川女子大学,,,,螺旋状回廊空間としてのさざえ堂の形態モデル,2024,日本応用数理学会
鈴木 利友,武庫川女子大学,,,,螺旋状回廊空間としてのさざえ堂の形態モデル,2024,日本応用数理学会
鈴木 遼,愛媛大学,,,,四面体の最大角条件と同値な幾何学的条件について,2021,日本応用数理学会
鈴木 遼,愛媛大学,,,,四面体の最大角条件と同値な幾何学的条件について,2021,日本応用数理学会
和田 一成,東京大学,,,,変分オートエンコーダを用いた多種の翼生成,2021,日本応用数理学会
和田 一成,東京大学,,,,変分オートエンコーダを用いた多種の翼生成,2021,日本応用数理学会
和田 薫,新潟大学大学院自然科学研究科,,,,板の振動に関わる重調和作用素の厳密な固有値評価,2021,日本応用数理学会
和田 薫,新潟大学大学院自然科学研究科,,,,板の振動に関わる重調和作用素の厳密な固有値評価,2021,日本応用数理学会
和田 健司,大阪公立大学,,,,カオス超越性を用いたレーザーカオスによるTHｚ波の出力,2025,日本応用数理学会
和田 健司,大阪公立大学,,,,カオス超越性を用いたレーザーカオスによるTHｚ波の出力,2025,日本応用数理学会
和田 健司,大阪府立大,,,,レーザーカオスにおけるのモードの同時性,2021,日本応用数理学会
和田 健司,大阪府立大,,,,レーザーカオスにおけるのモードの同時性,2021,日本応用数理学会
和田 健司,公立大学大阪,,,,光ビートの効率解析によるレーザーカオスにおけるモードの同時性の証明,2022,日本応用数理学会
和田 健司,公立大学大阪,,,,光ビートの効率解析によるレーザーカオスにおけるモードの同時性の証明,2022,日本応用数理学会
和田 健汰,九州工業大学,,,,包除積分によるLIMEの拡張と画像分類モデルの高次相互作用の可視化,2025,日本応用数理学会
和田 健汰,九州工業大学,,,,包除積分によるLIMEの拡張と画像分類モデルの高次相互作用の可視化,2025,日本応用数理学会
和田 康司,北海道大学大学院理学院数学専攻,,,,最適輸送理論を応用したカオス的遍歴のクラスター解析,2024,日本応用数理学会
和田 康司,北海道大学大学院理学院数学専攻,,,,最適輸送理論を応用したカオス的遍歴のクラスター解析,2024,日本応用数理学会
和田 康司,北海道大学大学院理学院数学専攻,,,,大域結合写像に対するアトラクター痕跡の安定性,2025,日本応用数理学会
和田 康司,北海道大学大学院理学院数学専攻,,,,大域結合写像に対するアトラクター痕跡の安定性,2025,日本応用数理学会
和田 隆広,奈良先端科学技術大学院大学先端科学技術研究科,,,,反応時間変化を考慮した2次元最適速度モデルの安定性の検討,2021,日本応用数理学会
和田 隆広,奈良先端科学技術大学院大学先端科学技術研究科,,,,反応時間変化を考慮した2次元最適速度モデルの安定性の検討,2021,日本応用数理学会
和田 侑佳,創価大学院理工学研究科情報システム工学専攻,,,,Taylor 級数法による特異解析と佐藤超関数の応用可能性について,2024,日本応用数理学会
和田 侑佳,創価大学院理工学研究科情報システム工学専攻,,,,Taylor 級数法による特異解析と佐藤超関数の応用可能性について,2024,日本応用数理学会
和田出 秀光,金沢大学,,,,ODE-net の解析学的定式化について,2021,日本応用数理学会
和田出 秀光,金沢大学,,,,ODE-net の解析学的定式化について,2021,日本応用数理学会
傳田 光洋,資生堂,,,,表皮数理モデルを用いた基底膜形状と培養皮膚への応用,2021,日本応用数理学会
傳田 光洋,資生堂,,,,表皮数理モデルを用いた基底膜形状と培養皮膚への応用,2021,日本応用数理学会
兒島 茜,福知山公立大学,,,,セルオートマトンを用いたグラフの頂点彩色,2025,日本応用数理学会
兒島 茜,福知山公立大学,,,,セルオートマトンを用いたグラフの頂点彩色,2025,日本応用数理学会
剱持 智哉,名古屋大学,,,,３階テンソルに対するHOOI法の局所最適化の順序について,2021,日本応用数理学会
剱持 智哉,名古屋大学,,,,３階テンソルに対するHOOI法の局所最適化の順序について,2021,日本応用数理学会
剱持 智哉,名古屋大学大学院工学研究科,,,,Stokes作用素の有限要素近似に対する$L^p$リゾルベント評価,2022,日本応用数理学会
剱持 智哉,名古屋大学大学院工学研究科,,,,Stokes作用素の有限要素近似に対する$L^p$リゾルベント評価,2022,日本応用数理学会
剱持 智哉,名古屋大学工学研究科応用物理学専攻,,,,行列の積を係数行列に持つ線形方程式ABx＝bに対するクリロフ部分空間法の適用について,2024,日本応用数理学会
剱持 智哉,名古屋大学工学研究科応用物理学専攻,,,,行列の積を係数行列に持つ線形方程式ABx＝bに対するクリロフ部分空間法の適用について,2024,日本応用数理学会
剱持 智哉,名古屋大学,,,,行列実数乗の数値積分に対する定数倍の前処理について,2021,日本応用数理学会
剱持 智哉,名古屋大学,,,,行列実数乗の数値積分に対する定数倍の前処理について,2021,日本応用数理学会
剱持 智哉,名古屋大学,,,,行列方程式に対する低ランク型Krylov部分空間法のための前処理について,2024,日本応用数理学会
剱持 智哉,名古屋大学,,,,行列方程式に対する低ランク型Krylov部分空間法のための前処理について,2024,日本応用数理学会
剱持 智哉,名古屋大学,,,,行列方程式に対する反復法のためのテンソル構造保存型前処理について,2022,日本応用数理学会
剱持 智哉,名古屋大学,,,,行列方程式に対する反復法のためのテンソル構造保存型前処理について,2022,日本応用数理学会
剱持 智哉,名古屋大学,,,,指定領域内の多項式固有値問題に対するSakurai-Sugiura法とEhrlich-Aberth法の組み合わせについて,2021,日本応用数理学会
剱持 智哉,名古屋大学,,,,指定領域内の多項式固有値問題に対するSakurai-Sugiura法とEhrlich-Aberth法の組み合わせについて,2021,日本応用数理学会
剱持 智哉,名古屋大学,,,,非対称シフト線形方程式のためのBiCGStab法に基づく数値解法,2022,日本応用数理学会
剱持 智哉,名古屋大学,,,,非対称シフト線形方程式のためのBiCGStab法に基づく数値解法,2022,日本応用数理学会
剱持 智哉,名古屋大学大学院工学研究科,,,,不連続Galerkin時間離散化手法による離散勾配法の高精度化,2021,日本応用数理学会
剱持 智哉,名古屋大学大学院工学研究科,,,,不連続Galerkin時間離散化手法による離散勾配法の高精度化,2021,日本応用数理学会
剱持 智哉,名古屋大学大学院工学研究科,,,,閉曲線に対するヘルフリッヒ流方程式の構造保存数値解法の構築,2021,日本応用数理学会
剱持 智哉,名古屋大学大学院工学研究科,,,,閉曲線に対するヘルフリッヒ流方程式の構造保存数値解法の構築,2021,日本応用数理学会
國見 昌哉,東京理科大学,,,,3値ポートフォリオ最適化問題に対するQAOAミキサーの性能比較,2025,日本応用数理学会
國見 昌哉,東京理科大学,,,,3値ポートフォリオ最適化問題に対するQAOAミキサーの性能比較,2025,日本応用数理学会
國松 淳,筑波大学,,,,複数の高次元小標本データにおけるスパース次元削減手法の検証,2024,日本応用数理学会
國松 淳,筑波大学,,,,複数の高次元小標本データにおけるスパース次元削減手法の検証,2024,日本応用数理学会
國谷 紀良,神戸大学,,,,ワクチン由来の免疫と再感染を考慮した感染症流行モデルにおける後退分岐,2024,日本応用数理学会
國谷 紀良,神戸大学,,,,ワクチン由来の免疫と再感染を考慮した感染症流行モデルにおける後退分岐,2024,日本応用数理学会
國谷 紀良,神戸大学,,,,免疫保持期間と拡散を考慮したある感染症モデルにおける進行波,2022,日本応用数理学会
國谷 紀良,神戸大学,,,,免疫保持期間と拡散を考慮したある感染症モデルにおける進行波,2022,日本応用数理学会
國府 寛司,京都大学,,,,ハイブリッド力学系における新しい分岐：ヒトの歩行・走行モデルの一般化,2024,日本応用数理学会
國府 寛司,京都大学,,,,ハイブリッド力学系における新しい分岐：ヒトの歩行・走行モデルの一般化,2024,日本応用数理学会
國府 寛司,京都大学,,,,受動歩行の脚質量に応じたフラクタルな吸引領域の変化,2024,日本応用数理学会
國府 寛司,京都大学,,,,受動歩行の脚質量に応じたフラクタルな吸引領域の変化,2024,日本応用数理学会
國府 寛司,京都大学,,,,力学系のリザバー計算：数値例とその理論,2024,日本応用数理学会
國府 寛司,京都大学,,,,力学系のリザバー計算：数値例とその理論,2024,日本応用数理学会
壺井 丈二,西日本電信電話株式会社,,,,美的評価指標を考慮した位相最適化手法の提案,2021,日本応用数理学会
壺井 丈二,西日本電信電話株式会社,,,,美的評価指標を考慮した位相最適化手法の提案,2021,日本応用数理学会
實宝 秀幸,富士通,,,,遺伝的アルゴリズムを用いた大規模混合物設計最適化手法,2022,日本応用数理学会
實宝 秀幸,富士通,,,,遺伝的アルゴリズムを用いた大規模混合物設計最適化手法,2022,日本応用数理学会
廣瀬 慧,九州大学マス・フォア・インダストリ研究所,,,,因子分析の数理と応用,2024,日本応用数理学会
廣瀬 慧,九州大学マス・フォア・インダストリ研究所,,,,因子分析の数理と応用,2024,日本応用数理学会
廣瀬 壮一,東京工業大学,,,,量子アルゴリズムを用いたトモグラフィ理論の再検討,2024,日本応用数理学会
廣瀬 壮一,東京工業大学,,,,量子アルゴリズムを用いたトモグラフィ理論の再検討,2024,日本応用数理学会
廣瀬 智也,筑波大学,,,,「折り紙制作時に生じる誤差を考慮した展開図補正法の提案」,2021,日本応用数理学会
廣瀬 智也,筑波大学,,,,「折り紙制作時に生じる誤差を考慮した展開図補正法の提案」,2021,日本応用数理学会
廣瀬 智也,筑波大学,,,,軸対称性を持つ立体折り紙の制作時に生じる誤差を考慮した展開図補正法,2022,日本応用数理学会
廣瀬 智也,筑波大学,,,,軸対称性を持つ立体折り紙の制作時に生じる誤差を考慮した展開図補正法,2022,日本応用数理学会
廣瀬 理美,東北大学,,,,細胞性粘菌の走気性の観察とモデル化,2024,日本応用数理学会
廣瀬 理美,東北大学,,,,細胞性粘菌の走気性の観察とモデル化,2024,日本応用数理学会
廣田 千明,秋田県立大学,,,,コレスキーQR分解のFPGAへの実装,2024,日本応用数理学会
廣田 千明,秋田県立大学,,,,コレスキーQR分解のFPGAへの実装,2024,日本応用数理学会
廣田 悠輔,福井大学,,,,CPUにおけるbatched BLASのためのタスクスケジューリング戦略,2021,日本応用数理学会
廣田 悠輔,福井大学,,,,CPUにおけるbatched BLASのためのタスクスケジューリング戦略,2021,日本応用数理学会
廣田 悠輔,福井大学,,,,実対称帯行列に対する分割統治法の計算量削減のための摂動処理順序の提案,2021,日本応用数理学会
廣田 悠輔,福井大学,,,,実対称帯行列に対する分割統治法の計算量削減のための摂動処理順序の提案,2021,日本応用数理学会
彭 林玉,慶應義塾大学理工学部機械工学科,,,,the total Bregman divergenceを用いた外れ値検知とそのロバスト性解析,2022,日本応用数理学会
彭 林玉,慶應義塾大学理工学部機械工学科,,,,the total Bregman divergenceを用いた外れ値検知とそのロバスト性解析,2022,日本応用数理学会
彭 林玉,慶應義塾大学,,,,オイラー・ポアンカレリダクションによるunderwater vehicleダイナミクスの定式化,2024,日本応用数理学会
彭 林玉,慶應義塾大学,,,,オイラー・ポアンカレリダクションによるunderwater vehicleダイナミクスの定式化,2024,日本応用数理学会
彭 林玉,慶應義塾大学,,,,散逸粒子動力学のStörmer--Verlet法,2022,日本応用数理学会
彭 林玉,慶應義塾大学,,,,散逸粒子動力学のStörmer--Verlet法,2022,日本応用数理学会
彭 林玉,慶應義塾大学,,,,半離散力学系の連続対称性と保存則,2021,日本応用数理学会
彭 林玉,慶應義塾大学,,,,半離散力学系の連続対称性と保存則,2021,日本応用数理学会
彭 林玉,慶應義塾大学,,,,離散ラグランジュ・ディラック力学系に基づく非ホロノミック系の変分的離散化,2024,日本応用数理学会
彭 林玉,慶應義塾大学,,,,離散ラグランジュ・ディラック力学系に基づく非ホロノミック系の変分的離散化,2024,日本応用数理学会
搗本 有望,神戸大学,,,,摩擦付き質点バネ系の非平衡熱力学モデルに対するエネルギー保存型数値解法,2021,日本応用数理学会
搗本 有望,神戸大学,,,,摩擦付き質点バネ系の非平衡熱力学モデルに対するエネルギー保存型数値解法,2021,日本応用数理学会
櫻井 咲希,お茶の水女子大学,,,,分散型時間遅れを持つBurgers方程式の時間大域解について,2022,日本応用数理学会
櫻井 咲希,お茶の水女子大学,,,,分散型時間遅れを持つBurgers方程式の時間大域解について,2022,日本応用数理学会
櫻井 鉄也,筑波大学,,,,シングルセル遺伝子発現データに対するクラスタリングのための差分進化に基づく特徴選択法,2025,日本応用数理学会
櫻井 鉄也,筑波大学,,,,シングルセル遺伝子発現データに対するクラスタリングのための差分進化に基づく特徴選択法,2025,日本応用数理学会
櫻井 鉄也,筑波大学,,,,データコラボレーション解析を用いた多機関分散fMRIデータに対する精神疾患予測,2025,日本応用数理学会
櫻井 鉄也,筑波大学,,,,データコラボレーション解析を用いた多機関分散fMRIデータに対する精神疾患予測,2025,日本応用数理学会
櫻井 鉄也,筑波大学システム情報系,,,,モジュラリティ行列の固有値計算に基づいた次元削減手法とそのマテリアルズインフォマティクスへの応用,2024,日本応用数理学会
櫻井 鉄也,筑波大学システム情報系,,,,モジュラリティ行列の固有値計算に基づいた次元削減手法とそのマテリアルズインフォマティクスへの応用,2024,日本応用数理学会
櫻沢 繁,公立はこだて未来大学,,,,Belousov Zhabotinsky反応を用いたリザバー計算の数理モデリング,2024,日本応用数理学会
櫻沢 繁,公立はこだて未来大学,,,,Belousov Zhabotinsky反応を用いたリザバー計算の数理モデリング,2024,日本応用数理学会
櫻沢 繁,公立はだて未来大学,,,,Belousov-Zhabotinsky反応を用いたsin波を生成するレザバー計算の提案とシミュレーション,2021,日本応用数理学会
櫻沢 繁,公立はだて未来大学,,,,Belousov-Zhabotinsky反応を用いたsin波を生成するレザバー計算の提案とシミュレーション,2021,日本応用数理学会
櫻沢 繁,公立はこだて未来大学システム情報科学部,,,,環境の感知と運動の制御を同時に行う化学反応系ロボットの数理モデリング,2022,日本応用数理学会
櫻沢 繁,公立はこだて未来大学システム情報科学部,,,,環境の感知と運動の制御を同時に行う化学反応系ロボットの数理モデリング,2022,日本応用数理学会
殷 俊鋒,同済大学,,,,An orthogonal randomized Bregman projection method for linearly constrained optimization problems,2025,日本応用数理学会
殷 俊鋒,同済大学,,,,An orthogonal randomized Bregman projection method for linearly constrained optimization problems,2025,日本応用数理学会
澤 正憲,神戸大学,,,,ガウス積分に対する有理的qudrature公式の存在性について,2022,日本応用数理学会
澤 正憲,神戸大学,,,,ガウス積分に対する有理的qudrature公式の存在性について,2022,日本応用数理学会
澤 拓郎,豊田工業高等専門学校,,,,面光源の照射角に伴う立体影の幾何的形状と面積の変化に関する可視化手法の開発,2024,日本応用数理学会
澤 拓郎,豊田工業高等専門学校,,,,面光源の照射角に伴う立体影の幾何的形状と面積の変化に関する可視化手法の開発,2024,日本応用数理学会
澤原 水月,芝浦工業大学,,,,離散時間最大値に依存する金融商品のデルタの計算,2024,日本応用数理学会
澤原 水月,芝浦工業大学,,,,離散時間最大値に依存する金融商品のデルタの計算,2024,日本応用数理学会
澤田 清,流通科学大学,,,,完全Ｋ分木型連結ピン組織構造の最上位メンバーと下位層Ｋメンバーとの間に伝達長の大きい関係を追加するモデル,2022,日本応用数理学会
澤田 清,流通科学大学,,,,完全Ｋ分木型連結ピン組織構造の最上位メンバーと下位層Ｋメンバーとの間に伝達長の大きい関係を追加するモデル,2022,日本応用数理学会
濱口 雄史,京都大学,,,,確率Volterra方程式に関する最適制御と大域的最大原理,2025,日本応用数理学会
濱口 雄史,京都大学,,,,確率Volterra方程式に関する最適制御と大域的最大原理,2025,日本応用数理学会
爲賀 雅彦,株式会社　アースライズカンパニー,,,,水底地形の作成に関する計測とデータ解析手法および解析結果についての考察,2021,日本応用数理学会
爲賀 雅彦,株式会社　アースライズカンパニー,,,,水底地形の作成に関する計測とデータ解析手法および解析結果についての考察,2021,日本応用数理学会
爲賀 雅彦,株式会社　アースライズカンパニー,,,,船体の運動にともなう測位ー測深誤差の補正手法に関する考察,2022,日本応用数理学会
爲賀 雅彦,株式会社　アースライズカンパニー,,,,船体の運動にともなう測位ー測深誤差の補正手法に関する考察,2022,日本応用数理学会
眞鍋 尚,みずほリサーチ & テクノロジーズ　株式会社,,,,弾性変形を考慮した浮体の運動方程式における流体力の検討,2022,日本応用数理学会
眞鍋 尚,みずほリサーチ & テクノロジーズ　株式会社,,,,弾性変形を考慮した浮体の運動方程式における流体力の検討,2022,日本応用数理学会
礒島 伸,法政大学,,,,中心差分に基づく符号付き超離散非線形バネ方程式の解析,2024,日本応用数理学会
礒島 伸,法政大学,,,,中心差分に基づく符号付き超離散非線形バネ方程式の解析,2024,日本応用数理学会
礒島 伸,法政大学理工学部,,,,離散対数関数とリャプノフ関数について,2022,日本応用数理学会
礒島 伸,法政大学理工学部,,,,離散対数関数とリャプノフ関数について,2022,日本応用数理学会
礒島 隆史,理化学研究所 開拓研究本部,,,,2次元光双安定素子の波面伝播とその応用：迷路探索から時空間カオスまで,2022,日本応用数理学会
礒島 隆史,理化学研究所 開拓研究本部,,,,2次元光双安定素子の波面伝播とその応用：迷路探索から時空間カオスまで,2022,日本応用数理学会
礒島 隆史,理化学研究所,,,,遅延微分方程式に基づく馴化の数理モデルとその入力感受性に関する考察,2025,日本応用数理学会
礒島 隆史,理化学研究所,,,,遅延微分方程式に基づく馴化の数理モデルとその入力感受性に関する考察,2025,日本応用数理学会
齋藤 一弥,筑波大学,,,,正多面体型スピンクラスターの示す温度誘起相転移様挙動,2022,日本応用数理学会
齋藤 一弥,筑波大学,,,,正多面体型スピンクラスターの示す温度誘起相転移様挙動,2022,日本応用数理学会
齋藤 雅子,宇都宮大学,,,,ネットワーク上のSIRモデルにおける感染率と最大感染者数の関係,2025,日本応用数理学会
齋藤 雅子,宇都宮大学,,,,ネットワーク上のSIRモデルにおける感染率と最大感染者数の関係,2025,日本応用数理学会
齋藤 渓,日本大学,,,,規則的なlong edgeを追加した格子模型における量子探索の探索時間の解析的な評価,2025,日本応用数理学会
齋藤 渓,日本大学,,,,規則的なlong edgeを追加した格子模型における量子探索の探索時間の解析的な評価,2025,日本応用数理学会
齋藤 元気,芝浦工業大学,,,,超離散ハングリーロトカ・ボルテラ系と超離散ハングリー戸田方程式を用いたmin-plus代数上の固有値計算,2022,日本応用数理学会
齋藤 元気,芝浦工業大学,,,,超離散ハングリーロトカ・ボルテラ系と超離散ハングリー戸田方程式を用いたmin-plus代数上の固有値計算,2022,日本応用数理学会
齋藤 匠真,福島大学大学院共生システム理工学研究科,,,,グラフ・ネットワーク上のラプラシアンの固有値問題,2022,日本応用数理学会
齋藤 匠真,福島大学大学院共生システム理工学研究科,,,,グラフ・ネットワーク上のラプラシアンの固有値問題,2022,日本応用数理学会
齋藤 歩,山形大学大学院理工学研究科,,,,EFG型鞍点問題に対する改良型変数低減法の収束特性,2021,日本応用数理学会
齋藤 歩,山形大学大学院理工学研究科,,,,EFG型鞍点問題に対する改良型変数低減法の収束特性,2021,日本応用数理学会
齋藤 歩,山形大学,,,,HTS薄膜内遮蔽電流密度解析で現れる連立一次方程式の高速数値解法 -H行列に基づく前処理法の開発-,2021,日本応用数理学会
齋藤 歩,山形大学,,,,HTS薄膜内遮蔽電流密度解析で現れる連立一次方程式の高速数値解法 -H行列に基づく前処理法の開発-,2021,日本応用数理学会
齋藤 歩,山形大学,,,,クラックなしHTS薄膜の遮蔽電流解析に現れる連立一次方程式の高速解法：修正ICCGH法の性能評価,2024,日本応用数理学会
齋藤 歩,山形大学,,,,クラックなしHTS薄膜の遮蔽電流解析に現れる連立一次方程式の高速解法：修正ICCGH法の性能評価,2024,日本応用数理学会
齋藤 歩,山形大学大学院理工学研究科,,,,画像再構成問題に現れる鞍点型連立一次方程式に対するブロック構造を利用した前処理の適用とその性能評価,2021,日本応用数理学会
齋藤 歩,山形大学大学院理工学研究科,,,,画像再構成問題に現れる鞍点型連立一次方程式に対するブロック構造を利用した前処理の適用とその性能評価,2021,日本応用数理学会
齋藤 歩,山形大学,,,,拡張MTDM法の電磁波伝播問題への適用,2022,日本応用数理学会
齋藤 歩,山形大学,,,,拡張MTDM法の電磁波伝播問題への適用,2022,日本応用数理学会
齋藤 歩,山形大学,,,,超伝導リニア加速システムのFEMシミュレーション：電磁石電流がペレット速度に及ぼす影響,2022,日本応用数理学会
齋藤 歩,山形大学,,,,超伝導リニア加速システムのFEMシミュレーション：電磁石電流がペレット速度に及ぼす影響,2022,日本応用数理学会
齋藤 歩,山形大学,,,,超伝導リニア加速システムの数値シミュレーション：電磁石の形状最適化,2021,日本応用数理学会
齋藤 歩,山形大学,,,,超伝導リニア加速システムの数値シミュレーション：電磁石の形状最適化,2021,日本応用数理学会
齋藤 歩,山形大学,,,,超伝導リニア加速システムの電磁石形状最適化,2024,日本応用数理学会
齋藤 歩,山形大学,,,,超伝導リニア加速システムの電磁石形状最適化,2024,日本応用数理学会
齋藤 倫太郎,東京理科大学大学院,,,,ネットワーク上のワクチン接種効果を考慮した2株感染症モデルの大域的漸近安定性,2024,日本応用数理学会
齋藤 倫太郎,東京理科大学大学院,,,,ネットワーク上のワクチン接種効果を考慮した2株感染症モデルの大域的漸近安定性,2024,日本応用数理学会
縣 亮一郎,海洋研究開発機構,,,,アイコナル方程式に基づく地震波到達時間計算の物理情報深層学習におけるスペクトルバイアス,2024,日本応用数理学会
縣 亮一郎,海洋研究開発機構,,,,アイコナル方程式に基づく地震波到達時間計算の物理情報深層学習におけるスペクトルバイアス,2024,日本応用数理学会
縣 亮一郎,海洋研究開発機構,,,,転位の形状不変性と物理深層学習を用いた地殻変動観測からの地震断層推定,2025,日本応用数理学会
縣 亮一郎,海洋研究開発機構,,,,転位の形状不変性と物理深層学習を用いた地殻変動観測からの地震断層推定,2025,日本応用数理学会
縣 亮一郎,海洋研究開発機構,,,,物理情報深層学習に基づく関数空間での事前分布に着目した偏微分方程式パラメータのベイズ推定,2025,日本応用数理学会
縣 亮一郎,海洋研究開発機構,,,,物理情報深層学習に基づく関数空間での事前分布に着目した偏微分方程式パラメータのベイズ推定,2025,日本応用数理学会
繆 樹鑫,西北師範大学,,,,An orthogonal randomized Bregman projection method for linearly constrained optimization problems,2025,日本応用数理学会
繆 樹鑫,西北師範大学,,,,An orthogonal randomized Bregman projection method for linearly constrained optimization problems,2025,日本応用数理学会
萬代 武史,大阪電気通信大学,,,,Parseval Frame に関する不等式について,2021,日本応用数理学会
萬代 武史,大阪電気通信大学,,,,Parseval Frame に関する不等式について,2021,日本応用数理学会
萬代 武史,大阪電気通信大学,,,,Parseval Frame に関する不等式について２,2022,日本応用数理学会
萬代 武史,大阪電気通信大学,,,,Parseval Frame に関する不等式について２,2022,日本応用数理学会
萬代 武史,大阪電気通信大学,,,,フーリエ・メリン変換を用いたスケールパラメータと平行移動パラメータの推定,2021,日本応用数理学会
萬代 武史,大阪電気通信大学,,,,フーリエ・メリン変換を用いたスケールパラメータと平行移動パラメータの推定,2021,日本応用数理学会
萬代 武史,大阪電気通信大学,,,,連続ウェーブレット変換による音声信号の拡大率を判定する試み,2022,日本応用数理学会
萬代 武史,大阪電気通信大学,,,,連続ウェーブレット変換による音声信号の拡大率を判定する試み,2022,日本応用数理学会
蔡 姝婷,福建江夏学院,,,,定常Kolmogorov問題の対称性破壊分岐点に対する精度保証付き数値計算,2021,日本応用数理学会
蔡 姝婷,福建江夏学院,,,,定常Kolmogorov問題の対称性破壊分岐点に対する精度保証付き数値計算,2021,日本応用数理学会
藪野 浩司,筑波大学,,,,データ駆動型連成自励発振レゾネータによる高感度質量計測,2024,日本応用数理学会
藪野 浩司,筑波大学,,,,データ駆動型連成自励発振レゾネータによる高感度質量計測,2024,日本応用数理学会
藪野 浩司,筑波大学大学院,,,,自励発振させたマイクロカンチレバーの実験的な非線形特性の制御,2022,日本応用数理学会
藪野 浩司,筑波大学大学院,,,,自励発振させたマイクロカンチレバーの実験的な非線形特性の制御,2022,日本応用数理学会
藪野 浩司,筑波大学,,,,片持ち弾性送水管に生じる自励振動の実験による複素振動モードの抽出,2021,日本応用数理学会
藪野 浩司,筑波大学,,,,片持ち弾性送水管に生じる自励振動の実験による複素振動モードの抽出,2021,日本応用数理学会
賈 伊陽,日本女子大学,,,,3Dプリントによる折り畳み式双安定性折り紙構造体の制作,2024,日本応用数理学会
賈 伊陽,日本女子大学,,,,3Dプリントによる折り畳み式双安定性折り紙構造体の制作,2024,日本応用数理学会
賈 伊陽,成蹊大学,,,,Logical Matrix Representations in Map Folding,2021,日本応用数理学会
賈 伊陽,成蹊大学,,,,Logical Matrix Representations in Map Folding,2021,日本応用数理学会
賈 伊陽,東京都市大学,,,,環状帯折りに対する考察,2025,日本応用数理学会
賈 伊陽,東京都市大学,,,,環状帯折りに対する考察,2025,日本応用数理学会
賈 伊陽,成蹊大学,,,,地図折りに基づくブール行列演算子代数の構築,2022,日本応用数理学会
賈 伊陽,成蹊大学,,,,地図折りに基づくブール行列演算子代数の構築,2022,日本応用数理学会
賈 伊陽,日本女子大学,,,,与えられた半順序に従った地図の折り畳み状態の存在性,2024,日本応用数理学会
賈 伊陽,日本女子大学,,,,与えられた半順序に従った地図の折り畳み状態の存在性,2024,日本応用数理学会
趙 希禄,埼玉工業大学,,,,折紙構造を可能とする部分加熱捩じり加工法の特徴,2021,日本応用数理学会
趙 希禄,埼玉工業大学,,,,折紙構造を可能とする部分加熱捩じり加工法の特徴,2021,日本応用数理学会
趙 仁傑,名古屋大学,,,,非対称シフト線形方程式のためのBiCGStab法に基づく数値解法,2022,日本応用数理学会
趙 仁傑,名古屋大学,,,,非対称シフト線形方程式のためのBiCGStab法に基づく数値解法,2022,日本応用数理学会
趙 亮,京都大学,,,,不都合な議員定数,2024,日本応用数理学会
趙 亮,京都大学,,,,不都合な議員定数,2024,日本応用数理学会
關戸 啓人,大阪成蹊大学,,,,フィボナッチ数の2乗を用いた整数の表現,2022,日本応用数理学会
關戸 啓人,大阪成蹊大学,,,,フィボナッチ数の2乗を用いた整数の表現,2022,日本応用数理学会
關戸 啓人,大阪成蹊大学,,,,分散共分散行列の逆行列の対角成分の逆数の高精度計算から拡張版 Lotka-Volterra 方程式へ,2025,日本応用数理学会
關戸 啓人,大阪成蹊大学,,,,分散共分散行列の逆行列の対角成分の逆数の高精度計算から拡張版 Lotka-Volterra 方程式へ,2025,日本応用数理学会
關根 惟敏,静岡大学,,,,球面2次Bezier曲線のG2接続とその有理化,2021,日本応用数理学会
關根 惟敏,静岡大学,,,,球面2次Bezier曲線のG2接続とその有理化,2021,日本応用数理学会
關根 惟敏,静岡大学,,,,球面κ-曲線の初期値推定のための地図投影法の利用,2022,日本応用数理学会
關根 惟敏,静岡大学,,,,球面κ-曲線の初期値推定のための地図投影法の利用,2022,日本応用数理学会
齊藤 宣一,東京大学大学院数理科学研究科,,,,Hamilton-Jacobi-Bellman方程式に対する風上差分法の収束証明,2021,日本応用数理学会
齊藤 宣一,東京大学大学院数理科学研究科,,,,Hamilton-Jacobi-Bellman方程式に対する風上差分法の収束証明,2021,日本応用数理学会
齊藤 宣一,東京大学大学院数理科学研究科,,,,ガウス過程回帰とモンテカルロ法を用いた偏微分方程式の数値計算,2024,日本応用数理学会
齊藤 宣一,東京大学大学院数理科学研究科,,,,ガウス過程回帰とモンテカルロ法を用いた偏微分方程式の数値計算,2024,日本応用数理学会
齊藤 宣一,東京大学,,,,局所的な結合項を持つ平均場ゲーム方程式に対する一般化された条件付き勾配法について,2024,日本応用数理学会
齊藤 宣一,東京大学,,,,局所的な結合項を持つ平均場ゲーム方程式に対する一般化された条件付き勾配法について,2024,日本応用数理学会
齊藤 宣一,東京大学大学院数理科学研究科,,,,平均場ゲーム方程式のCole-Hopf変換とFictitiou Play反復による数値計算,2022,日本応用数理学会
齊藤 宣一,東京大学大学院数理科学研究科,,,,平均場ゲーム方程式のCole-Hopf変換とFictitiou Play反復による数値計算,2022,日本応用数理学会
齊藤 優輝,早稲田大学基幹理工学研究科数学応用数理専攻,,,,遅延van der Pol-Duffing方程式に対する逆分岐図を用いた分数調波解の解析,2021,日本応用数理学会
齊藤 優輝,早稲田大学基幹理工学研究科数学応用数理専攻,,,,遅延van der Pol-Duffing方程式に対する逆分岐図を用いた分数調波解の解析,2021,日本応用数理学会
齊藤 優輝,早稲田大学,,,,遅延van der Pol-Duffing方程式の非周期解の数値計算,2021,日本応用数理学会
齊藤 優輝,早稲田大学,,,,遅延van der Pol-Duffing方程式の非周期解の数値計算,2021,日本応用数理学会
齊木 吉隆,一橋大学,,,,Littlewood-Paley分解の数学理論に立脚したリザバーコンピューティングの実装,2024,日本応用数理学会
齊木 吉隆,一橋大学,,,,Littlewood-Paley分解の数学理論に立脚したリザバーコンピューティングの実装,2024,日本応用数理学会
齊木 吉隆,一橋大学,,,,RfR法によるデータ駆動力学系モデルの幾何学的構造解析,2025,日本応用数理学会
齊木 吉隆,一橋大学,,,,RfR法によるデータ駆動力学系モデルの幾何学的構造解析,2025,日本応用数理学会
齊木 吉隆,一橋大学,,,,リザーバーコンピューティングの高次元空間における力学系構造解析,2025,日本応用数理学会
齊木 吉隆,一橋大学,,,,リザーバーコンピューティングの高次元空間における力学系構造解析,2025,日本応用数理学会
齊木 吉隆,一橋大学,,,,小さな変化が（カオスによらず）大きな影響をもたらす場合について,2025,日本応用数理学会
齊木 吉隆,一橋大学,,,,小さな変化が（カオスによらず）大きな影響をもたらす場合について,2025,日本応用数理学会
齊木 吉隆,一橋大学大学院 経営管理研究科経営管理専攻,,,,偏った時系列データを用いた機械学習による時間発展モデリング,2024,日本応用数理学会
齊木 吉隆,一橋大学大学院 経営管理研究科経営管理専攻,,,,偏った時系列データを用いた機械学習による時間発展モデリング,2024,日本応用数理学会
𠮷田 悠一,国立情報学研究所,,,,染色体立体構造の記述子とその数理的解釈,2024,日本応用数理学会
𠮷田 悠一,国立情報学研究所,,,,染色体立体構造の記述子とその数理的解釈,2024,日本応用数理学会
德田 有矢,京都大学,,,,Gromov-Wasserstein最適輸送理論を用いたオミクスデータ種差解析,2024,日本応用数理学会
德田 有矢,京都大学,,,,Gromov-Wasserstein最適輸送理論を用いたオミクスデータ種差解析,2024,日本応用数理学会
曺 永和,北海道大学,,,,固体境界が埋め込まれたナビエ・ストークス方程式と画像データ駆動流れシミュレーションへの応用,2025,日本応用数理学会
曺 永和,北海道大学,,,,固体境界が埋め込まれたナビエ・ストークス方程式と画像データ駆動流れシミュレーションへの応用,2025,日本応用数理学会
桒田 拓海,電気通信大学,,,,混合整数半正定値計画問題に対する2次錐カットアルゴリズム,2025,日本応用数理学会
桒田 拓海,電気通信大学,,,,混合整数半正定値計画問題に対する2次錐カットアルゴリズム,2025,日本応用数理学会
桒島 史欣,追手門学院大学,,,,カオス超越性を用いたレーザーカオスによるTHｚ波の出力,2025,日本応用数理学会
桒島 史欣,追手門学院大学,,,,カオス超越性を用いたレーザーカオスによるTHｚ波の出力,2025,日本応用数理学会
桒島 史欣,福井工業大学,,,,光ビートの効率解析によるレーザーカオスにおけるモードの同時性の証明,2022,日本応用数理学会
桒島 史欣,福井工業大学,,,,光ビートの効率解析によるレーザーカオスにおけるモードの同時性の証明,2022,日本応用数理学会
⾕  正彦,福井⼤遠⾚セ,,,,レーザーカオスにおけるのモードの同時性,2021,日本応用数理学会
⾕  正彦,福井⼤遠⾚セ,,,,レーザーカオスにおけるのモードの同時性,2021,日本応用数理学会
赵 达,京都大学大学院情報学研究科,,,,Perfect State Transfer on ordered Hamming scheme of arbitrary depth,2022,日本応用数理学会
赵 达,京都大学大学院情報学研究科,,,,Perfect State Transfer on ordered Hamming scheme of arbitrary depth,2022,日本応用数理学会
髙山 侑也,株式会社ニコン　横浜製作所,,,,グラフ波動関数を用いたグラフ復元,2022,日本応用数理学会
髙山 侑也,株式会社ニコン　横浜製作所,,,,グラフ波動関数を用いたグラフ復元,2022,日本応用数理学会
髙山 侑也,株式会社ニコン　横浜製作所,,,,離散点の幾何を用いた機械学習手法の統合的理解,2022,日本応用数理学会
髙山 侑也,株式会社ニコン　横浜製作所,,,,離散点の幾何を用いた機械学習手法の統合的理解,2022,日本応用数理学会
髙市 康平,九州工業大学,,,,整数化した4次元Lorenz-Stenflo方程式を用いた擬似乱数ビット列共有手法における同期に関する一考察,2025,日本応用数理学会
髙市 康平,九州工業大学,,,,整数化した4次元Lorenz-Stenflo方程式を用いた擬似乱数ビット列共有手法における同期に関する一考察,2025,日本応用数理学会
髙瀬 裕志,九州大学,,,,一階対称双曲型方程式における波源項決定逆問題,2022,日本応用数理学会
髙瀬 裕志,九州大学,,,,一階対称双曲型方程式における波源項決定逆問題,2022,日本応用数理学会
髙田 雅美,奈良女子大学,,,,主成分分析のためのOQDS法の実装方法の提案,2024,日本応用数理学会
髙田 雅美,奈良女子大学,,,,主成分分析のためのOQDS法の実装方法の提案,2024,日本応用数理学会
髙田 雅美,奈良女子大学,,,,特異値と片側の特異ベクトルを利用した最小二乗法による特異ベクトル計算について,2025,日本応用数理学会
髙田 雅美,奈良女子大学,,,,特異値と片側の特異ベクトルを利用した最小二乗法による特異ベクトル計算について,2025,日本応用数理学会